step,loss,lr
1,0.00644385,0.0000904604
2,0.00639009,0.0000654854
3,0.00634553,0.0000346146
4,0.00631491,0.0000096396
5,0.00629950,0.0000001000
