model,mae,mae_normalized,obo,last_loss,steps,summary_path
transrac,11.504076957702637,0.831171452999115,0.09271523178807947,0.07996614277362823,2000.0,transrac_replication\experiments\transrac_full_test\summary.json
zhang,11.17696762084961,0.9997625350952148,0.07947019867549669,0.12549404799938202,2000.0,transrac_replication\experiments\baselines_full_test\zhang\summary.json
repnet,11.139041900634766,1.048633337020874,0.059602649006622516,0.12392933666706085,2000.0,transrac_replication\experiments\baselines_full_test\repnet\summary.json
