method,n_videos,mae_norm_p1,obo
Phase_vote,152,0.4356219878580908,0.2697368421052631
FSM_baseline,152,0.4453176516730346,0.4934210526315789
RepNet_external,152,0.48847035809673484,0.32894736842105265
TransRAC_official_ckpt,152,0.5826176742925063,0.28289473684210525
Phase_native_online,152,0.6686193708449094,0.1578947368421052
Zhang_external_resnext101,152,0.8704920637518953,0.3355263157894737
