video,gt_count,pred_count,best_stride,best_conf,abs_err,is_obo,norm_err,norm_err_p1
train3344.mp4,14.0,10.588234901428223,1,0.8296106457710266,3.4117650985717773,False,0.24369750704084123,0.2419691559270764
stu8_42.mp4,6.0,6.875898838043213,3,0.7936544418334961,0.8758988380432129,True,0.1459831396738688,0.14358997344970703
stu2_39.mp4,6.0,4.444537162780762,3,0.793621301651001,1.5554628372192383,False,0.25924380620320636,0.2549939077408587
train151.mp4,3.0,1.5138888359069824,1,0.5426198840141296,1.4861111640930176,False,0.49537038803100586,0.4793906980945218
train1615.mp4,10.0,8.533333778381348,2,0.9931615591049194,1.4666662216186523,False,0.14666662216186524,0.14521447738798537
