video,gt_count,pred_count,error,abs_err,is_obo,norm_err,norm_err_p1
train3344.mp4,14.0,16.0,,2.0,False,0.14285714285714285,0.14184397163120568
stu8_42.mp4,6.0,8.0,,2.0,False,0.3333333333333333,0.3278688524590164
