step,loss,lr
1,0.00599191,0.0000001000
