step,loss,lr
1,0.00750059,0.0000904604
2,0.00739901,0.0000654854
3,0.00731222,0.0000346146
4,0.00725234,0.0000096396
5,0.00722173,0.0000001000
