method,split,n_videos,mae,rmse,oboa,mae_norm,mae_norm_p1,event_precision,event_recall,event_f1,event_tp,event_fp,event_fn
baseline_fsm,overall,152,7.059210526315789,12.888948754650242,0.4934210526315789,0.392517484922331,0.44531765167303466,0.4397870924817033,0.2691368078175896,0.33392270775448346,661,842,1795
baseline_fsm,test,152,7.059210526315789,12.888948754650242,0.4934210526315789,0.392517484922331,0.44531765167303466,0.4397870924817033,0.2691368078175896,0.33392270775448346,661,842,1795
phase_native_online_phase_crossing,overall,152,6.6381578947368425,9.261905567260017,0.15789473684210525,0.5617655120359342,0.6686193708449094,0.5560596241088788,0.3493485342019544,0.4291072768192048,858,685,1598
phase_native_online_phase_crossing,test,152,6.6381578947368425,9.261905567260017,0.15789473684210525,0.5617655120359342,0.6686193708449094,0.5560596241088788,0.3493485342019544,0.4291072768192048,858,685,1598
proposed_phase_vote,overall,152,6.4868421052631575,9.722464491551188,0.26973684210526316,0.4432905606852926,0.43562198785809086,0.5318302387267905,0.3265472312703583,0.40464177598385476,802,706,1654
proposed_phase_vote,test,152,6.4868421052631575,9.722464491551188,0.26973684210526316,0.4432905606852926,0.43562198785809086,0.5318302387267905,0.3265472312703583,0.40464177598385476,802,706,1654
