method,split,n_videos,mae,rmse,oboa,mae_norm,mae_norm_p1,event_precision,event_recall,event_f1,event_tp,event_fp,event_fn
baseline_fsm,overall,53,5.2075471698113205,11.320377352201048,0.6415094339622641,0.30023905636048126,0.29383089193824147,0.04279279279279279,0.027777777777777776,0.03368794326241135,19,425,665
baseline_fsm,test,53,5.2075471698113205,11.320377352201048,0.6415094339622641,0.30023905636048126,0.29383089193824147,0.04279279279279279,0.027777777777777776,0.03368794326241135,19,425,665
phase_native_online_phase_crossing,overall,53,6.132075471698113,7.766643722804667,0.1320754716981132,0.6847654936097325,0.665669038947608,0.36790123456790125,0.21783625730994152,0.2736455463728191,149,256,535
phase_native_online_phase_crossing,test,53,6.132075471698113,7.766643722804667,0.1320754716981132,0.6847654936097325,0.665669038947608,0.36790123456790125,0.21783625730994152,0.2736455463728191,149,256,535
proposed_phase_vote,overall,53,4.056603773584905,6.634671651598766,0.39622641509433965,0.36851532412117693,0.35944457876724867,0.19206680584551147,0.13450292397660818,0.1582115219260533,92,387,592
proposed_phase_vote,test,53,4.056603773584905,6.634671651598766,0.39622641509433965,0.36851532412117693,0.35944457876724867,0.19206680584551147,0.13450292397660818,0.1582115219260533,92,387,592
