step,loss,lr
1,0.12632284,0.0001000000
2,0.13060246,0.0001000000
3,0.14863890,0.0001000000
4,0.16744772,0.0001000000
5,0.15100582,0.0001000000
6,0.15101378,0.0001000000
7,0.14144385,0.0001000000
8,0.15172809,0.0000999999
9,0.14264938,0.0000999999
10,0.12921980,0.0000999999
11,0.12568189,0.0000999999
12,0.18815216,0.0000999999
13,0.12924716,0.0000999998
14,0.11274074,0.0000999998
15,0.10429900,0.0000999998
16,0.10012701,0.0000999998
17,0.09361133,0.0000999997
18,0.08238694,0.0000999997
19,0.39500251,0.0000999997
20,0.20208657,0.0000999996
21,0.77172667,0.0000999996
22,0.13332623,0.0000999995
23,0.06940889,0.0000999995
24,0.06956952,0.0000999994
25,0.13621616,0.0000999994
26,0.14810610,0.0000999993
27,0.05051786,0.0000999993
28,0.09022278,0.0000999992
29,0.04599963,0.0000999992
30,0.07002430,0.0000999991
31,0.05946479,0.0000999991
32,0.11555124,0.0000999990
33,0.05382710,0.0000999990
34,0.06302159,0.0000999989
35,0.05641413,0.0000999988
36,0.06825399,0.0000999988
37,0.10805723,0.0000999987
38,0.08647184,0.0000999986
39,0.10140842,0.0000999985
40,0.12702733,0.0000999985
41,0.07691739,0.0000999984
42,0.07786537,0.0000999983
43,0.12121244,0.0000999982
44,0.04719687,0.0000999981
45,0.27079272,0.0000999981
46,0.08591244,0.0000999980
47,0.07500449,0.0000999979
48,0.07017149,0.0000999978
49,0.11713172,0.0000999977
50,0.15928864,0.0000999976
51,0.08494498,0.0000999975
52,0.13443992,0.0000999974
53,0.35762456,0.0000999973
54,0.08840066,0.0000999972
55,0.08433442,0.0000999971
56,0.06432625,0.0000999970
57,0.29761285,0.0000999969
58,0.13826142,0.0000999968
59,0.17471433,0.0000999966
60,0.09611902,0.0000999965
61,0.07281484,0.0000999964
62,0.10110492,0.0000999963
63,0.06478830,0.0000999962
64,0.13841936,0.0000999961
65,0.07424643,0.0000999959
66,0.13615930,0.0000999958
67,0.06400452,0.0000999957
68,0.06244889,0.0000999955
69,0.11834009,0.0000999954
70,0.14753677,0.0000999953
71,0.05614844,0.0000999951
72,0.05803257,0.0000999950
73,0.04580621,0.0000999949
74,0.04695147,0.0000999947
75,0.09012908,0.0000999946
76,0.03959842,0.0000999944
77,0.11350450,0.0000999943
78,0.04710628,0.0000999941
79,0.12819734,0.0000999940
80,0.12114056,0.0000999938
81,0.05227454,0.0000999937
82,0.05696049,0.0000999935
83,0.17559510,0.0000999934
84,0.04020197,0.0000999932
85,0.05127426,0.0000999930
86,0.17950068,0.0000999929
87,0.11299598,0.0000999927
88,0.05721380,0.0000999925
89,0.16456944,0.0000999924
90,0.10059258,0.0000999922
91,0.23513053,0.0000999920
92,0.06345676,0.0000999919
93,0.08103008,0.0000999917
94,0.08039000,0.0000999915
95,0.14835042,0.0000999913
96,0.08110910,0.0000999911
97,0.09632106,0.0000999909
98,0.07622969,0.0000999908
99,0.12865858,0.0000999906
100,0.07087974,0.0000999904
101,0.20306735,0.0000999902
102,0.09411022,0.0000999900
103,0.09982848,0.0000999898
104,0.11839323,0.0000999896
105,0.06574565,0.0000999894
106,0.06463568,0.0000999892
107,0.06425712,0.0000999890
108,0.06763560,0.0000999888
109,0.11855584,0.0000999886
110,0.12372255,0.0000999883
111,0.06013640,0.0000999881
112,0.07823370,0.0000999879
113,0.13575499,0.0000999877
114,0.19750604,0.0000999875
115,0.07588249,0.0000999873
116,0.37614223,0.0000999870
117,0.09675650,0.0000999868
118,0.06245918,0.0000999866
119,0.07630646,0.0000999864
120,0.06172793,0.0000999861
121,0.07172956,0.0000999859
122,0.06217177,0.0000999857
123,0.04767697,0.0000999854
124,0.08166396,0.0000999852
125,0.04234000,0.0000999850
126,0.39867678,0.0000999847
127,0.18225536,0.0000999845
128,0.16282052,0.0000999842
129,0.05381145,0.0000999840
130,0.05093022,0.0000999837
131,0.07563964,0.0000999835
132,0.05458825,0.0000999832
133,0.08312789,0.0000999830
134,0.07816818,0.0000999827
135,0.04081875,0.0000999825
136,0.10247669,0.0000999822
137,0.04198460,0.0000999819
138,0.04654242,0.0000999817
139,0.04901535,0.0000999814
140,0.10692700,0.0000999811
141,0.12397289,0.0000999809
142,0.73486859,0.0000999806
143,0.30413163,0.0000999803
144,0.10033381,0.0000999800
145,0.14631793,0.0000999798
146,0.14685342,0.0000999795
147,0.09390374,0.0000999792
148,0.06137915,0.0000999789
149,0.06935313,0.0000999786
150,0.12483057,0.0000999783
151,0.07462475,0.0000999780
152,0.08653746,0.0000999778
153,0.08674438,0.0000999775
154,0.08352977,0.0000999772
155,0.08186996,0.0000999769
156,0.07575645,0.0000999766
157,0.06190383,0.0000999763
158,0.07170806,0.0000999760
159,0.07165204,0.0000999757
160,0.04400899,0.0000999754
161,0.10851934,0.0000999750
162,0.20476109,0.0000999747
163,0.05978937,0.0000999744
164,0.06094665,0.0000999741
165,0.13810687,0.0000999738
166,0.09305118,0.0000999735
167,0.10423547,0.0000999731
168,0.13040182,0.0000999728
169,0.06162632,0.0000999725
170,0.10644716,0.0000999722
171,0.05933583,0.0000999718
172,0.19992411,0.0000999715
173,0.11836701,0.0000999712
174,0.06536774,0.0000999709
175,0.08277463,0.0000999705
176,0.15241927,0.0000999702
177,0.07524193,0.0000999698
178,0.06274705,0.0000999695
179,0.08431399,0.0000999692
180,0.04639103,0.0000999688
181,0.08848679,0.0000999685
182,0.17476188,0.0000999681
183,0.04207093,0.0000999678
184,0.11121721,0.0000999674
185,0.05749968,0.0000999670
186,0.04317598,0.0000999667
187,0.05302941,0.0000999663
188,0.04122179,0.0000999660
189,0.16127013,0.0000999656
190,0.03857512,0.0000999652
191,0.03047998,0.0000999649
192,0.06327121,0.0000999645
193,0.08393335,0.0000999641
194,0.03531832,0.0000999638
195,0.12641503,0.0000999634
196,0.06699463,0.0000999630
197,0.09669039,0.0000999626
198,0.05666534,0.0000999623
199,0.05990012,0.0000999619
200,0.11569814,0.0000999615
201,0.03965972,0.0000999611
202,0.08600090,0.0000999607
203,0.05588395,0.0000999603
204,0.09837431,0.0000999599
205,0.11107063,0.0000999595
206,0.06238487,0.0000999591
207,0.06180900,0.0000999587
208,0.07582776,0.0000999583
209,0.09664283,0.0000999579
210,0.05100004,0.0000999575
211,0.06692182,0.0000999571
212,0.11657234,0.0000999567
213,0.13007522,0.0000999563
214,0.08237971,0.0000999559
215,0.07137895,0.0000999555
216,0.06709869,0.0000999551
217,0.05473359,0.0000999547
218,0.05762054,0.0000999542
219,0.73289335,0.0000999538
220,0.07089171,0.0000999534
221,0.05572299,0.0000999530
222,0.07641697,0.0000999526
223,0.13555250,0.0000999521
224,0.07200626,0.0000999517
225,0.44066143,0.0000999513
226,0.11749864,0.0000999508
227,0.08985652,0.0000999504
228,0.07610166,0.0000999500
229,0.07228879,0.0000999495
230,0.07061268,0.0000999491
231,0.25710595,0.0000999486
232,0.06265266,0.0000999482
233,0.04912917,0.0000999477
234,0.06203153,0.0000999473
235,0.08253376,0.0000999468
236,0.05151341,0.0000999464
237,0.31806749,0.0000999459
238,0.06262770,0.0000999455
239,0.15070724,0.0000999450
240,0.08064465,0.0000999445
241,0.07492613,0.0000999441
242,0.06210185,0.0000999436
243,0.06099878,0.0000999432
244,0.13388884,0.0000999427
245,0.06124382,0.0000999422
246,0.31924695,0.0000999417
247,0.07238938,0.0000999413
248,0.06386283,0.0000999408
249,0.05308640,0.0000999403
250,0.08375996,0.0000999398
251,0.13713948,0.0000999394
252,0.07703711,0.0000999389
253,0.03790705,0.0000999384
254,0.05299899,0.0000999379
255,0.13483274,0.0000999374
256,0.04354328,0.0000999369
257,0.04634112,0.0000999364
258,0.05871799,0.0000999359
259,0.14887092,0.0000999354
260,0.06477530,0.0000999349
261,0.04660346,0.0000999344
262,0.06257436,0.0000999339
263,0.13481592,0.0000999334
264,0.03422183,0.0000999329
265,0.03966621,0.0000999324
266,0.15631551,0.0000999319
267,0.10962497,0.0000999314
268,0.09585052,0.0000999309
269,0.07115485,0.0000999303
270,0.04320413,0.0000999298
271,0.06418740,0.0000999293
272,0.09472542,0.0000999288
273,0.06601606,0.0000999283
274,0.06609939,0.0000999277
275,0.14092711,0.0000999272
276,0.06824132,0.0000999267
277,0.17714554,0.0000999261
278,0.04444029,0.0000999256
279,0.09552731,0.0000999251
280,0.05324813,0.0000999245
281,0.20784903,0.0000999240
282,0.14120744,0.0000999234
283,0.12774032,0.0000999229
284,0.06409208,0.0000999224
285,0.16078916,0.0000999218
286,0.07686277,0.0000999213
287,0.08142704,0.0000999207
288,0.08870229,0.0000999202
289,0.08244082,0.0000999196
290,0.09823459,0.0000999190
291,0.06700108,0.0000999185
292,0.05650865,0.0000999179
293,0.05581889,0.0000999174
294,0.06478723,0.0000999168
295,0.04791220,0.0000999162
296,0.10285540,0.0000999157
297,0.10364925,0.0000999151
298,0.05600755,0.0000999145
299,0.04287295,0.0000999139
300,0.07871336,0.0000999134
301,0.12685369,0.0000999128
302,0.35582152,0.0000999122
303,0.15183780,0.0000999116
304,0.07514304,0.0000999110
305,0.04184773,0.0000999105
306,0.07618491,0.0000999099
307,0.05146106,0.0000999093
308,0.12321294,0.0000999087
309,0.09808025,0.0000999081
310,0.07596948,0.0000999075
311,0.05294035,0.0000999069
312,0.05143672,0.0000999063
313,0.18016779,0.0000999057
314,0.42274898,0.0000999051
315,0.05550470,0.0000999045
316,0.06599614,0.0000999039
317,0.12214532,0.0000999033
318,0.07057264,0.0000999027
319,0.05291982,0.0000999020
320,0.07960479,0.0000999014
321,0.05306603,0.0000999008
322,0.13634470,0.0000999002
323,0.06518459,0.0000998996
324,0.05760396,0.0000998990
325,0.06476404,0.0000998983
326,0.06101830,0.0000998977
327,0.03365322,0.0000998971
328,0.04543145,0.0000998964
329,0.08681646,0.0000998958
330,0.05248649,0.0000998952
331,0.11690667,0.0000998945
332,0.04207854,0.0000998939
333,0.03537625,0.0000998933
334,0.12813094,0.0000998926
335,0.09905751,0.0000998920
336,0.13015546,0.0000998913
337,0.09971483,0.0000998907
338,0.67501259,0.0000998900
339,0.04111039,0.0000998894
340,0.18608792,0.0000998887
341,0.22490871,0.0000998881
342,0.11722250,0.0000998874
343,0.06691508,0.0000998868
344,0.05891253,0.0000998861
345,0.07818919,0.0000998854
346,0.09630463,0.0000998848
347,0.05781426,0.0000998841
348,0.06951062,0.0000998834
349,0.04565984,0.0000998828
350,0.05776317,0.0000998821
351,0.03419375,0.0000998814
352,0.11435284,0.0000998807
353,0.20199670,0.0000998801
354,0.12430772,0.0000998794
355,0.25115591,0.0000998787
356,0.10473120,0.0000998780
357,0.05112568,0.0000998773
358,0.08369824,0.0000998766
359,0.04937786,0.0000998760
360,0.28116113,0.0000998753
361,0.05987548,0.0000998746
362,0.05116023,0.0000998739
363,0.07214377,0.0000998732
364,0.06042459,0.0000998725
365,0.07003646,0.0000998718
366,0.09422322,0.0000998711
367,0.08188873,0.0000998704
368,0.12096591,0.0000998697
369,0.07540557,0.0000998690
370,0.04045582,0.0000998682
371,0.05931526,0.0000998675
372,0.06614381,0.0000998668
373,0.08873861,0.0000998661
374,0.08455840,0.0000998654
375,0.07984918,0.0000998647
376,0.04324555,0.0000998639
377,0.04795527,0.0000998632
378,0.02756765,0.0000998625
379,0.14157140,0.0000998618
380,0.15104167,0.0000998610
381,0.08071072,0.0000998603
382,0.11963910,0.0000998596
383,0.12077160,0.0000998588
384,0.12903702,0.0000998581
385,0.04848020,0.0000998573
386,0.09718689,0.0000998566
387,0.06696490,0.0000998559
388,0.06530917,0.0000998551
389,0.08068269,0.0000998544
390,0.06511692,0.0000998536
391,0.05711796,0.0000998529
392,0.11527294,0.0000998521
393,0.06921183,0.0000998514
394,0.08439374,0.0000998506
395,0.04808056,0.0000998498
396,0.11093020,0.0000998491
397,0.23496003,0.0000998483
398,0.04560311,0.0000998476
399,0.11193014,0.0000998468
400,0.07224983,0.0000998460
401,0.76726878,0.0000998453
402,0.05700780,0.0000998445
403,0.36558208,0.0000998437
404,0.05656520,0.0000998429
405,0.06039404,0.0000998421
406,0.07876916,0.0000998414
407,0.09004719,0.0000998406
408,0.09879699,0.0000998398
409,0.06720070,0.0000998390
410,0.04577203,0.0000998382
411,0.07434845,0.0000998374
412,0.05280347,0.0000998366
413,0.10165457,0.0000998359
414,0.05222373,0.0000998351
415,0.11945975,0.0000998343
416,0.04730213,0.0000998335
417,0.05810679,0.0000998327
418,0.12382330,0.0000998319
419,0.09356274,0.0000998311
420,0.21622002,0.0000998302
421,0.04345337,0.0000998294
422,0.08695357,0.0000998286
423,0.31037688,0.0000998278
424,0.10521522,0.0000998270
425,0.10312673,0.0000998262
426,0.05868129,0.0000998254
427,0.15636346,0.0000998245
428,0.07231933,0.0000998237
429,0.12278196,0.0000998229
430,0.04002590,0.0000998221
431,0.04813199,0.0000998212
432,0.04660089,0.0000998204
433,0.06657352,0.0000998196
434,0.13445412,0.0000998187
435,0.03276100,0.0000998179
436,0.05994505,0.0000998171
437,0.26388291,0.0000998162
438,0.07664180,0.0000998154
439,0.05119678,0.0000998146
440,0.13416475,0.0000998137
441,0.06454806,0.0000998129
442,0.08563150,0.0000998120
443,0.08523779,0.0000998112
444,0.05675199,0.0000998103
445,0.03812984,0.0000998094
446,0.06593755,0.0000998086
447,0.05940973,0.0000998077
448,0.06286988,0.0000998069
449,0.05944802,0.0000998060
450,0.09951358,0.0000998051
451,0.05966759,0.0000998043
452,0.04822612,0.0000998034
453,0.05300305,0.0000998025
454,0.03658502,0.0000998017
455,0.04808530,0.0000998008
456,0.05618949,0.0000997999
457,0.14659670,0.0000997990
458,0.02663385,0.0000997982
459,0.04026770,0.0000997973
460,0.05259417,0.0000997964
461,0.06429832,0.0000997955
462,0.12896056,0.0000997946
463,0.15213116,0.0000997937
464,0.07035144,0.0000997928
465,0.05358363,0.0000997919
466,0.08520089,0.0000997911
467,0.06474186,0.0000997902
468,0.11824237,0.0000997893
469,0.04935719,0.0000997884
470,0.06131419,0.0000997875
471,0.04960699,0.0000997865
472,0.04939058,0.0000997856
473,0.09732534,0.0000997847
474,0.14033253,0.0000997838
475,0.16312270,0.0000997829
476,0.06627283,0.0000997820
477,0.03030382,0.0000997811
478,0.05908503,0.0000997802
479,0.05067010,0.0000997792
480,0.07490722,0.0000997783
481,0.02288390,0.0000997774
482,0.04208644,0.0000997765
483,0.05698623,0.0000997755
484,0.21374330,0.0000997746
485,0.07404868,0.0000997737
486,0.31207675,0.0000997727
487,0.06653240,0.0000997718
488,0.06842893,0.0000997709
489,0.04235448,0.0000997699
490,0.04485813,0.0000997690
491,0.07163262,0.0000997681
492,0.04328306,0.0000997671
493,0.03850760,0.0000997662
494,0.06694709,0.0000997652
495,0.37267175,0.0000997643
496,0.03952812,0.0000997633
497,0.04487331,0.0000997624
498,0.17591450,0.0000997614
499,0.14532554,0.0000997604
500,0.11985326,0.0000997595
501,0.06068221,0.0000997585
502,0.04977486,0.0000997576
503,0.08573946,0.0000997566
504,0.09001908,0.0000997556
505,0.08159322,0.0000997546
506,0.05066920,0.0000997537
507,0.07039081,0.0000997527
508,0.13017738,0.0000997517
509,0.04464949,0.0000997507
510,0.09183195,0.0000997498
511,0.05363432,0.0000997488
512,0.05656068,0.0000997478
513,0.08647965,0.0000997468
514,0.12035831,0.0000997458
515,0.08105855,0.0000997448
516,0.06623052,0.0000997439
517,0.05566318,0.0000997429
518,0.14341269,0.0000997419
519,0.07255246,0.0000997409
520,0.06836759,0.0000997399
521,0.20397234,0.0000997389
522,0.22428158,0.0000997379
523,0.05722271,0.0000997369
524,0.11507069,0.0000997359
525,0.09849766,0.0000997348
526,0.05612554,0.0000997338
527,0.08980826,0.0000997328
528,0.12923443,0.0000997318
529,0.05360997,0.0000997308
530,0.09496282,0.0000997298
531,0.06096219,0.0000997288
532,0.25330362,0.0000997277
533,0.04797150,0.0000997267
534,0.06057606,0.0000997257
535,0.08016904,0.0000997247
536,0.06169437,0.0000997236
537,0.04749030,0.0000997226
538,0.09405360,0.0000997216
539,0.04611541,0.0000997205
540,0.07789411,0.0000997195
541,0.08571666,0.0000997185
542,0.11165375,0.0000997174
543,0.05777010,0.0000997164
544,0.02045190,0.0000997153
545,0.05497284,0.0000997143
546,0.04248542,0.0000997132
547,0.04819172,0.0000997122
548,0.06167123,0.0000997111
549,0.09163912,0.0000997101
550,0.63807166,0.0000997090
551,0.11733645,0.0000997080
552,0.05325016,0.0000997069
553,0.15124042,0.0000997058
554,0.04613751,0.0000997048
555,0.07881720,0.0000997037
556,0.03018597,0.0000997026
557,0.04565021,0.0000997016
558,0.16492817,0.0000997005
559,0.17489499,0.0000996994
560,0.05662608,0.0000996983
561,0.06282948,0.0000996973
562,0.05318011,0.0000996962
563,0.06176537,0.0000996951
564,0.06646442,0.0000996940
565,0.03171931,0.0000996929
566,0.07830097,0.0000996919
567,0.09962521,0.0000996908
568,0.07304827,0.0000996897
569,0.11965667,0.0000996886
570,0.02420900,0.0000996875
571,0.13602617,0.0000996864
572,0.27337670,0.0000996853
573,0.06163348,0.0000996842
574,0.09679921,0.0000996831
575,0.15055940,0.0000996820
576,0.05908045,0.0000996809
577,0.07692046,0.0000996798
578,0.07119946,0.0000996787
579,0.08378610,0.0000996776
580,0.04808478,0.0000996764
581,0.05930574,0.0000996753
582,0.07496779,0.0000996742
583,0.05461102,0.0000996731
584,0.06861460,0.0000996720
585,0.07411636,0.0000996708
586,0.04219376,0.0000996697
587,0.06016819,0.0000996686
588,0.03227031,0.0000996675
589,0.05495269,0.0000996663
590,0.06508865,0.0000996652
591,0.05004075,0.0000996641
592,0.61141378,0.0000996629
593,0.06626499,0.0000996618
594,0.07459178,0.0000996607
595,0.09181608,0.0000996595
596,0.09457801,0.0000996584
597,0.05583018,0.0000996572
598,0.21821553,0.0000996561
599,0.20288284,0.0000996549
600,0.05254290,0.0000996538
601,0.05825295,0.0000996526
602,0.22200602,0.0000996515
603,0.06870714,0.0000996503
604,0.06507602,0.0000996491
605,0.08636089,0.0000996480
606,0.05241502,0.0000996468
607,0.06143958,0.0000996457
608,0.11616246,0.0000996445
609,0.18305990,0.0000996433
610,0.07999611,0.0000996421
611,0.02846362,0.0000996410
612,0.06143649,0.0000996398
613,0.07022283,0.0000996386
614,0.06879288,0.0000996374
615,0.03398079,0.0000996363
616,0.05368612,0.0000996351
617,0.07579315,0.0000996339
618,0.16528246,0.0000996327
619,0.02362238,0.0000996315
620,0.11724415,0.0000996303
621,0.05213030,0.0000996291
622,0.05537549,0.0000996279
623,0.08749504,0.0000996268
624,0.06623514,0.0000996256
625,0.02415424,0.0000996244
626,0.07161821,0.0000996232
627,0.06034808,0.0000996219
628,0.13544635,0.0000996207
629,0.39016724,0.0000996195
630,0.06846496,0.0000996183
631,0.06908891,0.0000996171
632,0.08191068,0.0000996159
633,0.07556692,0.0000996147
634,0.04991425,0.0000996135
635,0.03959201,0.0000996123
636,0.06608175,0.0000996110
637,0.06290205,0.0000996098
638,0.11268389,0.0000996086
639,0.03830749,0.0000996074
640,0.07353543,0.0000996061
641,0.03857067,0.0000996049
642,0.12169176,0.0000996037
643,0.04344587,0.0000996024
644,0.03669472,0.0000996012
645,0.04573951,0.0000996000
646,0.10337543,0.0000995987
647,0.05643082,0.0000995975
648,0.07016870,0.0000995962
649,0.04398676,0.0000995950
650,0.13013683,0.0000995937
651,0.05026078,0.0000995925
652,0.04323654,0.0000995912
653,0.10815896,0.0000995900
654,0.03912444,0.0000995887
655,0.05722152,0.0000995875
656,0.06322107,0.0000995862
657,0.09274681,0.0000995850
658,0.13851675,0.0000995837
659,0.03252958,0.0000995824
660,0.06382856,0.0000995812
661,0.05834906,0.0000995799
662,0.08309169,0.0000995786
663,0.03158151,0.0000995774
664,0.17085725,0.0000995761
665,0.14443271,0.0000995748
666,0.04124767,0.0000995735
667,0.08426630,0.0000995722
668,0.05489846,0.0000995710
669,0.07053928,0.0000995697
670,0.06638525,0.0000995684
671,0.11979804,0.0000995671
672,0.06339565,0.0000995658
673,0.06892828,0.0000995645
674,0.06337990,0.0000995632
675,0.18225238,0.0000995619
676,0.07194231,0.0000995606
677,0.06355157,0.0000995593
678,0.02217224,0.0000995580
679,0.07399023,0.0000995567
680,0.03736972,0.0000995554
681,0.13228954,0.0000995541
682,0.03501301,0.0000995528
683,0.14257380,0.0000995515
684,0.27085906,0.0000995502
685,0.05939303,0.0000995489
686,0.04163937,0.0000995476
687,0.09542100,0.0000995462
688,0.08546762,0.0000995449
689,0.08015166,0.0000995436
690,0.04104054,0.0000995423
691,0.04354256,0.0000995410
692,0.03042043,0.0000995396
693,0.05364740,0.0000995383
694,0.04172362,0.0000995370
695,0.05016484,0.0000995356
696,0.06987462,0.0000995343
697,0.05720441,0.0000995330
698,0.08785316,0.0000995316
699,0.06807010,0.0000995303
700,0.08332667,0.0000995289
701,0.03814071,0.0000995276
702,0.11982873,0.0000995262
703,0.13138208,0.0000995249
704,0.04418737,0.0000995235
705,0.12517364,0.0000995222
706,0.05280694,0.0000995208
707,0.06441575,0.0000995195
708,0.04838177,0.0000995181
709,0.06245340,0.0000995168
710,0.05181775,0.0000995154
711,0.15574700,0.0000995140
712,0.10074258,0.0000995127
713,0.04691427,0.0000995113
714,0.11445206,0.0000995099
715,0.22965962,0.0000995086
716,0.06376737,0.0000995072
717,0.05404043,0.0000995058
718,0.08173030,0.0000995044
719,0.06217873,0.0000995031
720,0.09046553,0.0000995017
721,0.04075073,0.0000995003
722,0.10401104,0.0000994989
723,0.04763765,0.0000994975
724,0.06396899,0.0000994961
725,0.04598995,0.0000994947
726,0.09975013,0.0000994934
727,0.04956558,0.0000994920
728,0.05712467,0.0000994906
729,0.06729616,0.0000994892
730,0.04499222,0.0000994878
731,0.07706636,0.0000994864
732,0.03087247,0.0000994850
733,0.08005673,0.0000994836
734,0.03244825,0.0000994821
735,0.04143992,0.0000994807
736,0.06818412,0.0000994793
737,0.04398302,0.0000994779
738,0.53922850,0.0000994765
739,0.10964043,0.0000994751
740,0.13558574,0.0000994737
741,0.04266405,0.0000994722
742,0.08247474,0.0000994708
743,0.04875340,0.0000994694
744,0.06621710,0.0000994680
745,0.08230142,0.0000994665
746,0.05969573,0.0000994651
747,0.04656568,0.0000994637
748,0.07928053,0.0000994622
749,0.28152585,0.0000994608
750,0.09252654,0.0000994594
751,0.06996201,0.0000994579
752,0.05236451,0.0000994565
753,0.04249411,0.0000994550
754,0.13776359,0.0000994536
755,0.08762735,0.0000994521
756,0.06948314,0.0000994507
757,0.10633398,0.0000994492
758,0.31963456,0.0000994478
759,0.04029020,0.0000994463
760,0.06493960,0.0000994449
761,0.03989464,0.0000994434
762,0.13745864,0.0000994420
763,0.05756732,0.0000994405
764,0.06213617,0.0000994390
765,0.06277597,0.0000994376
766,0.04117807,0.0000994361
767,0.07382500,0.0000994346
768,0.11028011,0.0000994332
769,0.12281391,0.0000994317
770,0.05938175,0.0000994302
771,0.05773541,0.0000994287
772,0.03486406,0.0000994272
773,0.02188396,0.0000994258
774,0.04137674,0.0000994243
775,0.06675152,0.0000994228
776,0.05223240,0.0000994213
777,0.11176806,0.0000994198
778,0.05976357,0.0000994183
779,0.04424949,0.0000994168
780,0.06084172,0.0000994153
781,0.06326471,0.0000994138
782,0.02831928,0.0000994123
783,0.08320101,0.0000994108
784,0.05589406,0.0000994093
785,0.04583241,0.0000994078
786,0.19899431,0.0000994063
787,0.05296297,0.0000994048
788,0.12404284,0.0000994033
789,0.07516491,0.0000994018
790,0.26490042,0.0000994003
791,0.03205141,0.0000993988
792,0.18089736,0.0000993972
793,0.07379768,0.0000993957
794,0.06236937,0.0000993942
795,0.05624478,0.0000993927
796,0.05527113,0.0000993912
797,0.04689778,0.0000993896
798,0.04105937,0.0000993881
799,0.05994868,0.0000993866
800,0.07468678,0.0000993850
801,0.06039003,0.0000993835
802,0.06575295,0.0000993820
803,0.05543622,0.0000993804
804,0.04847334,0.0000993789
805,0.13837713,0.0000993773
806,0.04271428,0.0000993758
807,0.44813913,0.0000993742
808,0.05379995,0.0000993727
809,0.06982246,0.0000993711
810,0.06392908,0.0000993696
811,0.05478243,0.0000993680
812,0.05716780,0.0000993665
813,0.05406038,0.0000993649
814,0.11723672,0.0000993634
815,0.10711992,0.0000993618
816,0.08352219,0.0000993602
817,0.04796660,0.0000993587
818,0.09852703,0.0000993571
819,0.07259738,0.0000993555
820,0.05650896,0.0000993540
821,0.05655211,0.0000993524
822,0.05971495,0.0000993508
823,0.06398628,0.0000993492
824,0.07665432,0.0000993477
825,0.03578557,0.0000993461
826,0.05712041,0.0000993445
827,0.25359708,0.0000993429
828,0.05089940,0.0000993413
829,0.08107693,0.0000993397
830,0.06284721,0.0000993381
831,0.06504375,0.0000993366
832,0.08235503,0.0000993350
833,0.05145893,0.0000993334
834,0.08021288,0.0000993318
835,0.08813101,0.0000993302
836,0.08444473,0.0000993286
837,0.03698724,0.0000993270
838,0.12201415,0.0000993254
839,0.06566286,0.0000993238
840,0.10400896,0.0000993221
841,0.04858787,0.0000993205
842,0.10715194,0.0000993189
843,0.04945041,0.0000993173
844,0.06194584,0.0000993157
845,0.06972329,0.0000993141
846,0.04453944,0.0000993124
847,0.03991103,0.0000993108
848,0.06264997,0.0000993092
849,0.15374725,0.0000993076
850,0.07760959,0.0000993059
851,0.03371461,0.0000993043
852,0.04656511,0.0000993027
853,0.12654448,0.0000993010
854,0.14494908,0.0000992994
855,0.03524700,0.0000992978
856,0.03725525,0.0000992961
857,0.11674657,0.0000992945
858,0.03601240,0.0000992928
859,0.17694826,0.0000992912
860,0.05820522,0.0000992896
861,0.06343143,0.0000992879
862,0.10926795,0.0000992863
863,0.07587891,0.0000992846
864,0.04461681,0.0000992829
865,0.07084411,0.0000992813
866,0.07168039,0.0000992796
867,0.04853037,0.0000992780
868,0.01763805,0.0000992763
869,0.07291524,0.0000992746
870,0.03416043,0.0000992730
871,0.06257340,0.0000992713
872,0.03957784,0.0000992696
873,0.15958327,0.0000992680
874,0.03178217,0.0000992663
875,0.05145295,0.0000992646
876,0.02421161,0.0000992629
877,0.04786607,0.0000992613
878,0.06988460,0.0000992596
879,0.06306574,0.0000992579
880,0.06560475,0.0000992562
881,0.02726322,0.0000992545
882,0.04316573,0.0000992528
883,0.03737871,0.0000992511
884,0.05997906,0.0000992495
885,0.05013895,0.0000992478
886,0.07146364,0.0000992461
887,0.04972859,0.0000992444
888,0.12896237,0.0000992427
889,0.02913529,0.0000992410
890,0.07842526,0.0000992393
891,0.05343740,0.0000992375
892,0.04506798,0.0000992358
893,0.10294373,0.0000992341
894,0.06222473,0.0000992324
895,0.08808992,0.0000992307
896,0.27411169,0.0000992290
897,0.03651858,0.0000992273
898,0.08455136,0.0000992256
899,0.04920879,0.0000992238
900,0.04054170,0.0000992221
901,0.05200016,0.0000992204
902,0.09891513,0.0000992187
903,0.03144944,0.0000992169
904,0.05878632,0.0000992152
905,0.04305299,0.0000992135
906,0.06273770,0.0000992117
907,0.07056120,0.0000992100
908,0.03655228,0.0000992083
909,0.02344218,0.0000992065
910,0.02973690,0.0000992048
911,0.06016870,0.0000992030
912,0.05996941,0.0000992013
913,0.02977053,0.0000991995
914,0.05842988,0.0000991978
915,0.05333325,0.0000991960
916,0.06540707,0.0000991943
917,0.08404414,0.0000991925
918,0.05720144,0.0000991908
919,0.09064814,0.0000991890
920,0.04411786,0.0000991872
921,0.05439323,0.0000991855
922,0.14566788,0.0000991837
923,0.07569942,0.0000991820
924,0.27330506,0.0000991802
925,0.05157566,0.0000991784
926,0.04826957,0.0000991766
927,0.03544424,0.0000991749
928,0.07127316,0.0000991731
929,0.06996770,0.0000991713
930,0.08542746,0.0000991695
931,0.04727989,0.0000991677
932,0.06699767,0.0000991660
933,0.04808483,0.0000991642
934,0.05951385,0.0000991624
935,0.07630376,0.0000991606
936,0.05858173,0.0000991588
937,0.03979065,0.0000991570
938,0.05252682,0.0000991552
939,0.09278558,0.0000991534
940,0.07839228,0.0000991516
941,0.08113830,0.0000991498
942,0.12268549,0.0000991480
943,0.08840545,0.0000991462
944,0.05618770,0.0000991444
945,0.21785846,0.0000991426
946,0.46212667,0.0000991408
947,0.08848768,0.0000991390
948,0.06423622,0.0000991372
949,0.10209440,0.0000991353
950,0.06463368,0.0000991335
951,0.08328414,0.0000991317
952,0.03631142,0.0000991299
953,0.04097060,0.0000991281
954,0.08404226,0.0000991262
955,0.06085759,0.0000991244
956,0.11614966,0.0000991226
957,0.03562040,0.0000991208
958,0.07757026,0.0000991189
959,0.09304045,0.0000991171
960,0.03291338,0.0000991152
961,0.05244040,0.0000991134
962,0.12327229,0.0000991116
963,0.04137432,0.0000991097
964,0.06254792,0.0000991079
965,0.11541384,0.0000991060
966,0.04920606,0.0000991042
967,0.06850082,0.0000991023
968,0.08528620,0.0000991005
969,0.05384021,0.0000990986
970,0.04258373,0.0000990968
971,0.13789278,0.0000990949
972,0.11396056,0.0000990931
973,0.05213610,0.0000990912
974,0.06832813,0.0000990893
975,0.07890277,0.0000990875
976,0.02772240,0.0000990856
977,0.05349765,0.0000990837
978,0.05172893,0.0000990819
979,0.03914937,0.0000990800
980,0.48859933,0.0000990781
981,0.05874571,0.0000990762
982,0.05109088,0.0000990744
983,0.04752679,0.0000990725
984,0.07752571,0.0000990706
985,0.11692788,0.0000990687
986,0.08192835,0.0000990668
987,0.11787789,0.0000990649
988,0.09407030,0.0000990630
989,0.06375034,0.0000990612
990,0.04288927,0.0000990593
991,0.09343777,0.0000990574
992,0.11000244,0.0000990555
993,0.12369729,0.0000990536
994,0.04328594,0.0000990517
995,0.06252401,0.0000990498
996,0.05979201,0.0000990479
997,0.05880490,0.0000990460
998,0.04566908,0.0000990440
999,0.20427369,0.0000990421
1000,0.04005877,0.0000990402
1001,0.05836405,0.0000990383
1002,0.04898164,0.0000990364
1003,0.03773383,0.0000990345
1004,0.04982710,0.0000990326
1005,0.04060110,0.0000990306
1006,0.02025701,0.0000990287
1007,0.05641965,0.0000990268
1008,0.08213221,0.0000990249
1009,0.12510417,0.0000990229
1010,0.03728876,0.0000990210
1011,0.05250345,0.0000990191
1012,0.02723757,0.0000990171
1013,0.06803951,0.0000990152
1014,0.19067517,0.0000990133
1015,0.04630460,0.0000990113
1016,0.05358611,0.0000990094
1017,0.12572074,0.0000990074
1018,0.06944196,0.0000990055
1019,0.19090556,0.0000990035
1020,0.05195771,0.0000990016
1021,0.03184216,0.0000989996
1022,0.05760038,0.0000989977
1023,0.04304421,0.0000989957
1024,0.03795274,0.0000989938
1025,0.08213405,0.0000989918
1026,0.03100557,0.0000989898
1027,0.02576283,0.0000989879
1028,0.05045175,0.0000989859
1029,0.04418697,0.0000989839
1030,0.02882918,0.0000989820
1031,0.03675484,0.0000989800
1032,0.07745187,0.0000989780
1033,0.05030592,0.0000989761
1034,0.03942657,0.0000989741
1035,0.03719182,0.0000989721
1036,0.09188977,0.0000989701
1037,0.10236660,0.0000989681
1038,0.04554904,0.0000989662
1039,0.02556914,0.0000989642
1040,0.04335048,0.0000989622
1041,0.04291440,0.0000989602
1042,0.04468001,0.0000989582
1043,0.06054175,0.0000989562
1044,0.04665165,0.0000989542
1045,0.04387184,0.0000989522
1046,0.07451219,0.0000989502
1047,0.03525637,0.0000989482
1048,0.04615100,0.0000989462
1049,0.04128700,0.0000989442
1050,0.04149344,0.0000989422
1051,0.06097580,0.0000989402
1052,0.03556324,0.0000989382
1053,0.05203655,0.0000989362
1054,0.05349733,0.0000989342
1055,0.04918588,0.0000989321
1056,0.11981747,0.0000989301
1057,0.04288345,0.0000989281
1058,0.05727641,0.0000989261
1059,0.03750285,0.0000989241
1060,0.06203543,0.0000989220
1061,0.06323171,0.0000989200
1062,0.02417393,0.0000989180
1063,0.03600974,0.0000989159
1064,0.07315426,0.0000989139
1065,0.03438543,0.0000989119
1066,0.04812848,0.0000989098
1067,0.08818032,0.0000989078
1068,0.10617489,0.0000989058
1069,0.05098113,0.0000989037
1070,0.07069930,0.0000989017
1071,0.06742753,0.0000988996
1072,0.03790089,0.0000988976
1073,0.03400294,0.0000988955
1074,0.16411403,0.0000988935
1075,0.03384475,0.0000988914
1076,0.16393679,0.0000988894
1077,0.04800638,0.0000988873
1078,0.09432129,0.0000988852
1079,0.02846478,0.0000988832
1080,0.17881934,0.0000988811
1081,0.03841778,0.0000988791
1082,0.02497735,0.0000988770
1083,0.05441902,0.0000988749
1084,0.04528389,0.0000988728
1085,0.06030218,0.0000988708
1086,0.02414090,0.0000988687
1087,0.05561377,0.0000988666
1088,0.05195494,0.0000988645
1089,0.04117449,0.0000988625
1090,0.03567344,0.0000988604
1091,0.04959270,0.0000988583
1092,0.41131130,0.0000988562
1093,0.10006784,0.0000988541
1094,0.04157961,0.0000988520
1095,0.07707754,0.0000988499
1096,0.04172945,0.0000988478
1097,0.05216763,0.0000988458
1098,0.04777024,0.0000988437
1099,0.05478712,0.0000988416
1100,0.04836690,0.0000988395
1101,0.05612236,0.0000988374
1102,0.04571089,0.0000988352
1103,0.06851873,0.0000988331
1104,0.04328494,0.0000988310
1105,0.09229234,0.0000988289
1106,0.06101602,0.0000988268
1107,0.06780546,0.0000988247
1108,0.07335205,0.0000988226
1109,0.05228865,0.0000988205
1110,0.07452865,0.0000988183
1111,0.04853050,0.0000988162
1112,0.03738141,0.0000988141
1113,0.05524993,0.0000988120
1114,0.02468462,0.0000988098
1115,0.10086021,0.0000988077
1116,0.08573180,0.0000988056
1117,0.12071889,0.0000988035
1118,0.05046284,0.0000988013
1119,0.03436573,0.0000987992
1120,0.10819884,0.0000987970
1121,0.05016783,0.0000987949
1122,0.11211116,0.0000987928
1123,0.04543484,0.0000987906
1124,0.05680633,0.0000987885
1125,0.06415054,0.0000987863
1126,0.04855090,0.0000987842
1127,0.03951132,0.0000987820
1128,0.03010001,0.0000987799
1129,0.04400871,0.0000987777
1130,0.06065785,0.0000987756
1131,0.04577041,0.0000987734
1132,0.09645861,0.0000987712
1133,0.03717969,0.0000987691
1134,0.05895436,0.0000987669
1135,0.03230100,0.0000987647
1136,0.03772810,0.0000987626
1137,0.02669527,0.0000987604
1138,0.07713956,0.0000987582
1139,0.10555203,0.0000987561
1140,0.06032686,0.0000987539
1141,0.05101262,0.0000987517
1142,0.04409767,0.0000987495
1143,0.04928814,0.0000987473
1144,0.06304382,0.0000987452
1145,0.03991115,0.0000987430
1146,0.02103922,0.0000987408
1147,0.04681283,0.0000987386
1148,0.02720974,0.0000987364
1149,0.05271427,0.0000987342
1150,0.13188511,0.0000987320
1151,0.02612216,0.0000987298
1152,0.05656461,0.0000987276
1153,0.04174501,0.0000987254
1154,0.05387108,0.0000987232
1155,0.07249387,0.0000987210
1156,0.04790489,0.0000987188
1157,0.14185503,0.0000987166
1158,0.03958822,0.0000987144
1159,0.04926554,0.0000987122
1160,0.08194089,0.0000987100
1161,0.09998889,0.0000987077
1162,0.03716223,0.0000987055
1163,0.02449790,0.0000987033
1164,0.05762959,0.0000987011
1165,0.03558940,0.0000986989
1166,0.04257775,0.0000986966
1167,0.07158111,0.0000986944
1168,0.06761169,0.0000986922
1169,0.05637858,0.0000986900
1170,0.07647060,0.0000986877
1171,0.06303786,0.0000986855
1172,0.04944269,0.0000986833
1173,0.03568510,0.0000986810
1174,0.09377946,0.0000986788
1175,0.06122737,0.0000986765
1176,0.04676216,0.0000986743
1177,0.18628629,0.0000986720
1178,0.04353356,0.0000986698
1179,0.04997195,0.0000986675
1180,0.42196083,0.0000986653
1181,0.05080836,0.0000986630
1182,0.03105674,0.0000986608
1183,0.05808849,0.0000986585
1184,0.06583587,0.0000986563
1185,0.05271006,0.0000986540
1186,0.03793172,0.0000986517
1187,0.03140584,0.0000986495
1188,0.03802548,0.0000986472
1189,0.06698780,0.0000986449
1190,0.05074759,0.0000986427
1191,0.05778345,0.0000986404
1192,0.05899898,0.0000986381
1193,0.05811333,0.0000986359
1194,0.05990357,0.0000986336
1195,0.02225192,0.0000986313
1196,0.03224711,0.0000986290
1197,0.03907107,0.0000986267
1198,0.06109162,0.0000986245
1199,0.03704003,0.0000986222
1200,0.04653472,0.0000986199
1201,0.06527829,0.0000986176
1202,0.08351952,0.0000986153
1203,0.04927577,0.0000986130
1204,0.06436541,0.0000986107
1205,0.03153610,0.0000986084
1206,0.02543252,0.0000986061
1207,0.07248773,0.0000986038
1208,0.02737326,0.0000986015
1209,0.03860665,0.0000985992
1210,0.05802153,0.0000985969
1211,0.02893627,0.0000985946
1212,0.14198388,0.0000985923
1213,0.05115759,0.0000985900
1214,0.21840024,0.0000985876
1215,0.04128910,0.0000985853
1216,0.05103287,0.0000985830
1217,0.07464324,0.0000985807
1218,0.06377102,0.0000985784
1219,0.11782438,0.0000985760
1220,0.03025955,0.0000985737
1221,0.04278685,0.0000985714
1222,0.04885334,0.0000985691
1223,0.06054290,0.0000985667
1224,0.02350635,0.0000985644
1225,0.13376683,0.0000985621
1226,0.04612413,0.0000985597
1227,0.03449034,0.0000985574
1228,0.09654659,0.0000985550
1229,0.06179491,0.0000985527
1230,0.04915144,0.0000985503
1231,0.04559950,0.0000985480
1232,0.04802588,0.0000985457
1233,0.04237996,0.0000985433
1234,0.04047723,0.0000985410
1235,0.03722012,0.0000985386
1236,0.06881840,0.0000985362
1237,0.01975360,0.0000985339
1238,0.06824195,0.0000985315
1239,0.02132736,0.0000985292
1240,0.08359656,0.0000985268
1241,0.09760673,0.0000985244
1242,0.03956922,0.0000985221
1243,0.06056765,0.0000985197
1244,0.04867118,0.0000985173
1245,0.02748629,0.0000985150
1246,0.03647865,0.0000985126
1247,0.05241659,0.0000985102
1248,0.03771859,0.0000985078
1249,0.05586673,0.0000985054
1250,0.05463092,0.0000985031
1251,0.05491292,0.0000985007
1252,0.02354807,0.0000984983
1253,0.03592125,0.0000984959
1254,0.03224281,0.0000984935
1255,0.05358475,0.0000984911
1256,0.06560273,0.0000984887
1257,0.04391973,0.0000984863
1258,0.08780842,0.0000984839
1259,0.05558246,0.0000984815
1260,0.03817449,0.0000984791
1261,0.03620487,0.0000984767
1262,0.10354362,0.0000984743
1263,0.08398280,0.0000984719
1264,0.05552917,0.0000984695
1265,0.05147220,0.0000984671
1266,0.04512961,0.0000984647
1267,0.06023137,0.0000984623
1268,0.03555845,0.0000984599
1269,0.05509104,0.0000984574
1270,0.03611422,0.0000984550
1271,0.02850031,0.0000984526
1272,0.03335772,0.0000984502
1273,0.04005652,0.0000984478
1274,0.07881059,0.0000984453
1275,0.04159762,0.0000984429
1276,0.03654404,0.0000984405
1277,0.03518688,0.0000984380
1278,0.04573285,0.0000984356
1279,0.06256282,0.0000984332
1280,0.06354253,0.0000984307
1281,0.06687595,0.0000984283
1282,0.03124680,0.0000984258
1283,0.04833046,0.0000984234
1284,0.03392882,0.0000984210
1285,0.04348484,0.0000984185
1286,0.06213185,0.0000984161
1287,0.13523600,0.0000984136
1288,0.06232594,0.0000984112
1289,0.04915799,0.0000984087
1290,0.04912742,0.0000984062
1291,0.04027672,0.0000984038
1292,0.04800586,0.0000984013
1293,0.19384924,0.0000983989
1294,0.04690243,0.0000983964
1295,0.02628520,0.0000983939
1296,0.05717669,0.0000983915
1297,0.07394046,0.0000983890
1298,0.05465205,0.0000983865
1299,0.04359221,0.0000983841
1300,0.06242338,0.0000983816
1301,0.03429270,0.0000983791
1302,0.04723175,0.0000983766
1303,0.19124949,0.0000983741
1304,0.04663938,0.0000983717
1305,0.05751245,0.0000983692
1306,0.04939641,0.0000983667
1307,0.04479323,0.0000983642
1308,0.07330737,0.0000983617
1309,0.03566733,0.0000983592
1310,0.06058843,0.0000983567
1311,0.06108434,0.0000983542
1312,0.02355313,0.0000983517
1313,0.04221629,0.0000983492
1314,0.03077969,0.0000983467
1315,0.02249756,0.0000983442
1316,0.08670609,0.0000983417
1317,0.05542880,0.0000983392
1318,0.04631722,0.0000983367
1319,0.01158259,0.0000983342
1320,0.06239767,0.0000983317
1321,0.08209790,0.0000983292
1322,0.38443860,0.0000983266
1323,0.04571057,0.0000983241
1324,0.07436084,0.0000983216
1325,0.06466430,0.0000983191
1326,0.07419575,0.0000983166
1327,0.03848392,0.0000983140
1328,0.06721199,0.0000983115
1329,0.05012019,0.0000983090
1330,0.05088976,0.0000983064
1331,0.10061861,0.0000983039
1332,0.05572002,0.0000983014
1333,0.05560507,0.0000982988
1334,0.03124537,0.0000982963
1335,0.08247972,0.0000982938
1336,0.07857966,0.0000982912
1337,0.03075025,0.0000982887
1338,0.06938399,0.0000982861
1339,0.02880151,0.0000982836
1340,0.07834823,0.0000982810
1341,0.03322523,0.0000982785
1342,0.05868963,0.0000982759
1343,0.03741572,0.0000982734
1344,0.05910648,0.0000982708
1345,0.03761650,0.0000982683
1346,0.03627873,0.0000982657
1347,0.06274672,0.0000982631
1348,0.03123235,0.0000982606
1349,0.05064508,0.0000982580
1350,0.05454339,0.0000982554
1351,0.04586930,0.0000982529
1352,0.04954114,0.0000982503
1353,0.04330129,0.0000982477
1354,0.17239270,0.0000982451
1355,0.04006354,0.0000982426
1356,0.04511977,0.0000982400
1357,0.03593715,0.0000982374
1358,0.03538770,0.0000982348
1359,0.05425752,0.0000982322
1360,0.41066861,0.0000982296
1361,0.07443416,0.0000982271
1362,0.03081751,0.0000982245
1363,0.15700246,0.0000982219
1364,0.05114964,0.0000982193
1365,0.01921930,0.0000982167
1366,0.02626180,0.0000982141
1367,0.01786738,0.0000982115
1368,0.03959471,0.0000982089
1369,0.04984275,0.0000982063
1370,0.04943297,0.0000982037
1371,0.05084387,0.0000982011
1372,0.03098275,0.0000981985
1373,0.03953191,0.0000981958
1374,0.05750722,0.0000981932
1375,0.08185389,0.0000981906
1376,0.03767748,0.0000981880
1377,0.03143381,0.0000981854
1378,0.04897744,0.0000981828
1379,0.05186481,0.0000981801
1380,0.04756467,0.0000981775
1381,0.04927858,0.0000981749
1382,0.04780922,0.0000981723
1383,0.08437018,0.0000981696
1384,0.03575540,0.0000981670
1385,0.15241145,0.0000981644
1386,0.03146261,0.0000981617
1387,0.06594183,0.0000981591
1388,0.03722470,0.0000981565
1389,0.03235918,0.0000981538
1390,0.04799393,0.0000981512
1391,0.03743180,0.0000981485
1392,0.05670540,0.0000981459
1393,0.03442240,0.0000981432
1394,0.04643351,0.0000981406
1395,0.05470707,0.0000981379
1396,0.05133977,0.0000981353
1397,0.04628944,0.0000981326
1398,0.04227783,0.0000981300
1399,0.04585142,0.0000981273
1400,0.04556942,0.0000981246
1401,0.03813352,0.0000981220
1402,0.03712286,0.0000981193
1403,0.04484056,0.0000981166
1404,0.04196261,0.0000981140
1405,0.03826607,0.0000981113
1406,0.03935349,0.0000981086
1407,0.05474477,0.0000981060
1408,0.03263451,0.0000981033
1409,0.05328991,0.0000981006
1410,0.04269105,0.0000980979
1411,0.03748650,0.0000980952
1412,0.03290205,0.0000980926
1413,0.03347635,0.0000980899
1414,0.03785457,0.0000980872
1415,0.03914604,0.0000980845
1416,0.08104283,0.0000980818
1417,0.04716331,0.0000980791
1418,0.04704827,0.0000980764
1419,0.07599021,0.0000980737
1420,0.05004723,0.0000980710
1421,0.04782222,0.0000980683
1422,0.04560523,0.0000980656
1423,0.06244575,0.0000980629
1424,0.04153608,0.0000980602
1425,0.12783399,0.0000980575
1426,0.02443344,0.0000980548
1427,0.03523190,0.0000980521
1428,0.02687667,0.0000980494
1429,0.04021503,0.0000980467
1430,0.02293457,0.0000980439
1431,0.06613995,0.0000980412
1432,0.04802806,0.0000980385
1433,0.04648736,0.0000980358
1434,0.06641243,0.0000980331
1435,0.03453708,0.0000980303
1436,0.02676693,0.0000980276
1437,0.05816846,0.0000980249
1438,0.05153860,0.0000980221
1439,0.03480582,0.0000980194
1440,0.04271077,0.0000980167
1441,0.03211993,0.0000980139
1442,0.07310659,0.0000980112
1443,0.03818499,0.0000980085
1444,0.04366873,0.0000980057
1445,0.02014010,0.0000980030
1446,0.04426270,0.0000980002
1447,0.04415185,0.0000979975
1448,0.04540493,0.0000979947
1449,0.04375398,0.0000979920
1450,0.04072560,0.0000979892
1451,0.04019853,0.0000979865
1452,0.05160394,0.0000979837
1453,0.04207436,0.0000979809
1454,0.02688366,0.0000979782
1455,0.12203337,0.0000979754
1456,0.18955787,0.0000979727
1457,0.05445205,0.0000979699
1458,0.01554102,0.0000979671
1459,0.11805039,0.0000979643
1460,0.06664024,0.0000979616
1461,0.02538516,0.0000979588
1462,0.03633485,0.0000979560
1463,0.02216835,0.0000979532
1464,0.03858265,0.0000979505
1465,0.02323285,0.0000979477
1466,0.02772432,0.0000979449
1467,0.04273669,0.0000979421
1468,0.03116094,0.0000979393
1469,0.05425964,0.0000979365
1470,0.09707692,0.0000979338
1471,0.06879091,0.0000979310
1472,0.05650885,0.0000979282
1473,0.02109828,0.0000979254
1474,0.02866732,0.0000979226
1475,0.05833793,0.0000979198
1476,0.06921825,0.0000979170
1477,0.04879472,0.0000979142
1478,0.07510323,0.0000979114
1479,0.04484548,0.0000979086
1480,0.05100416,0.0000979057
1481,0.06366533,0.0000979029
1482,0.04512554,0.0000979001
1483,0.07030325,0.0000978973
1484,0.02577856,0.0000978945
1485,0.07796140,0.0000978917
1486,0.05642474,0.0000978888
1487,0.05364060,0.0000978860
1488,0.07665130,0.0000978832
1489,0.06080464,0.0000978804
1490,0.05461950,0.0000978775
1491,0.04917405,0.0000978747
1492,0.05022978,0.0000978719
1493,0.04023081,0.0000978691
1494,0.06907678,0.0000978662
1495,0.04754262,0.0000978634
1496,0.03557012,0.0000978605
1497,0.02230390,0.0000978577
1498,0.04887738,0.0000978549
1499,0.04055613,0.0000978520
1500,0.03764677,0.0000978492
1501,0.03817784,0.0000978463
1502,0.05250758,0.0000978435
1503,0.06423528,0.0000978406
1504,0.04763404,0.0000978378
1505,0.04998689,0.0000978349
1506,0.05452546,0.0000978321
1507,0.07917632,0.0000978292
1508,0.05084721,0.0000978263
1509,0.05212389,0.0000978235
1510,0.03732570,0.0000978206
1511,0.02980855,0.0000978177
1512,0.04142171,0.0000978149
1513,0.43565255,0.0000978120
1514,0.03635663,0.0000978091
1515,0.10278931,0.0000978063
1516,0.04182392,0.0000978034
1517,0.04333322,0.0000978005
1518,0.02561458,0.0000977976
1519,0.05878923,0.0000977947
1520,0.04459671,0.0000977919
1521,0.04531570,0.0000977890
1522,0.06981435,0.0000977861
1523,0.10553665,0.0000977832
1524,0.04049787,0.0000977803
1525,0.03318033,0.0000977774
1526,0.03305798,0.0000977745
1527,0.03984427,0.0000977716
1528,0.07215190,0.0000977687
1529,0.03786466,0.0000977658
1530,0.04867234,0.0000977629
1531,0.13138229,0.0000977600
1532,0.04714244,0.0000977571
1533,0.03341421,0.0000977542
1534,0.02576672,0.0000977513
1535,0.05178019,0.0000977484
1536,0.03382033,0.0000977455
1537,0.03888147,0.0000977426
1538,0.04719297,0.0000977397
1539,0.11880851,0.0000977367
1540,0.08449585,0.0000977338
1541,0.06667364,0.0000977309
1542,0.04977705,0.0000977280
1543,0.04918775,0.0000977250
1544,0.04498131,0.0000977221
1545,0.03383756,0.0000977192
1546,0.04450551,0.0000977163
1547,0.04106511,0.0000977133
1548,0.03741837,0.0000977104
1549,0.04693152,0.0000977075
1550,0.05178051,0.0000977045
1551,0.05501938,0.0000977016
1552,0.05895803,0.0000976986
1553,0.03787513,0.0000976957
1554,0.02709440,0.0000976927
1555,0.03706771,0.0000976898
1556,0.03232054,0.0000976869
1557,0.02170843,0.0000976839
1558,0.03727121,0.0000976809
1559,0.40390247,0.0000976780
1560,0.04575179,0.0000976750
1561,0.06139577,0.0000976721
1562,0.02562249,0.0000976691
1563,0.04486042,0.0000976662
1564,0.04953515,0.0000976632
1565,0.04080394,0.0000976602
1566,0.03203567,0.0000976573
1567,0.04032144,0.0000976543
1568,0.03411210,0.0000976513
1569,0.04012858,0.0000976483
1570,0.01537680,0.0000976454
1571,0.05503948,0.0000976424
1572,0.03156300,0.0000976394
1573,0.06308974,0.0000976364
1574,0.04003438,0.0000976335
1575,0.03098470,0.0000976305
1576,0.05738926,0.0000976275
1577,0.02039432,0.0000976245
1578,0.05877243,0.0000976215
1579,0.02048425,0.0000976185
1580,0.05649644,0.0000976155
1581,0.07102004,0.0000976125
1582,0.02573331,0.0000976095
1583,0.03843585,0.0000976065
1584,0.04728347,0.0000976035
1585,0.03710353,0.0000976005
1586,0.04613226,0.0000975975
1587,0.03998469,0.0000975945
1588,0.04637173,0.0000975915
1589,0.07434832,0.0000975885
1590,0.04825789,0.0000975855
1591,0.04404216,0.0000975825
1592,0.06834219,0.0000975795
1593,0.03812928,0.0000975764
1594,0.02520419,0.0000975734
1595,0.04275168,0.0000975704
1596,0.03068601,0.0000975674
1597,0.05230622,0.0000975644
1598,0.02042669,0.0000975613
1599,0.03153683,0.0000975583
1600,0.03691325,0.0000975553
1601,0.03416570,0.0000975522
1602,0.02829742,0.0000975492
1603,0.02403155,0.0000975462
1604,0.05878904,0.0000975431
1605,0.18664037,0.0000975401
1606,0.05458771,0.0000975371
1607,0.05358020,0.0000975340
1608,0.03496005,0.0000975310
1609,0.03962227,0.0000975279
1610,0.03234835,0.0000975249
1611,0.04315718,0.0000975218
1612,0.03490148,0.0000975188
1613,0.04364141,0.0000975157
1614,0.03265662,0.0000975127
1615,0.04172561,0.0000975096
1616,0.04541100,0.0000975065
1617,0.02214671,0.0000975035
1618,0.04064275,0.0000975004
1619,0.03275713,0.0000974974
1620,0.06164093,0.0000974943
1621,0.02427666,0.0000974912
1622,0.01592226,0.0000974882
1623,0.02120682,0.0000974851
1624,0.03369757,0.0000974820
1625,0.03802446,0.0000974789
1626,0.05258643,0.0000974759
1627,0.02828910,0.0000974728
1628,0.06430984,0.0000974697
1629,0.04669748,0.0000974666
1630,0.04454818,0.0000974635
1631,0.03362640,0.0000974604
1632,0.03199472,0.0000974574
1633,0.12649319,0.0000974543
1634,0.06639101,0.0000974512
1635,0.04781438,0.0000974481
1636,0.02484367,0.0000974450
1637,0.13133568,0.0000974419
1638,0.38713753,0.0000974388
1639,0.03618301,0.0000974357
1640,0.04153416,0.0000974326
1641,0.04608244,0.0000974295
1642,0.04133067,0.0000974264
1643,0.04587823,0.0000974233
1644,0.03980822,0.0000974201
1645,0.04663775,0.0000974170
1646,0.03650820,0.0000974139
1647,0.01889831,0.0000974108
1648,0.03355269,0.0000974077
1649,0.04292240,0.0000974046
1650,0.02956910,0.0000974014
1651,0.04584511,0.0000973983
1652,0.05649280,0.0000973952
1653,0.02859943,0.0000973921
1654,0.03570989,0.0000973889
1655,0.05476740,0.0000973858
1656,0.14168335,0.0000973827
1657,0.02250542,0.0000973795
1658,0.04457929,0.0000973764
1659,0.07812921,0.0000973733
1660,0.04162473,0.0000973701
1661,0.05676016,0.0000973670
1662,0.02919642,0.0000973639
1663,0.03390816,0.0000973607
1664,0.02211754,0.0000973576
1665,0.05226349,0.0000973544
1666,0.03636169,0.0000973513
1667,0.06743814,0.0000973481
1668,0.04162899,0.0000973450
1669,0.02966347,0.0000973418
1670,0.03607802,0.0000973386
1671,0.04465996,0.0000973355
1672,0.04141141,0.0000973323
1673,0.03837641,0.0000973292
1674,0.05140344,0.0000973260
1675,0.02924275,0.0000973228
1676,0.05280165,0.0000973197
1677,0.06095836,0.0000973165
1678,0.04089599,0.0000973133
1679,0.02758963,0.0000973101
1680,0.02589371,0.0000973070
1681,0.03317530,0.0000973038
1682,0.04463893,0.0000973006
1683,0.02858009,0.0000972974
1684,0.05276705,0.0000972942
1685,0.04802723,0.0000972911
1686,0.03426712,0.0000972879
1687,0.03717288,0.0000972847
1688,0.03263969,0.0000972815
1689,0.01499780,0.0000972783
1690,0.03987157,0.0000972751
1691,0.04311230,0.0000972719
1692,0.04766234,0.0000972687
1693,0.04802620,0.0000972655
1694,0.06524250,0.0000972623
1695,0.02952289,0.0000972591
1696,0.04437962,0.0000972559
1697,0.03013544,0.0000972527
1698,0.03467152,0.0000972495
1699,0.05574533,0.0000972463
1700,0.07166645,0.0000972431
1701,0.03995425,0.0000972398
1702,0.06634448,0.0000972366
1703,0.08922514,0.0000972334
1704,0.03518688,0.0000972302
1705,0.02274292,0.0000972270
1706,0.03141051,0.0000972237
1707,0.03648993,0.0000972205
1708,0.05339848,0.0000972173
1709,0.03655200,0.0000972141
1710,0.02019965,0.0000972108
1711,0.04786176,0.0000972076
1712,0.01992596,0.0000972044
1713,0.02935112,0.0000972011
1714,0.04623833,0.0000971979
1715,0.04936397,0.0000971947
1716,0.11395379,0.0000971914
1717,0.03749649,0.0000971882
1718,0.02702367,0.0000971849
1719,0.04516782,0.0000971817
1720,0.05164394,0.0000971784
1721,0.04588119,0.0000971752
1722,0.07369284,0.0000971719
1723,0.04712351,0.0000971687
1724,0.03024608,0.0000971654
1725,0.05972020,0.0000971622
1726,0.03333297,0.0000971589
1727,0.03541486,0.0000971556
1728,0.05173856,0.0000971524
1729,0.05521697,0.0000971491
1730,0.06840641,0.0000971458
1731,0.04176237,0.0000971426
1732,0.05811585,0.0000971393
1733,0.03764524,0.0000971360
1734,0.04081373,0.0000971328
1735,0.04466561,0.0000971295
1736,0.09458634,0.0000971262
1737,0.03015103,0.0000971229
1738,0.04412929,0.0000971196
1739,0.03190269,0.0000971164
1740,0.02219565,0.0000971131
1741,0.02489599,0.0000971098
1742,0.14511119,0.0000971065
1743,0.03885344,0.0000971032
1744,0.02385958,0.0000970999
1745,0.04815566,0.0000970966
1746,0.02918060,0.0000970933
1747,0.05613183,0.0000970900
1748,0.02501043,0.0000970867
1749,0.41448376,0.0000970834
1750,0.03687364,0.0000970801
1751,0.01224057,0.0000970768
1752,0.01956358,0.0000970735
1753,0.03192553,0.0000970702
1754,0.03372885,0.0000970669
1755,0.02777618,0.0000970636
1756,0.05122966,0.0000970603
1757,0.03796444,0.0000970570
1758,0.02264150,0.0000970536
1759,0.01151975,0.0000970503
1760,0.02087933,0.0000970470
1761,0.03657981,0.0000970437
1762,0.05835196,0.0000970403
1763,0.01726854,0.0000970370
1764,0.03585101,0.0000970337
1765,0.02687185,0.0000970304
1766,0.03341538,0.0000970270
1767,0.04400855,0.0000970237
1768,0.04221601,0.0000970204
1769,0.04049271,0.0000970170
1770,0.04876072,0.0000970137
1771,0.04065650,0.0000970103
1772,0.03575649,0.0000970070
1773,0.03739448,0.0000970037
1774,0.03932968,0.0000970003
1775,0.03508125,0.0000969970
1776,0.04495798,0.0000969936
1777,0.07046223,0.0000969903
1778,0.03449543,0.0000969869
1779,0.01750390,0.0000969835
1780,0.03427481,0.0000969802
1781,0.04078496,0.0000969768
1782,0.03489795,0.0000969735
1783,0.08061497,0.0000969701
1784,0.04339115,0.0000969667
1785,0.04533985,0.0000969634
1786,0.04077515,0.0000969600
1787,0.02633103,0.0000969566
1788,0.04818048,0.0000969533
1789,0.04336107,0.0000969499
1790,0.06369308,0.0000969465
1791,0.03189391,0.0000969431
1792,0.05546258,0.0000969398
1793,0.03966482,0.0000969364
1794,0.01834057,0.0000969330
1795,0.03172704,0.0000969296
1796,0.04378884,0.0000969262
1797,0.05085797,0.0000969228
1798,0.02958727,0.0000969194
1799,0.04689132,0.0000969161
1800,0.02270934,0.0000969127
1801,0.04625153,0.0000969093
1802,0.03490783,0.0000969059
1803,0.04314809,0.0000969025
1804,0.07944723,0.0000968991
1805,0.03329048,0.0000968957
1806,0.04421052,0.0000968923
1807,0.02851775,0.0000968889
1808,0.04285875,0.0000968854
1809,0.12003349,0.0000968820
1810,0.03151354,0.0000968786
1811,0.04986190,0.0000968752
1812,0.02728121,0.0000968718
1813,0.04210798,0.0000968684
1814,0.03726263,0.0000968650
1815,0.02280615,0.0000968615
1816,0.05045011,0.0000968581
1817,0.02590615,0.0000968547
1818,0.03869630,0.0000968513
1819,0.03613479,0.0000968478
1820,0.03427373,0.0000968444
1821,0.03587770,0.0000968410
1822,0.04633456,0.0000968375
1823,0.03404094,0.0000968341
1824,0.04469836,0.0000968307
1825,0.05664327,0.0000968272
1826,0.03769147,0.0000968238
1827,0.05083566,0.0000968203
1828,0.06010972,0.0000968169
1829,0.01581150,0.0000968135
1830,0.04011703,0.0000968100
1831,0.02798592,0.0000968066
1832,0.02177743,0.0000968031
1833,0.02321386,0.0000967997
1834,0.02449813,0.0000967962
1835,0.04154308,0.0000967927
1836,0.03568273,0.0000967893
1837,0.03627115,0.0000967858
1838,0.05428762,0.0000967824
1839,0.14787687,0.0000967789
1840,0.03038156,0.0000967754
1841,0.09352835,0.0000967720
1842,0.05796372,0.0000967685
1843,0.01658679,0.0000967650
1844,0.04502289,0.0000967615
1845,0.03290640,0.0000967581
1846,0.04949550,0.0000967546
1847,0.03092647,0.0000967511
1848,0.04688325,0.0000967476
1849,0.02037879,0.0000967442
1850,0.06020228,0.0000967407
1851,0.03879004,0.0000967372
1852,0.03257550,0.0000967337
1853,0.03324850,0.0000967302
1854,0.03037925,0.0000967267
1855,0.03684566,0.0000967232
1856,0.03061015,0.0000967197
1857,0.02589388,0.0000967162
1858,0.01643191,0.0000967127
1859,0.04626693,0.0000967092
1860,0.03627060,0.0000967057
1861,0.09294261,0.0000967022
1862,0.04304806,0.0000966987
1863,0.03646749,0.0000966952
1864,0.04773451,0.0000966917
1865,0.04066907,0.0000966882
1866,0.05276610,0.0000966847
1867,0.01737909,0.0000966812
1868,0.05746788,0.0000966777
1869,0.03681610,0.0000966741
1870,0.03244476,0.0000966706
1871,0.01246878,0.0000966671
1872,0.06247260,0.0000966636
1873,0.09320223,0.0000966600
1874,0.03257712,0.0000966565
1875,0.04701918,0.0000966530
1876,0.02346632,0.0000966495
1877,0.02864992,0.0000966459
1878,0.40215060,0.0000966424
1879,0.04108716,0.0000966389
1880,0.02931542,0.0000966353
1881,0.02031886,0.0000966318
1882,0.06675196,0.0000966282
1883,0.03438908,0.0000966247
1884,0.02212920,0.0000966212
1885,0.04808019,0.0000966176
1886,0.04113118,0.0000966141
1887,0.03627046,0.0000966105
1888,0.04010098,0.0000966070
1889,0.03369099,0.0000966034
1890,0.04869500,0.0000965998
1891,0.03261045,0.0000965963
1892,0.03692019,0.0000965927
1893,0.05036657,0.0000965892
1894,0.03480457,0.0000965856
1895,0.01689668,0.0000965820
1896,0.03977499,0.0000965785
1897,0.02720533,0.0000965749
1898,0.03276277,0.0000965713
1899,0.03020907,0.0000965678
1900,0.03469277,0.0000965642
1901,0.03919526,0.0000965606
1902,0.04123500,0.0000965570
1903,0.06016687,0.0000965535
1904,0.05121666,0.0000965499
1905,0.02542920,0.0000965463
1906,0.03564200,0.0000965427
1907,0.04637945,0.0000965391
1908,0.03673908,0.0000965355
1909,0.02589509,0.0000965319
1910,0.02141352,0.0000965284
1911,0.04989052,0.0000965248
1912,0.04391372,0.0000965212
1913,0.02548061,0.0000965176
1914,0.09677364,0.0000965140
1915,0.03325132,0.0000965104
1916,0.05046443,0.0000965068
1917,0.01865906,0.0000965032
1918,0.05019074,0.0000964996
1919,0.02840836,0.0000964959
1920,0.02528367,0.0000964923
1921,0.02622499,0.0000964887
1922,0.03171343,0.0000964851
1923,0.01628483,0.0000964815
1924,0.07299027,0.0000964779
1925,0.08066000,0.0000964743
1926,0.40044022,0.0000964706
1927,0.02679088,0.0000964670
1928,0.03785431,0.0000964634
1929,0.02487832,0.0000964598
1930,0.05691869,0.0000964561
1931,0.03109500,0.0000964525
1932,0.05538439,0.0000964489
1933,0.03768541,0.0000964452
1934,0.03593682,0.0000964416
1935,0.04103397,0.0000964380
1936,0.02858460,0.0000964343
1937,0.03775723,0.0000964307
1938,0.02692764,0.0000964271
1939,0.05133819,0.0000964234
1940,0.02640632,0.0000964198
1941,0.03356860,0.0000964161
1942,0.07476063,0.0000964125
1943,0.02061522,0.0000964088
1944,0.02246027,0.0000964052
1945,0.05332206,0.0000964015
1946,0.03441079,0.0000963979
1947,0.01916600,0.0000963942
1948,0.04142880,0.0000963905
1949,0.02855834,0.0000963869
1950,0.03923663,0.0000963832
1951,0.06037509,0.0000963796
1952,0.02727742,0.0000963759
1953,0.04024569,0.0000963722
1954,0.02357798,0.0000963685
1955,0.01841220,0.0000963649
1956,0.06071917,0.0000963612
1957,0.04490833,0.0000963575
1958,0.04387565,0.0000963538
1959,0.02836603,0.0000963502
1960,0.02965886,0.0000963465
1961,0.02940245,0.0000963428
1962,0.03488945,0.0000963391
1963,0.02029772,0.0000963354
1964,0.13383190,0.0000963317
1965,0.02261661,0.0000963281
1966,0.05883833,0.0000963244
1967,0.03114202,0.0000963207
1968,0.19061776,0.0000963170
1969,0.02738312,0.0000963133
1970,0.06371801,0.0000963096
1971,0.02611275,0.0000963059
1972,0.01668821,0.0000963022
1973,0.03562547,0.0000962985
1974,0.02076915,0.0000962948
1975,0.03776502,0.0000962911
1976,0.04731264,0.0000962873
1977,0.05385742,0.0000962836
1978,0.04178004,0.0000962799
1979,0.06124480,0.0000962762
1980,0.05560482,0.0000962725
1981,0.02681278,0.0000962688
1982,0.03748499,0.0000962651
1983,0.02932708,0.0000962613
1984,0.02475545,0.0000962576
1985,0.02176856,0.0000962539
1986,0.03515770,0.0000962502
1987,0.02303755,0.0000962464
1988,0.07254136,0.0000962427
1989,0.04163743,0.0000962390
1990,0.04916895,0.0000962352
1991,0.03841242,0.0000962315
1992,0.03206316,0.0000962278
1993,0.04747814,0.0000962240
1994,0.03255536,0.0000962203
1995,0.03563603,0.0000962165
1996,0.03758594,0.0000962128
1997,0.04607005,0.0000962090
1998,0.03215115,0.0000962053
1999,0.04220286,0.0000962015
2000,0.04817026,0.0000961978
2001,0.02047083,0.0000961940
2002,0.02265899,0.0000961903
2003,0.04085506,0.0000961865
2004,0.03881383,0.0000961828
2005,0.03534880,0.0000961790
2006,0.04173534,0.0000961752
2007,0.03558604,0.0000961715
2008,0.08617997,0.0000961677
2009,0.09285787,0.0000961639
2010,0.02416069,0.0000961602
2011,0.04293298,0.0000961564
2012,0.03248413,0.0000961526
2013,0.03593697,0.0000961488
2014,0.03630869,0.0000961451
2015,0.02519643,0.0000961413
2016,0.03670680,0.0000961375
2017,0.02008253,0.0000961337
2018,0.05162515,0.0000961299
2019,0.02697016,0.0000961262
2020,0.03839124,0.0000961224
2021,0.03535611,0.0000961186
2022,0.03932701,0.0000961148
2023,0.02413313,0.0000961110
2024,0.11901328,0.0000961072
2025,0.02860408,0.0000961034
2026,0.03518990,0.0000960996
2027,0.03998964,0.0000960958
2028,0.37785777,0.0000960920
2029,0.02944303,0.0000960882
2030,0.05609496,0.0000960844
2031,0.04271131,0.0000960806
2032,0.02694954,0.0000960768
2033,0.04185445,0.0000960730
2034,0.03583184,0.0000960691
2035,0.03999617,0.0000960653
2036,0.05126432,0.0000960615
2037,0.02848736,0.0000960577
2038,0.03837816,0.0000960539
2039,0.07220535,0.0000960501
2040,0.03172503,0.0000960462
2041,0.04366617,0.0000960424
2042,0.02873199,0.0000960386
2043,0.03620695,0.0000960348
2044,0.04389238,0.0000960309
2045,0.03252372,0.0000960271
2046,0.03196183,0.0000960233
2047,0.02934974,0.0000960194
2048,0.02062426,0.0000960156
2049,0.05369132,0.0000960117
2050,0.03810040,0.0000960079
2051,0.04012188,0.0000960041
2052,0.06938133,0.0000960002
2053,0.03708832,0.0000959964
2054,0.03785695,0.0000959925
2055,0.03171775,0.0000959887
2056,0.03775025,0.0000959848
2057,0.05242933,0.0000959810
2058,0.03013407,0.0000959771
2059,0.03668316,0.0000959733
2060,0.02366878,0.0000959694
2061,0.05359424,0.0000959655
2062,0.17263104,0.0000959617
2063,0.03110122,0.0000959578
2064,0.02073312,0.0000959539
2065,0.04162621,0.0000959501
2066,0.04359828,0.0000959462
2067,0.04032969,0.0000959423
2068,0.01453498,0.0000959385
2069,0.03339131,0.0000959346
2070,0.03894452,0.0000959307
2071,0.07286822,0.0000959268
2072,0.05017611,0.0000959229
2073,0.02523465,0.0000959191
2074,0.03421167,0.0000959152
2075,0.03449894,0.0000959113
2076,0.03526674,0.0000959074
2077,0.03829654,0.0000959035
2078,0.04387352,0.0000958996
2079,0.03075475,0.0000958957
2080,0.02289311,0.0000958918
2081,0.05634097,0.0000958879
2082,0.02195488,0.0000958840
2083,0.03460467,0.0000958802
2084,0.02638045,0.0000958762
2085,0.03916750,0.0000958723
2086,0.04466422,0.0000958684
2087,0.04394348,0.0000958645
2088,0.04196786,0.0000958606
2089,0.03481597,0.0000958567
2090,0.03846355,0.0000958528
2091,0.04393617,0.0000958489
2092,0.03961344,0.0000958450
2093,0.05877509,0.0000958411
2094,0.01698204,0.0000958371
2095,0.07414930,0.0000958332
2096,0.03698461,0.0000958293
2097,0.02790105,0.0000958254
2098,0.01391071,0.0000958214
2099,0.04594333,0.0000958175
2100,0.05897813,0.0000958136
2101,0.02940110,0.0000958097
2102,0.04935934,0.0000958057
2103,0.03572819,0.0000958018
2104,0.01750831,0.0000957979
2105,0.03467344,0.0000957939
2106,0.03000721,0.0000957900
2107,0.02425546,0.0000957860
2108,0.06877246,0.0000957821
2109,0.02911814,0.0000957781
2110,0.03617121,0.0000957742
2111,0.02810670,0.0000957702
2112,0.40315050,0.0000957663
2113,0.03698486,0.0000957623
2114,0.03890920,0.0000957584
2115,0.03215415,0.0000957544
2116,0.03107668,0.0000957505
2117,0.03903317,0.0000957465
2118,0.03093459,0.0000957426
2119,0.02827964,0.0000957386
2120,0.03805546,0.0000957346
2121,0.02498368,0.0000957307
2122,0.05782761,0.0000957267
2123,0.00680548,0.0000957227
2124,0.03449231,0.0000957188
2125,0.02778595,0.0000957148
2126,0.04954670,0.0000957108
2127,0.03611396,0.0000957068
2128,0.03015204,0.0000957028
2129,0.04506278,0.0000956989
2130,0.02150953,0.0000956949
2131,0.01858262,0.0000956909
2132,0.03049464,0.0000956869
2133,0.02751978,0.0000956829
2134,0.02436338,0.0000956789
2135,0.05785270,0.0000956749
2136,0.09779759,0.0000956710
2137,0.04212840,0.0000956670
2138,0.04427027,0.0000956630
2139,0.02833720,0.0000956590
2140,0.03690190,0.0000956550
2141,0.10802929,0.0000956510
2142,0.03459426,0.0000956470
2143,0.02667765,0.0000956430
2144,0.03635121,0.0000956389
2145,0.04597428,0.0000956349
2146,0.03845898,0.0000956309
2147,0.01929849,0.0000956269
2148,0.05267621,0.0000956229
2149,0.02133274,0.0000956189
2150,0.02993173,0.0000956149
2151,0.02998623,0.0000956108
2152,0.03424628,0.0000956068
2153,0.03345528,0.0000956028
2154,0.02980017,0.0000955988
2155,0.03249360,0.0000955948
2156,0.03583999,0.0000955907
2157,0.04325518,0.0000955867
2158,0.03467453,0.0000955827
2159,0.03802060,0.0000955786
2160,0.02947210,0.0000955746
2161,0.04104988,0.0000955706
2162,0.04791735,0.0000955665
2163,0.02514290,0.0000955625
2164,0.02602277,0.0000955584
2165,0.03098759,0.0000955544
2166,0.02870452,0.0000955503
2167,0.04513668,0.0000955463
2168,0.03307077,0.0000955422
2169,0.14727609,0.0000955382
2170,0.02926334,0.0000955341
2171,0.04894148,0.0000955301
2172,0.03683882,0.0000955260
2173,0.03638545,0.0000955220
2174,0.02073761,0.0000955179
2175,0.03977527,0.0000955139
2176,0.03188094,0.0000955098
2177,0.02923466,0.0000955057
2178,0.06428628,0.0000955017
2179,0.05777085,0.0000954976
2180,0.03582798,0.0000954935
2181,0.03138644,0.0000954895
2182,0.04882905,0.0000954854
2183,0.01879539,0.0000954813
2184,0.03289461,0.0000954772
2185,0.03556808,0.0000954731
2186,0.03103802,0.0000954691
2187,0.04168135,0.0000954650
2188,0.05214546,0.0000954609
2189,0.03322348,0.0000954568
2190,0.05311112,0.0000954527
2191,0.03845378,0.0000954486
2192,0.03047428,0.0000954445
2193,0.01925828,0.0000954405
2194,0.03184099,0.0000954364
2195,0.03345625,0.0000954323
2196,0.02404461,0.0000954282
2197,0.02493677,0.0000954241
2198,0.03364221,0.0000954200
2199,0.02970306,0.0000954159
2200,0.02220301,0.0000954118
2201,0.04060107,0.0000954076
2202,0.04114219,0.0000954035
2203,0.03469795,0.0000953994
2204,0.05549176,0.0000953953
2205,0.02412771,0.0000953912
2206,0.01421772,0.0000953871
2207,0.03229828,0.0000953830
2208,0.03829762,0.0000953788
2209,0.03786259,0.0000953747
2210,0.03897338,0.0000953706
2211,0.02626053,0.0000953665
2212,0.03370453,0.0000953624
2213,0.03421438,0.0000953582
2214,0.02953644,0.0000953541
2215,0.07046324,0.0000953500
2216,0.02535976,0.0000953458
2217,0.03080513,0.0000953417
2218,0.38350263,0.0000953376
2219,0.04669379,0.0000953334
2220,0.06222840,0.0000953293
2221,0.02966782,0.0000953251
2222,0.02406840,0.0000953210
2223,0.03211324,0.0000953168
2224,0.06359996,0.0000953127
2225,0.02953748,0.0000953086
2226,0.03210574,0.0000953044
2227,0.03358695,0.0000953003
2228,0.02797499,0.0000952961
2229,0.02806837,0.0000952919
2230,0.02759155,0.0000952878
2231,0.15613432,0.0000952836
2232,0.02810238,0.0000952795
2233,0.07393302,0.0000952753
2234,0.02304847,0.0000952711
2235,0.02226939,0.0000952670
2236,0.03518368,0.0000952628
2237,0.04554104,0.0000952586
2238,0.04817674,0.0000952545
2239,0.04165795,0.0000952503
2240,0.03512037,0.0000952461
2241,0.03530023,0.0000952419
2242,0.03511836,0.0000952378
2243,0.02991939,0.0000952336
2244,0.03936359,0.0000952294
2245,0.03722916,0.0000952252
2246,0.00925573,0.0000952210
2247,0.04326862,0.0000952168
2248,0.04152844,0.0000952126
2249,0.03065218,0.0000952085
2250,0.02843059,0.0000952043
2251,0.03133195,0.0000952001
2252,0.01815741,0.0000951959
2253,0.03341309,0.0000951917
2254,0.04371569,0.0000951875
2255,0.02540904,0.0000951833
2256,0.03563350,0.0000951791
2257,0.02979222,0.0000951749
2258,0.04712065,0.0000951707
2259,0.06524202,0.0000951665
2260,0.09300420,0.0000951622
2261,0.03466344,0.0000951580
2262,0.04203298,0.0000951538
2263,0.03896658,0.0000951496
2264,0.03453930,0.0000951454
2265,0.02429149,0.0000951412
2266,0.04391124,0.0000951369
2267,0.02311680,0.0000951327
2268,0.04342223,0.0000951285
2269,0.02930734,0.0000951243
2270,0.01974593,0.0000951201
2271,0.04140355,0.0000951158
2272,0.01462079,0.0000951116
2273,0.04265552,0.0000951074
2274,0.02179856,0.0000951031
2275,0.03190993,0.0000950989
2276,0.02863363,0.0000950947
2277,0.02840727,0.0000950904
2278,0.03384227,0.0000950862
2279,0.10853426,0.0000950819
2280,0.03675812,0.0000950777
2281,0.03152408,0.0000950734
2282,0.03227294,0.0000950692
2283,0.01977327,0.0000950649
2284,0.02838031,0.0000950607
2285,0.04433810,0.0000950564
2286,0.01711276,0.0000950522
2287,0.02580204,0.0000950479
2288,0.03100290,0.0000950437
2289,0.03616592,0.0000950394
2290,0.02210976,0.0000950351
2291,0.03166226,0.0000950309
2292,0.08432676,0.0000950266
2293,0.03874769,0.0000950223
2294,0.03798387,0.0000950181
2295,0.02796010,0.0000950138
2296,0.06450360,0.0000950095
2297,0.02127145,0.0000950053
2298,0.03038541,0.0000950010
2299,0.04942925,0.0000949967
2300,0.02223576,0.0000949924
2301,0.03278494,0.0000949881
2302,0.05394470,0.0000949839
2303,0.02061192,0.0000949796
2304,0.02556609,0.0000949753
2305,0.10660189,0.0000949710
2306,0.03033439,0.0000949667
2307,0.02328508,0.0000949624
2308,0.04691724,0.0000949581
2309,0.05843432,0.0000949538
2310,0.04203564,0.0000949495
2311,0.02404821,0.0000949452
2312,0.03578059,0.0000949409
2313,0.02597993,0.0000949366
2314,0.03290794,0.0000949323
2315,0.03055695,0.0000949280
2316,0.02330479,0.0000949237
2317,0.02403408,0.0000949194
2318,0.03794881,0.0000949151
2319,0.03234709,0.0000949108
2320,0.01794785,0.0000949065
2321,0.03341157,0.0000949022
2322,0.39954183,0.0000948978
2323,0.03611352,0.0000948935
2324,0.04018812,0.0000948892
2325,0.03549787,0.0000948849
2326,0.03624251,0.0000948806
2327,0.02774679,0.0000948762
2328,0.01850288,0.0000948719
2329,0.04276893,0.0000948676
2330,0.01896546,0.0000948632
2331,0.03536170,0.0000948589
2332,0.04193211,0.0000948546
2333,0.04496610,0.0000948502
2334,0.03129968,0.0000948459
2335,0.03688718,0.0000948416
2336,0.03989246,0.0000948372
2337,0.03148665,0.0000948329
2338,0.03568006,0.0000948285
2339,0.02194055,0.0000948242
2340,0.03868705,0.0000948198
2341,0.04343203,0.0000948155
2342,0.04389536,0.0000948111
2343,0.05800660,0.0000948068
2344,0.03094215,0.0000948024
2345,0.03081774,0.0000947981
2346,0.03204401,0.0000947937
2347,0.02074403,0.0000947893
2348,0.02018407,0.0000947850
2349,0.03754972,0.0000947806
2350,0.01859243,0.0000947763
2351,0.01856697,0.0000947719
2352,0.03589501,0.0000947675
2353,0.04632528,0.0000947631
2354,0.03168254,0.0000947588
2355,0.12192532,0.0000947544
2356,0.05272566,0.0000947500
2357,0.05301931,0.0000947456
2358,0.04445700,0.0000947413
2359,0.02137242,0.0000947369
2360,0.04551096,0.0000947325
2361,0.02682766,0.0000947281
2362,0.02058874,0.0000947237
2363,0.02076189,0.0000947193
2364,0.01865563,0.0000947150
2365,0.02178111,0.0000947106
2366,0.04101146,0.0000947062
2367,0.03229713,0.0000947018
2368,0.02494923,0.0000946974
2369,0.03903858,0.0000946930
2370,0.02648836,0.0000946886
2371,0.02294303,0.0000946842
2372,0.03568457,0.0000946798
2373,0.03891689,0.0000946754
2374,0.14673935,0.0000946710
2375,0.05272840,0.0000946666
2376,0.02543441,0.0000946621
2377,0.03519083,0.0000946577
2378,0.04177732,0.0000946533
2379,0.03985544,0.0000946489
2380,0.02659022,0.0000946445
2381,0.03884716,0.0000946401
2382,0.03491019,0.0000946356
2383,0.03322441,0.0000946312
2384,0.03373100,0.0000946268
2385,0.04211082,0.0000946224
2386,0.03411934,0.0000946179
2387,0.06226709,0.0000946135
2388,0.03592005,0.0000946091
2389,0.04529350,0.0000946047
2390,0.03832212,0.0000946002
2391,0.03252415,0.0000945958
2392,0.03579503,0.0000945913
2393,0.01906212,0.0000945869
2394,0.03979585,0.0000945825
2395,0.02488636,0.0000945780
2396,0.02852318,0.0000945736
2397,0.02885085,0.0000945691
2398,0.02658530,0.0000945647
2399,0.03558759,0.0000945602
2400,0.02394420,0.0000945558
2401,0.02404313,0.0000945513
2402,0.04804489,0.0000945469
2403,0.03822619,0.0000945424
2404,0.03496812,0.0000945380
2405,0.04708850,0.0000945335
2406,0.03389109,0.0000945290
2407,0.37855622,0.0000945246
2408,0.03284366,0.0000945201
2409,0.02691039,0.0000945156
2410,0.02361085,0.0000945112
2411,0.04217181,0.0000945067
2412,0.03928576,0.0000945022
2413,0.03074971,0.0000944977
2414,0.02899289,0.0000944933
2415,0.02066147,0.0000944888
2416,0.03697689,0.0000944843
2417,0.03675293,0.0000944798
2418,0.05665784,0.0000944754
2419,0.02887354,0.0000944709
2420,0.03788550,0.0000944664
2421,0.03471221,0.0000944619
2422,0.09753070,0.0000944574
2423,0.04284531,0.0000944529
2424,0.01728590,0.0000944484
2425,0.01978763,0.0000944439
2426,0.01831943,0.0000944394
2427,0.05778452,0.0000944349
2428,0.04241264,0.0000944304
2429,0.02599863,0.0000944259
2430,0.13623939,0.0000944214
2431,0.03301768,0.0000944169
2432,0.01367190,0.0000944124
2433,0.02254013,0.0000944079
2434,0.05410028,0.0000944034
2435,0.03566796,0.0000943989
2436,0.03198395,0.0000943944
2437,0.04785423,0.0000943899
2438,0.02596573,0.0000943853
2439,0.04887089,0.0000943808
2440,0.04171126,0.0000943763
2441,0.07563016,0.0000943718
2442,0.01470230,0.0000943673
2443,0.01122350,0.0000943627
2444,0.02932960,0.0000943582
2445,0.03777795,0.0000943537
2446,0.02801655,0.0000943491
2447,0.02959170,0.0000943446
2448,0.01592398,0.0000943401
2449,0.03301989,0.0000943355
2450,0.03954454,0.0000943310
2451,0.03050486,0.0000943265
2452,0.03246161,0.0000943219
2453,0.09042573,0.0000943174
2454,0.01320996,0.0000943128
2455,0.02153188,0.0000943083
2456,0.02725277,0.0000943037
2457,0.03503763,0.0000942992
2458,0.02773000,0.0000942946
2459,0.03171952,0.0000942901
2460,0.04993705,0.0000942855
2461,0.03686900,0.0000942810
2462,0.03737032,0.0000942764
2463,0.03178836,0.0000942719
2464,0.02705261,0.0000942673
2465,0.03108634,0.0000942627
2466,0.03117438,0.0000942582
2467,0.03199896,0.0000942536
2468,0.03402138,0.0000942490
2469,0.03773486,0.0000942445
2470,0.01848382,0.0000942399
2471,0.04323554,0.0000942353
2472,0.03493314,0.0000942308
2473,0.02351420,0.0000942262
2474,0.05346699,0.0000942216
2475,0.03029987,0.0000942170
2476,0.03106594,0.0000942124
2477,0.04297557,0.0000942079
2478,0.03185584,0.0000942033
2479,0.02805513,0.0000941987
2480,0.04521954,0.0000941941
2481,0.02400491,0.0000941895
2482,0.02883608,0.0000941849
2483,0.03210336,0.0000941803
2484,0.01694568,0.0000941757
2485,0.02272836,0.0000941711
2486,0.11803590,0.0000941665
2487,0.02069908,0.0000941619
2488,0.03765266,0.0000941573
2489,0.02081082,0.0000941527
2490,0.03642791,0.0000941481
2491,0.02340091,0.0000941435
2492,0.01700573,0.0000941389
2493,0.02680111,0.0000941343
2494,0.01681806,0.0000941297
2495,0.01661773,0.0000941251
2496,0.02742918,0.0000941204
2497,0.02912830,0.0000941158
2498,0.03081933,0.0000941112
2499,0.05202839,0.0000941066
2500,0.13959584,0.0000941020
2501,0.02439319,0.0000940973
2502,0.03522113,0.0000940927
2503,0.03635241,0.0000940881
2504,0.02469693,0.0000940835
2505,0.02964936,0.0000940788
2506,0.01318625,0.0000940742
2507,0.02635491,0.0000940696
2508,0.02474224,0.0000940649
2509,0.02196501,0.0000940603
2510,0.03731844,0.0000940556
2511,0.02775523,0.0000940510
2512,0.03335313,0.0000940464
2513,0.03586712,0.0000940417
2514,0.04701404,0.0000940371
2515,0.04540789,0.0000940324
2516,0.03312106,0.0000940278
2517,0.02288039,0.0000940231
2518,0.02510007,0.0000940185
2519,0.04107894,0.0000940138
2520,0.03873961,0.0000940092
2521,0.03810199,0.0000940045
2522,0.03238890,0.0000939998
2523,0.03951567,0.0000939952
2524,0.04221977,0.0000939905
2525,0.03766523,0.0000939859
2526,0.02677268,0.0000939812
2527,0.01984507,0.0000939765
2528,0.02911621,0.0000939718
2529,0.06348564,0.0000939672
2530,0.02550234,0.0000939625
2531,0.02244849,0.0000939578
2532,0.03873060,0.0000939532
2533,0.02679380,0.0000939485
2534,0.04692364,0.0000939438
2535,0.39362758,0.0000939391
2536,0.03094967,0.0000939344
2537,0.03377620,0.0000939297
2538,0.02862221,0.0000939251
2539,0.01938770,0.0000939204
2540,0.02888832,0.0000939157
2541,0.03299009,0.0000939110
2542,0.03488609,0.0000939063
2543,0.01774448,0.0000939016
2544,0.03631404,0.0000938969
2545,0.03794587,0.0000938922
2546,0.10793391,0.0000938875
2547,0.03161184,0.0000938828
2548,0.03108048,0.0000938781
2549,0.01558972,0.0000938734
2550,0.05255315,0.0000938687
2551,0.03041785,0.0000938640
2552,0.03424778,0.0000938593
2553,0.04375390,0.0000938546
2554,0.03760934,0.0000938498
2555,0.03365347,0.0000938451
2556,0.03736580,0.0000938404
2557,0.08102845,0.0000938357
2558,0.01990365,0.0000938310
2559,0.01485239,0.0000938262
2560,0.03132220,0.0000938215
2561,0.03073035,0.0000938168
2562,0.05606563,0.0000938121
2563,0.04604230,0.0000938073
2564,0.02143551,0.0000938026
2565,0.06182665,0.0000937979
2566,0.02872989,0.0000937931
2567,0.03713022,0.0000937884
2568,0.02035860,0.0000937837
2569,0.02729175,0.0000937789
2570,0.02697468,0.0000937742
2571,0.02982444,0.0000937694
2572,0.02807737,0.0000937647
2573,0.03325125,0.0000937600
2574,0.03044441,0.0000937552
2575,0.03053637,0.0000937505
2576,0.02467496,0.0000937457
2577,0.02687472,0.0000937410
2578,0.03043933,0.0000937362
2579,0.01428774,0.0000937314
2580,0.03274841,0.0000937267
2581,0.01390086,0.0000937219
2582,0.02326948,0.0000937172
2583,0.04145160,0.0000937124
2584,0.04039875,0.0000937076
2585,0.03224831,0.0000937029
2586,0.03031318,0.0000936981
2587,0.02633338,0.0000936933
2588,0.04877546,0.0000936886
2589,0.02269780,0.0000936838
2590,0.02026378,0.0000936790
2591,0.03506596,0.0000936742
2592,0.03240047,0.0000936695
2593,0.03981928,0.0000936647
2594,0.03922676,0.0000936599
2595,0.08068203,0.0000936551
2596,0.02525050,0.0000936503
2597,0.01812427,0.0000936455
2598,0.15610452,0.0000936408
2599,0.04279662,0.0000936360
2600,0.02566125,0.0000936312
2601,0.05829071,0.0000936264
2602,0.03524769,0.0000936216
2603,0.03030613,0.0000936168
2604,0.05793253,0.0000936120
2605,0.03466091,0.0000936072
2606,0.04165223,0.0000936024
2607,0.03263039,0.0000935976
2608,0.03665940,0.0000935928
2609,0.01719963,0.0000935880
2610,0.01922521,0.0000935832
2611,0.03177959,0.0000935784
2612,0.01533522,0.0000935735
2613,0.04197175,0.0000935687
2614,0.02874183,0.0000935639
2615,0.06515956,0.0000935591
2616,0.01736347,0.0000935543
2617,0.02263587,0.0000935495
2618,0.02379126,0.0000935446
2619,0.04540222,0.0000935398
2620,0.03163689,0.0000935350
2621,0.03622273,0.0000935302
2622,0.02422608,0.0000935253
2623,0.06082862,0.0000935205
2624,0.03366572,0.0000935157
2625,0.02823716,0.0000935108
2626,0.02698341,0.0000935060
2627,0.02776912,0.0000935012
2628,0.03315752,0.0000934963
2629,0.02536664,0.0000934915
2630,0.02116859,0.0000934867
2631,0.03004935,0.0000934818
2632,0.01938669,0.0000934770
2633,0.03688283,0.0000934721
2634,0.36913094,0.0000934673
2635,0.02901769,0.0000934624
2636,0.16214830,0.0000934576
2637,0.05219134,0.0000934527
2638,0.02496409,0.0000934479
2639,0.03844269,0.0000934430
2640,0.01465945,0.0000934381
2641,0.02254644,0.0000934333
2642,0.03031965,0.0000934284
2643,0.04048718,0.0000934236
2644,0.04264578,0.0000934187
2645,0.01589744,0.0000934138
2646,0.01282931,0.0000934090
2647,0.04511889,0.0000934041
2648,0.02165204,0.0000933992
2649,0.02913731,0.0000933943
2650,0.03696734,0.0000933895
2651,0.02888155,0.0000933846
2652,0.04602497,0.0000933797
2653,0.03632676,0.0000933748
2654,0.03059622,0.0000933700
2655,0.04907930,0.0000933651
2656,0.02433153,0.0000933602
2657,0.03377114,0.0000933553
2658,0.02656846,0.0000933504
2659,0.04064128,0.0000933455
2660,0.09711117,0.0000933406
2661,0.03165005,0.0000933357
2662,0.02258683,0.0000933308
2663,0.02909413,0.0000933259
2664,0.03589053,0.0000933210
2665,0.01968088,0.0000933161
2666,0.02125297,0.0000933112
2667,0.05780561,0.0000933063
2668,0.03623930,0.0000933014
2669,0.02162977,0.0000932965
2670,0.02395229,0.0000932916
2671,0.03088673,0.0000932867
2672,0.03381820,0.0000932818
2673,0.05919449,0.0000932769
2674,0.06598578,0.0000932720
2675,0.02826849,0.0000932670
2676,0.06234853,0.0000932621
2677,0.03636870,0.0000932572
2678,0.03081845,0.0000932523
2679,0.02956152,0.0000932474
2680,0.03148361,0.0000932424
2681,0.03785866,0.0000932375
2682,0.02839388,0.0000932326
2683,0.03621489,0.0000932277
2684,0.02967424,0.0000932227
2685,0.04239682,0.0000932178
2686,0.01373259,0.0000932129
2687,0.04494214,0.0000932079
2688,0.03064743,0.0000932030
2689,0.02689626,0.0000931980
2690,0.03262804,0.0000931931
2691,0.04576277,0.0000931881
2692,0.01192486,0.0000931832
2693,0.04259793,0.0000931783
2694,0.03974888,0.0000931733
2695,0.04160669,0.0000931684
2696,0.03652354,0.0000931634
2697,0.03316608,0.0000931585
2698,0.02956384,0.0000931535
2699,0.03094815,0.0000931485
2700,0.10354263,0.0000931436
2701,0.04392425,0.0000931386
2702,0.01711817,0.0000931337
2703,0.07403408,0.0000931287
2704,0.01658209,0.0000931237
2705,0.01891633,0.0000931188
2706,0.03184077,0.0000931138
2707,0.02467629,0.0000931088
2708,0.04372092,0.0000931039
2709,0.02798899,0.0000930989
2710,0.15431811,0.0000930939
2711,0.03465750,0.0000930889
2712,0.04790170,0.0000930840
2713,0.03003781,0.0000930790
2714,0.02895418,0.0000930740
2715,0.01889802,0.0000930690
2716,0.02154519,0.0000930640
2717,0.02508015,0.0000930590
2718,0.02090636,0.0000930540
2719,0.02076762,0.0000930491
2720,0.02395171,0.0000930441
2721,0.02223670,0.0000930391
2722,0.02700759,0.0000930341
2723,0.02564694,0.0000930291
2724,0.02641654,0.0000930241
2725,0.03675732,0.0000930191
2726,0.04039855,0.0000930141
2727,0.03924266,0.0000930091
2728,0.01670280,0.0000930041
2729,0.02528783,0.0000929991
2730,0.03105141,0.0000929941
2731,0.38899902,0.0000929890
2732,0.03513250,0.0000929840
2733,0.02437016,0.0000929790
2734,0.03109469,0.0000929740
2735,0.03441415,0.0000929690
2736,0.02004093,0.0000929640
2737,0.02643378,0.0000929590
2738,0.03018761,0.0000929539
2739,0.10108835,0.0000929489
2740,0.01198791,0.0000929439
2741,0.03283031,0.0000929389
2742,0.05617227,0.0000929338
2743,0.02489265,0.0000929288
2744,0.02998079,0.0000929238
2745,0.02553155,0.0000929187
2746,0.02542286,0.0000929137
2747,0.01870056,0.0000929087
2748,0.02956394,0.0000929036
2749,0.03902469,0.0000928986
2750,0.02896967,0.0000928935
2751,0.04727095,0.0000928885
2752,0.02174374,0.0000928835
2753,0.03771487,0.0000928784
2754,0.03348830,0.0000928734
2755,0.03101883,0.0000928683
2756,0.01295937,0.0000928633
2757,0.02343568,0.0000928582
2758,0.01919302,0.0000928532
2759,0.02454615,0.0000928481
2760,0.37927103,0.0000928430
2761,0.02704920,0.0000928380
2762,0.03924372,0.0000928329
2763,0.13532951,0.0000928279
2764,0.03110799,0.0000928228
2765,0.02239060,0.0000928177
2766,0.02480576,0.0000928127
2767,0.02841466,0.0000928076
2768,0.04272484,0.0000928025
2769,0.02037247,0.0000927974
2770,0.04695151,0.0000927924
2771,0.03376258,0.0000927873
2772,0.01249084,0.0000927822
2773,0.02241301,0.0000927771
2774,0.01014689,0.0000927721
2775,0.03922177,0.0000927670
2776,0.01571902,0.0000927619
2777,0.01748798,0.0000927568
2778,0.04216497,0.0000927517
2779,0.03041837,0.0000927466
2780,0.03259035,0.0000927415
2781,0.04788829,0.0000927364
2782,0.02431132,0.0000927314
2783,0.01721736,0.0000927263
2784,0.02705887,0.0000927212
2785,0.03069193,0.0000927161
2786,0.03890444,0.0000927110
2787,0.02828369,0.0000927059
2788,0.02353184,0.0000927008
2789,0.04390454,0.0000926956
2790,0.03721704,0.0000926905
2791,0.02696514,0.0000926854
2792,0.03811492,0.0000926803
2793,0.03148519,0.0000926752
2794,0.02827739,0.0000926701
2795,0.01801463,0.0000926650
2796,0.02343149,0.0000926599
2797,0.03981581,0.0000926547
2798,0.05417416,0.0000926496
2799,0.02986572,0.0000926445
2800,0.09988700,0.0000926394
2801,0.09183024,0.0000926343
2802,0.03515220,0.0000926291
2803,0.02453741,0.0000926240
2804,0.08909525,0.0000926189
2805,0.03090090,0.0000926137
2806,0.02100678,0.0000926086
2807,0.03150862,0.0000926035
2808,0.03400263,0.0000925983
2809,0.03636529,0.0000925932
2810,0.04803438,0.0000925880
2811,0.04722545,0.0000925829
2812,0.02302778,0.0000925778
2813,0.03504835,0.0000925726
2814,0.02285584,0.0000925675
2815,0.01636841,0.0000925623
2816,0.03114008,0.0000925572
2817,0.02851097,0.0000925520
2818,0.04113954,0.0000925469
2819,0.03074680,0.0000925417
2820,0.04355003,0.0000925366
2821,0.03706129,0.0000925314
2822,0.03013048,0.0000925262
2823,0.03252295,0.0000925211
2824,0.05205291,0.0000925159
2825,0.02678364,0.0000925108
2826,0.03882309,0.0000925056
2827,0.03788380,0.0000925004
2828,0.03235381,0.0000924952
2829,0.04586544,0.0000924901
2830,0.02033693,0.0000924849
2831,0.02535439,0.0000924797
2832,0.01115468,0.0000924746
2833,0.01941577,0.0000924694
2834,0.03515016,0.0000924642
2835,0.06216810,0.0000924590
2836,0.02567335,0.0000924538
2837,0.03815750,0.0000924486
2838,0.03696469,0.0000924435
2839,0.05473630,0.0000924383
2840,0.03343032,0.0000924331
2841,0.02489667,0.0000924279
2842,0.02340833,0.0000924227
2843,0.04292466,0.0000924175
2844,0.03276788,0.0000924123
2845,0.02218934,0.0000924071
2846,0.03693998,0.0000924019
2847,0.01738798,0.0000923967
2848,0.02730914,0.0000923915
2849,0.03624092,0.0000923863
2850,0.03692517,0.0000923811
2851,0.03904821,0.0000923759
2852,0.03603026,0.0000923707
2853,0.02479145,0.0000923655
2854,0.00899557,0.0000923603
2855,0.03325476,0.0000923551
2856,0.03080946,0.0000923498
2857,0.03975024,0.0000923446
2858,0.03307400,0.0000923394
2859,0.03146407,0.0000923342
2860,0.03176641,0.0000923290
2861,0.04061124,0.0000923237
2862,0.03252520,0.0000923185
2863,0.02061168,0.0000923133
2864,0.01593415,0.0000923081
2865,0.05044342,0.0000923028
2866,0.02711355,0.0000922976
2867,0.06856553,0.0000922924
2868,0.04228656,0.0000922871
2869,0.04531104,0.0000922819
2870,0.03326343,0.0000922767
2871,0.03627319,0.0000922714
2872,0.44638371,0.0000922662
2873,0.01758912,0.0000922609
2874,0.02939095,0.0000922557
2875,0.02586614,0.0000922504
2876,0.01505275,0.0000922452
2877,0.03213028,0.0000922399
2878,0.02139277,0.0000922347
2879,0.02279326,0.0000922294
2880,0.03310659,0.0000922242
2881,0.02230732,0.0000922189
2882,0.04072505,0.0000922137
2883,0.02203725,0.0000922084
2884,0.03484376,0.0000922031
2885,0.01666593,0.0000921979
2886,0.01849321,0.0000921926
2887,0.01891329,0.0000921874
2888,0.02166079,0.0000921821
2889,0.03007889,0.0000921768
2890,0.01841990,0.0000921715
2891,0.02602634,0.0000921663
2892,0.02673944,0.0000921610
2893,0.14994621,0.0000921557
2894,0.04273928,0.0000921504
2895,0.02725178,0.0000921452
2896,0.04160599,0.0000921399
2897,0.03268838,0.0000921346
2898,0.02982428,0.0000921293
2899,0.03314452,0.0000921240
2900,0.02368720,0.0000921188
2901,0.05276308,0.0000921135
2902,0.06728914,0.0000921082
2903,0.02132880,0.0000921029
2904,0.02816436,0.0000920976
2905,0.03026954,0.0000920923
2906,0.03321280,0.0000920870
2907,0.02411239,0.0000920817
2908,0.02049475,0.0000920764
2909,0.10355901,0.0000920711
2910,0.02559462,0.0000920658
2911,0.03622690,0.0000920605
2912,0.02867171,0.0000920552
2913,0.03087306,0.0000920499
2914,0.01738621,0.0000920446
2915,0.05295914,0.0000920393
2916,0.02826854,0.0000920339
2917,0.03057979,0.0000920286
2918,0.03717419,0.0000920233
2919,0.02740353,0.0000920180
2920,0.01914768,0.0000920127
2921,0.02728816,0.0000920074
2922,0.02800196,0.0000920020
2923,0.02812190,0.0000919967
2924,0.03106495,0.0000919914
2925,0.02266746,0.0000919861
2926,0.03429201,0.0000919807
2927,0.03952670,0.0000919754
2928,0.05622150,0.0000919701
2929,0.02398030,0.0000919647
2930,0.05021481,0.0000919594
2931,0.02290342,0.0000919541
2932,0.02814054,0.0000919487
2933,0.02091291,0.0000919434
2934,0.03764190,0.0000919380
2935,0.02116401,0.0000919327
2936,0.02505127,0.0000919273
2937,0.02782691,0.0000919220
2938,0.01871267,0.0000919166
2939,0.02780881,0.0000919113
2940,0.01953433,0.0000919059
2941,0.02469836,0.0000919006
2942,0.01797848,0.0000918952
2943,0.02167640,0.0000918899
2944,0.03898349,0.0000918845
2945,0.04917445,0.0000918792
2946,0.02013430,0.0000918738
2947,0.02521536,0.0000918684
2948,0.02430869,0.0000918631
2949,0.02269113,0.0000918577
2950,0.03768464,0.0000918523
2951,0.03243746,0.0000918470
2952,0.02887054,0.0000918416
2953,0.02753000,0.0000918362
2954,0.02147483,0.0000918309
2955,0.03154579,0.0000918255
2956,0.02195308,0.0000918201
2957,0.03398659,0.0000918147
2958,0.03459926,0.0000918093
2959,0.02733172,0.0000918040
2960,0.03226786,0.0000917986
2961,0.01819577,0.0000917932
2962,0.02682552,0.0000917878
2963,0.02593797,0.0000917824
2964,0.02759809,0.0000917770
2965,0.03911692,0.0000917716
2966,0.02938873,0.0000917662
2967,0.02435526,0.0000917608
2968,0.03450477,0.0000917554
2969,0.01900510,0.0000917501
2970,0.03133271,0.0000917447
2971,0.02597490,0.0000917392
2972,0.03658628,0.0000917338
2973,0.02797158,0.0000917284
2974,0.02564381,0.0000917230
2975,0.01626685,0.0000917176
2976,0.02934656,0.0000917122
2977,0.02291762,0.0000917068
2978,0.03591673,0.0000917014
2979,0.04587253,0.0000916960
2980,0.02850611,0.0000916906
2981,0.03663303,0.0000916851
2982,0.02272014,0.0000916797
2983,0.01157606,0.0000916743
2984,0.38825759,0.0000916689
2985,0.02868381,0.0000916635
2986,0.02150881,0.0000916580
2987,0.03175078,0.0000916526
2988,0.02642702,0.0000916472
2989,0.04556329,0.0000916417
2990,0.03504426,0.0000916363
2991,0.09090253,0.0000916309
2992,0.02455951,0.0000916254
2993,0.04145870,0.0000916200
2994,0.03852609,0.0000916146
2995,0.01835481,0.0000916091
2996,0.08254264,0.0000916037
2997,0.02904800,0.0000915982
2998,0.03046196,0.0000915928
2999,0.02935313,0.0000915874
3000,0.03036935,0.0000915819
3001,0.02427739,0.0000915765
3002,0.03221998,0.0000915710
3003,0.02657093,0.0000915656
3004,0.02515849,0.0000915601
3005,0.01666078,0.0000915546
3006,0.03112305,0.0000915492
3007,0.01931494,0.0000915437
3008,0.05656801,0.0000915383
3009,0.01524586,0.0000915328
3010,0.02569649,0.0000915273
3011,0.03732977,0.0000915219
3012,0.06225590,0.0000915164
3013,0.04704447,0.0000915109
3014,0.01756377,0.0000915055
3015,0.03019585,0.0000915000
3016,0.01590134,0.0000914945
3017,0.02473915,0.0000914890
3018,0.14321339,0.0000914836
3019,0.02125505,0.0000914781
3020,0.11767030,0.0000914726
3021,0.04937498,0.0000914671
3022,0.03605200,0.0000914616
3023,0.03386609,0.0000914562
3024,0.02958116,0.0000914507
3025,0.02588517,0.0000914452
3026,0.02441497,0.0000914397
3027,0.02732812,0.0000914342
3028,0.03109994,0.0000914287
3029,0.01361342,0.0000914232
3030,0.01122095,0.0000914177
3031,0.02768582,0.0000914122
3032,0.03470679,0.0000914067
3033,0.03486872,0.0000914012
3034,0.04594260,0.0000913957
3035,0.02907638,0.0000913902
3036,0.05728745,0.0000913847
3037,0.01353532,0.0000913792
3038,0.02428686,0.0000913737
3039,0.01382941,0.0000913682
3040,0.04312247,0.0000913627
3041,0.01514145,0.0000913572
3042,0.01823089,0.0000913516
3043,0.02405418,0.0000913461
3044,0.02182393,0.0000913406
3045,0.01000820,0.0000913351
3046,0.01258833,0.0000913296
3047,0.02705775,0.0000913240
3048,0.13552566,0.0000913185
3049,0.01568612,0.0000913130
3050,0.01580166,0.0000913075
3051,0.03090024,0.0000913019
3052,0.01924970,0.0000912964
3053,0.02733228,0.0000912909
3054,0.03070294,0.0000912853
3055,0.09953368,0.0000912798
3056,0.02673550,0.0000912743
3057,0.02335735,0.0000912687
3058,0.02776369,0.0000912632
3059,0.01879892,0.0000912576
3060,0.03409810,0.0000912521
3061,0.06907132,0.0000912466
3062,0.02986537,0.0000912410
3063,0.03266699,0.0000912355
3064,0.00976773,0.0000912299
3065,0.03080444,0.0000912244
3066,0.01330747,0.0000912188
3067,0.01164797,0.0000912133
3068,0.03088671,0.0000912077
3069,0.01780121,0.0000912021
3070,0.03146990,0.0000911966
3071,0.03597052,0.0000911910
3072,0.04388834,0.0000911855
3073,0.04190772,0.0000911799
3074,0.04796373,0.0000911743
3075,0.02391489,0.0000911688
3076,0.03268096,0.0000911632
3077,0.02917176,0.0000911576
3078,0.00840885,0.0000911520
3079,0.06577136,0.0000911465
3080,0.02325529,0.0000911409
3081,0.03708425,0.0000911353
3082,0.02535129,0.0000911297
3083,0.04203572,0.0000911242
3084,0.03965832,0.0000911186
3085,0.03079746,0.0000911130
3086,0.02222136,0.0000911074
3087,0.06244560,0.0000911018
3088,0.02565227,0.0000910962
3089,0.01722604,0.0000910906
3090,0.06215647,0.0000910851
3091,0.05571756,0.0000910795
3092,0.05125130,0.0000910739
3093,0.02812194,0.0000910683
3094,0.03107257,0.0000910627
3095,0.03205778,0.0000910571
3096,0.02685703,0.0000910515
3097,0.03185964,0.0000910459
3098,0.05827421,0.0000910403
3099,0.11659874,0.0000910347
3100,0.02085782,0.0000910291
3101,0.02792849,0.0000910234
3102,0.03415688,0.0000910178
3103,0.02927557,0.0000910122
3104,0.02777974,0.0000910066
3105,0.03378668,0.0000910010
3106,0.04400231,0.0000909954
3107,0.02518015,0.0000909898
3108,0.01717459,0.0000909841
3109,0.03303924,0.0000909785
3110,0.03137761,0.0000909729
3111,0.01527744,0.0000909673
3112,0.00877104,0.0000909616
3113,0.02152915,0.0000909560
3114,0.02600067,0.0000909504
3115,0.01667649,0.0000909448
3116,0.02085543,0.0000909391
3117,0.03831958,0.0000909335
3118,0.03038768,0.0000909279
3119,0.03397540,0.0000909222
3120,0.41644412,0.0000909166
3121,0.02152009,0.0000909109
3122,0.02874923,0.0000909053
3123,0.01912794,0.0000908997
3124,0.02361038,0.0000908940
3125,0.02140835,0.0000908884
3126,0.01551304,0.0000908827
3127,0.03242739,0.0000908771
3128,0.03188733,0.0000908714
3129,0.04448715,0.0000908658
3130,0.01746593,0.0000908601
3131,0.03209990,0.0000908544
3132,0.03215725,0.0000908488
3133,0.03873795,0.0000908431
3134,0.03549901,0.0000908375
3135,0.02187959,0.0000908318
3136,0.01619455,0.0000908261
3137,0.02254393,0.0000908205
3138,0.01370550,0.0000908148
3139,0.01612657,0.0000908091
3140,0.02713095,0.0000908035
3141,0.01599042,0.0000907978
3142,0.03298803,0.0000907921
3143,0.03410792,0.0000907865
3144,0.02276350,0.0000907808
3145,0.02241974,0.0000907751
3146,0.02789035,0.0000907694
3147,0.02968717,0.0000907637
3148,0.02332168,0.0000907581
3149,0.01706097,0.0000907524
3150,0.01582183,0.0000907467
3151,0.03725446,0.0000907410
3152,0.04870363,0.0000907353
3153,0.02349115,0.0000907296
3154,0.02828237,0.0000907239
3155,0.02077490,0.0000907182
3156,0.03272410,0.0000907125
3157,0.11026850,0.0000907068
3158,0.02571125,0.0000907011
3159,0.03322679,0.0000906954
3160,0.01444687,0.0000906897
3161,0.03238905,0.0000906840
3162,0.02821655,0.0000906783
3163,0.03329280,0.0000906726
3164,0.03329903,0.0000906669
3165,0.03719856,0.0000906612
3166,0.02685254,0.0000906555
3167,0.02815922,0.0000906498
3168,0.03637405,0.0000906441
3169,0.03062004,0.0000906384
3170,0.01735489,0.0000906326
3171,0.02831860,0.0000906269
3172,0.02121109,0.0000906212
3173,0.04425532,0.0000906155
3174,0.01843072,0.0000906098
3175,0.02725259,0.0000906040
3176,0.03453685,0.0000905983
3177,0.04345730,0.0000905926
3178,0.03396922,0.0000905868
3179,0.04831793,0.0000905811
3180,0.03582637,0.0000905754
3181,0.03921040,0.0000905696
3182,0.02231458,0.0000905639
3183,0.02814079,0.0000905582
3184,0.04132188,0.0000905524
3185,0.02614922,0.0000905467
3186,0.03891519,0.0000905410
3187,0.01772683,0.0000905352
3188,0.03720662,0.0000905295
3189,0.02409628,0.0000905237
3190,0.02529059,0.0000905180
3191,0.42105636,0.0000905122
3192,0.15427676,0.0000905065
3193,0.02160121,0.0000905007
3194,0.02778826,0.0000904950
3195,0.01654947,0.0000904892
3196,0.02437863,0.0000904834
3197,0.04181162,0.0000904777
3198,0.12257837,0.0000904719
3199,0.02463563,0.0000904662
3200,0.02300702,0.0000904604
3201,0.02395007,0.0000904546
3202,0.02543287,0.0000904489
3203,0.02504275,0.0000904431
3204,0.02948010,0.0000904373
3205,0.03104705,0.0000904316
3206,0.02489427,0.0000904258
3207,0.03662490,0.0000904200
3208,0.03403880,0.0000904142
3209,0.02452254,0.0000904085
3210,0.03505639,0.0000904027
3211,0.02334264,0.0000903969
3212,0.02283883,0.0000903911
3213,0.05926863,0.0000903853
3214,0.01244799,0.0000903795
3215,0.05737606,0.0000903738
3216,0.02666722,0.0000903680
3217,0.01877635,0.0000903622
3218,0.04398606,0.0000903564
3219,0.01806462,0.0000903506
3220,0.03330813,0.0000903448
3221,0.00764487,0.0000903390
3222,0.02387209,0.0000903332
3223,0.05323995,0.0000903274
3224,0.02590160,0.0000903216
3225,0.01917342,0.0000903158
3226,0.01536120,0.0000903100
3227,0.04391743,0.0000903042
3228,0.03106344,0.0000902984
3229,0.02554367,0.0000902926
3230,0.03790585,0.0000902868
3231,0.04862598,0.0000902809
3232,0.03105978,0.0000902751
3233,0.02094874,0.0000902693
3234,0.02468386,0.0000902635
3235,0.02647337,0.0000902577
3236,0.04102055,0.0000902519
3237,0.02975391,0.0000902460
3238,0.02435070,0.0000902402
3239,0.01441821,0.0000902344
3240,0.02364224,0.0000902286
3241,0.02454873,0.0000902227
3242,0.01394344,0.0000902169
3243,0.03212293,0.0000902111
3244,0.02434341,0.0000902052
3245,0.01570573,0.0000901994
3246,0.02703934,0.0000901936
3247,0.02359996,0.0000901877
3248,0.02974014,0.0000901819
3249,0.01624787,0.0000901761
3250,0.02637212,0.0000901702
3251,0.02744649,0.0000901644
3252,0.09177105,0.0000901585
3253,0.02447042,0.0000901527
3254,0.03227451,0.0000901468
3255,0.02406548,0.0000901410
3256,0.02609661,0.0000901351
3257,0.01870621,0.0000901293
3258,0.02452984,0.0000901234
3259,0.04436033,0.0000901176
3260,0.01709629,0.0000901117
3261,0.02750059,0.0000901059
3262,0.01913192,0.0000901000
3263,0.02269657,0.0000900941
3264,0.06446780,0.0000900883
3265,0.03221819,0.0000900824
3266,0.03339715,0.0000900765
3267,0.03000242,0.0000900707
3268,0.02117122,0.0000900648
3269,0.03521100,0.0000900589
3270,0.03846610,0.0000900531
3271,0.02685449,0.0000900472
3272,0.03392230,0.0000900413
3273,0.03294144,0.0000900354
3274,0.01601157,0.0000900296
3275,0.02363792,0.0000900237
3276,0.05717032,0.0000900178
3277,0.15383351,0.0000900119
3278,0.02472798,0.0000900060
3279,0.03830272,0.0000900001
3280,0.02291518,0.0000899942
3281,0.03494783,0.0000899884
3282,0.01830195,0.0000899825
3283,0.02789880,0.0000899766
3284,0.03488471,0.0000899707
3285,0.01223578,0.0000899648
3286,0.03473774,0.0000899589
3287,0.02577759,0.0000899530
3288,0.03940560,0.0000899471
3289,0.02757716,0.0000899412
3290,0.02577580,0.0000899353
3291,0.02846107,0.0000899294
3292,0.01854251,0.0000899235
3293,0.03745909,0.0000899176
3294,0.03008693,0.0000899117
3295,0.02232657,0.0000899057
3296,0.03467196,0.0000898998
3297,0.02577045,0.0000898939
3298,0.01332419,0.0000898880
3299,0.02935670,0.0000898821
3300,0.04181416,0.0000898762
3301,0.02677494,0.0000898702
3302,0.02121026,0.0000898643
3303,0.01519155,0.0000898584
3304,0.04534125,0.0000898525
3305,0.03904136,0.0000898466
3306,0.03547480,0.0000898406
3307,0.02361623,0.0000898347
3308,0.01415708,0.0000898288
3309,0.39002237,0.0000898228
3310,0.04243559,0.0000898169
3311,0.01668977,0.0000898110
3312,0.02257305,0.0000898050
3313,0.02266842,0.0000897991
3314,0.03742575,0.0000897931
3315,0.04119029,0.0000897872
3316,0.03337952,0.0000897813
3317,0.01729725,0.0000897753
3318,0.13038082,0.0000897694
3319,0.02192229,0.0000897634
3320,0.02557322,0.0000897575
3321,0.02602173,0.0000897515
3322,0.03453990,0.0000897456
3323,0.04177011,0.0000897396
3324,0.02963413,0.0000897337
3325,0.01767037,0.0000897277
3326,0.02221065,0.0000897217
3327,0.02709277,0.0000897158
3328,0.01745240,0.0000897098
3329,0.03206339,0.0000897039
3330,0.02318484,0.0000896979
3331,0.04551261,0.0000896919
3332,0.02881316,0.0000896860
3333,0.03493622,0.0000896800
3334,0.02140184,0.0000896740
3335,0.03470664,0.0000896680
3336,0.02161055,0.0000896621
3337,0.02935054,0.0000896561
3338,0.01968016,0.0000896501
3339,0.37381300,0.0000896441
3340,0.03801232,0.0000896382
3341,0.01445890,0.0000896322
3342,0.03039315,0.0000896262
3343,0.04065119,0.0000896202
3344,0.03125785,0.0000896142
3345,0.02965476,0.0000896082
3346,0.05281247,0.0000896023
3347,0.02666232,0.0000895963
3348,0.04660435,0.0000895903
3349,0.03367421,0.0000895843
3350,0.05754387,0.0000895783
3351,0.04337990,0.0000895723
3352,0.02536804,0.0000895663
3353,0.02526180,0.0000895603
3354,0.01676310,0.0000895543
3355,0.02848053,0.0000895483
3356,0.02877717,0.0000895423
3357,0.00569560,0.0000895363
3358,0.02360844,0.0000895303
3359,0.01618007,0.0000895243
3360,0.10749815,0.0000895182
3361,0.01534846,0.0000895122
3362,0.03540099,0.0000895062
3363,0.02484125,0.0000895002
3364,0.02726423,0.0000894942
3365,0.02365355,0.0000894882
3366,0.01939695,0.0000894821
3367,0.02761638,0.0000894761
3368,0.01373381,0.0000894701
3369,0.02271104,0.0000894641
3370,0.02580145,0.0000894581
3371,0.02691290,0.0000894520
3372,0.03649963,0.0000894460
3373,0.04338886,0.0000894400
3374,0.01630465,0.0000894339
3375,0.02090742,0.0000894279
3376,0.02226156,0.0000894219
3377,0.01473046,0.0000894158
3378,0.08039597,0.0000894098
3379,0.04289825,0.0000894038
3380,0.15173747,0.0000893977
3381,0.02767487,0.0000893917
3382,0.02328922,0.0000893856
3383,0.03763784,0.0000893796
3384,0.04731533,0.0000893735
3385,0.02752852,0.0000893675
3386,0.02504535,0.0000893614
3387,0.04364539,0.0000893554
3388,0.01910579,0.0000893493
3389,0.08418445,0.0000893433
3390,0.03733107,0.0000893372
3391,0.01701074,0.0000893312
3392,0.02826722,0.0000893251
3393,0.02194332,0.0000893190
3394,0.03102194,0.0000893130
3395,0.02669047,0.0000893069
3396,0.03660963,0.0000893009
3397,0.02448242,0.0000892948
3398,0.02215640,0.0000892887
3399,0.01620114,0.0000892827
3400,0.02092607,0.0000892766
3401,0.02328143,0.0000892705
3402,0.01843398,0.0000892644
3403,0.02911584,0.0000892584
3404,0.02324825,0.0000892523
3405,0.02260517,0.0000892462
3406,0.02492403,0.0000892401
3407,0.02757783,0.0000892340
3408,0.03399396,0.0000892280
3409,0.03159541,0.0000892219
3410,0.02447343,0.0000892158
3411,0.02226063,0.0000892097
3412,0.02455989,0.0000892036
3413,0.02778778,0.0000891975
3414,0.02822484,0.0000891914
3415,0.06388427,0.0000891853
3416,0.01729355,0.0000891792
3417,0.01312052,0.0000891731
3418,0.04113080,0.0000891670
3419,0.01751378,0.0000891609
3420,0.01403929,0.0000891548
3421,0.03163277,0.0000891487
3422,0.03906601,0.0000891426
3423,0.03332762,0.0000891365
3424,0.02128093,0.0000891304
3425,0.02682390,0.0000891243
3426,0.03606531,0.0000891182
3427,0.01035780,0.0000891121
3428,0.03686136,0.0000891060
3429,0.01288859,0.0000890999
3430,0.02721969,0.0000890937
3431,0.02041958,0.0000890876
3432,0.02718744,0.0000890815
3433,0.03394008,0.0000890754
3434,0.03280411,0.0000890693
3435,0.02583839,0.0000890631
3436,0.02131713,0.0000890570
3437,0.03759750,0.0000890509
3438,0.03340764,0.0000890448
3439,0.02772355,0.0000890386
3440,0.01977768,0.0000890325
3441,0.02768174,0.0000890264
3442,0.01145512,0.0000890202
3443,0.02609386,0.0000890141
3444,0.03026124,0.0000890080
3445,0.01216362,0.0000890018
3446,0.03358790,0.0000889957
3447,0.03956822,0.0000889895
3448,0.01811957,0.0000889834
3449,0.01846240,0.0000889772
3450,0.03147192,0.0000889711
3451,0.01665377,0.0000889650
3452,0.05032817,0.0000889588
3453,0.02545326,0.0000889527
3454,0.05600652,0.0000889465
3455,0.02587830,0.0000889403
3456,0.01584702,0.0000889342
3457,0.03282863,0.0000889280
3458,0.03858446,0.0000889219
3459,0.02588808,0.0000889157
3460,0.02443932,0.0000889096
3461,0.38734406,0.0000889034
3462,0.02343101,0.0000888972
3463,0.01537896,0.0000888911
3464,0.04288211,0.0000888849
3465,0.05573758,0.0000888787
3466,0.03447249,0.0000888726
3467,0.01894860,0.0000888664
3468,0.03642539,0.0000888602
3469,0.02444072,0.0000888540
3470,0.01029515,0.0000888479
3471,0.03524755,0.0000888417
3472,0.03088374,0.0000888355
3473,0.02163687,0.0000888293
3474,0.04514122,0.0000888231
3475,0.01539856,0.0000888170
3476,0.02748233,0.0000888108
3477,0.01437537,0.0000888046
3478,0.02095794,0.0000887984
3479,0.10106331,0.0000887922
3480,0.02639920,0.0000887860
3481,0.02816235,0.0000887798
3482,0.01873176,0.0000887736
3483,0.03627715,0.0000887674
3484,0.02663187,0.0000887612
3485,0.02879396,0.0000887550
3486,0.02883493,0.0000887488
3487,0.03069250,0.0000887426
3488,0.01170184,0.0000887364
3489,0.01807887,0.0000887302
3490,0.01782201,0.0000887240
3491,0.14575051,0.0000887178
3492,0.01577723,0.0000887116
3493,0.08126901,0.0000887054
3494,0.00629073,0.0000886992
3495,0.02392590,0.0000886930
3496,0.01654040,0.0000886867
3497,0.02958801,0.0000886805
3498,0.04098379,0.0000886743
3499,0.04694945,0.0000886681
3500,0.01980576,0.0000886619
3501,0.02371692,0.0000886556
3502,0.02019102,0.0000886494
3503,0.02072622,0.0000886432
3504,0.01949439,0.0000886370
3505,0.02420250,0.0000886307
3506,0.02912381,0.0000886245
3507,0.02712684,0.0000886183
3508,0.02327618,0.0000886120
3509,0.03252602,0.0000886058
3510,0.06534447,0.0000885996
3511,0.03932061,0.0000885933
3512,0.03475395,0.0000885871
3513,0.03019616,0.0000885809
3514,0.02158078,0.0000885746
3515,0.02559018,0.0000885684
3516,0.02157977,0.0000885621
3517,0.01802008,0.0000885559
3518,0.02837922,0.0000885496
3519,0.02811851,0.0000885434
3520,0.02373305,0.0000885371
3521,0.02529365,0.0000885309
3522,0.03583076,0.0000885246
3523,0.01396358,0.0000885184
3524,0.03569475,0.0000885121
3525,0.02020220,0.0000885059
3526,0.01596268,0.0000884996
3527,0.02971543,0.0000884933
3528,0.03720602,0.0000884871
3529,0.01655377,0.0000884808
3530,0.01231841,0.0000884745
3531,0.03370874,0.0000884683
3532,0.01366942,0.0000884620
3533,0.02717517,0.0000884557
3534,0.02021492,0.0000884495
3535,0.02142916,0.0000884432
3536,0.04438404,0.0000884369
3537,0.03838765,0.0000884306
3538,0.02801692,0.0000884244
3539,0.15072121,0.0000884181
3540,0.02257533,0.0000884118
3541,0.01906443,0.0000884055
3542,0.01688226,0.0000883992
3543,0.02770747,0.0000883930
3544,0.02601796,0.0000883867
3545,0.01555054,0.0000883804
3546,0.01812819,0.0000883741
3547,0.04111256,0.0000883678
3548,0.01914427,0.0000883615
3549,0.02389275,0.0000883552
3550,0.03063923,0.0000883489
3551,0.02031804,0.0000883426
3552,0.01148036,0.0000883363
3553,0.03317012,0.0000883300
3554,0.03874442,0.0000883237
3555,0.01894169,0.0000883174
3556,0.03831234,0.0000883111
3557,0.03022308,0.0000883048
3558,0.03036696,0.0000882985
3559,0.01143281,0.0000882922
3560,0.01554637,0.0000882859
3561,0.02589616,0.0000882796
3562,0.02323993,0.0000882733
3563,0.01954985,0.0000882669
3564,0.02751794,0.0000882606
3565,0.03403012,0.0000882543
3566,0.02574752,0.0000882480
3567,0.03726914,0.0000882417
3568,0.02692632,0.0000882354
3569,0.01839320,0.0000882290
3570,0.02493541,0.0000882227
3571,0.08352348,0.0000882164
3572,0.02335267,0.0000882101
3573,0.01658138,0.0000882037
3574,0.01780342,0.0000881974
3575,0.02524104,0.0000881911
3576,0.09393851,0.0000881847
3577,0.02290567,0.0000881784
3578,0.02239322,0.0000881721
3579,0.03670894,0.0000881657
3580,0.01604811,0.0000881594
3581,0.06062347,0.0000881530
3582,0.07272406,0.0000881467
3583,0.04860528,0.0000881403
3584,0.01720494,0.0000881340
3585,0.03547299,0.0000881277
3586,0.02957321,0.0000881213
3587,0.01849969,0.0000881150
3588,0.02344972,0.0000881086
3589,0.02088145,0.0000881023
3590,0.01468154,0.0000880959
3591,0.04017878,0.0000880895
3592,0.02106102,0.0000880832
3593,0.03508824,0.0000880768
3594,0.38121745,0.0000880705
3595,0.02263262,0.0000880641
3596,0.02494133,0.0000880577
3597,0.01957114,0.0000880514
3598,0.01045812,0.0000880450
3599,0.03679870,0.0000880386
3600,0.02726938,0.0000880323
3601,0.02438316,0.0000880259
3602,0.01801368,0.0000880195
3603,0.01829623,0.0000880132
3604,0.03661628,0.0000880068
3605,0.04041884,0.0000880004
3606,0.03682818,0.0000879940
3607,0.02310625,0.0000879877
3608,0.03135861,0.0000879813
3609,0.01792835,0.0000879749
3610,0.02301208,0.0000879685
3611,0.07945354,0.0000879621
3612,0.04795311,0.0000879557
3613,0.01811684,0.0000879493
3614,0.02360123,0.0000879430
3615,0.02414853,0.0000879366
3616,0.01634556,0.0000879302
3617,0.02372701,0.0000879238
3618,0.04089852,0.0000879174
3619,0.02985106,0.0000879110
3620,0.02588901,0.0000879046
3621,0.02167045,0.0000878982
3622,0.02089219,0.0000878918
3623,0.03134295,0.0000878854
3624,0.03256814,0.0000878790
3625,0.02078057,0.0000878726
3626,0.01833740,0.0000878662
3627,0.03114292,0.0000878598
3628,0.01812815,0.0000878534
3629,0.04912369,0.0000878469
3630,0.01241294,0.0000878405
3631,0.01958983,0.0000878341
3632,0.00717999,0.0000878277
3633,0.01173771,0.0000878213
3634,0.02965921,0.0000878149
3635,0.00573331,0.0000878084
3636,0.01821964,0.0000878020
3637,0.02980991,0.0000877956
3638,0.02399598,0.0000877892
3639,0.02556681,0.0000877828
3640,0.03283875,0.0000877763
3641,0.02269284,0.0000877699
3642,0.02341330,0.0000877635
3643,0.01537465,0.0000877570
3644,0.03355672,0.0000877506
3645,0.00796276,0.0000877442
3646,0.01834864,0.0000877377
3647,0.02408316,0.0000877313
3648,0.02646021,0.0000877249
3649,0.02910469,0.0000877184
3650,0.03152371,0.0000877120
3651,0.00971384,0.0000877055
3652,0.03880817,0.0000876991
3653,0.01942449,0.0000876926
3654,0.02077840,0.0000876862
3655,0.01673826,0.0000876797
3656,0.05141773,0.0000876733
3657,0.02023011,0.0000876668
3658,0.01326565,0.0000876604
3659,0.02780358,0.0000876539
3660,0.01817104,0.0000876475
3661,0.03642914,0.0000876410
3662,0.02498539,0.0000876346
3663,0.02583944,0.0000876281
3664,0.02744819,0.0000876216
3665,0.01302634,0.0000876152
3666,0.01072374,0.0000876087
3667,0.01727182,0.0000876022
3668,0.02489588,0.0000875958
3669,0.02697394,0.0000875893
3670,0.01946106,0.0000875828
3671,0.02441805,0.0000875764
3672,0.02172767,0.0000875699
3673,0.14725253,0.0000875634
3674,0.03224493,0.0000875569
3675,0.02231877,0.0000875505
3676,0.01428486,0.0000875440
3677,0.01474856,0.0000875375
3678,0.04153205,0.0000875310
3679,0.02492278,0.0000875245
3680,0.04502099,0.0000875180
3681,0.02230456,0.0000875116
3682,0.02531579,0.0000875051
3683,0.08342806,0.0000874986
3684,0.02456128,0.0000874921
3685,0.03674516,0.0000874856
3686,0.02704616,0.0000874791
3687,0.10785525,0.0000874726
3688,0.03041834,0.0000874661
3689,0.01998430,0.0000874596
3690,0.02257790,0.0000874531
3691,0.01068783,0.0000874466
3692,0.01684853,0.0000874401
3693,0.01888588,0.0000874336
3694,0.02876284,0.0000874271
3695,0.01631769,0.0000874206
3696,0.02562028,0.0000874141
3697,0.02052235,0.0000874076
3698,0.02662700,0.0000874011
3699,0.02082839,0.0000873946
3700,0.01066770,0.0000873880
3701,0.02881836,0.0000873815
3702,0.02157534,0.0000873750
3703,0.02440360,0.0000873685
3704,0.37778211,0.0000873620
3705,0.03152413,0.0000873554
3706,0.02582573,0.0000873489
3707,0.01692593,0.0000873424
3708,0.01546008,0.0000873359
3709,0.02790815,0.0000873293
3710,0.03340485,0.0000873228
3711,0.02598402,0.0000873163
3712,0.01147189,0.0000873098
3713,0.00986543,0.0000873032
3714,0.02609755,0.0000872967
3715,0.03187200,0.0000872902
3716,0.01446688,0.0000872836
3717,0.13668205,0.0000872771
3718,0.02950805,0.0000872705
3719,0.02975160,0.0000872640
3720,0.05013619,0.0000872575
3721,0.01943447,0.0000872509
3722,0.01884958,0.0000872444
3723,0.01425091,0.0000872378
3724,0.01255605,0.0000872313
3725,0.02236683,0.0000872247
3726,0.07493443,0.0000872182
3727,0.01512753,0.0000872116
3728,0.02510968,0.0000872051
3729,0.01611308,0.0000871985
3730,0.02410395,0.0000871920
3731,0.01280616,0.0000871854
3732,0.01101389,0.0000871788
3733,0.02316236,0.0000871723
3734,0.01921537,0.0000871657
3735,0.02122071,0.0000871591
3736,0.04091156,0.0000871526
3737,0.02018989,0.0000871460
3738,0.01408391,0.0000871394
3739,0.03278213,0.0000871329
3740,0.01640876,0.0000871263
3741,0.03112515,0.0000871197
3742,0.04783512,0.0000871132
3743,0.02513418,0.0000871066
3744,0.02303839,0.0000871000
3745,0.01488715,0.0000870934
3746,0.01928516,0.0000870868
3747,0.01366355,0.0000870803
3748,0.02472306,0.0000870737
3749,0.01513094,0.0000870671
3750,0.02374182,0.0000870605
3751,0.01335211,0.0000870539
3752,0.02620315,0.0000870473
3753,0.02027645,0.0000870407
3754,0.02391676,0.0000870342
3755,0.03092365,0.0000870276
3756,0.02558019,0.0000870210
3757,0.02088606,0.0000870144
3758,0.01560217,0.0000870078
3759,0.01757754,0.0000870012
3760,0.01552055,0.0000869946
3761,0.02105277,0.0000869880
3762,0.01352228,0.0000869814
3763,0.02678235,0.0000869748
3764,0.01696519,0.0000869682
3765,0.03548057,0.0000869616
3766,0.02637818,0.0000869549
3767,0.02452914,0.0000869483
3768,0.01373833,0.0000869417
3769,0.03379244,0.0000869351
3770,0.02617256,0.0000869285
3771,0.02209116,0.0000869219
3772,0.02726365,0.0000869153
3773,0.02933863,0.0000869086
3774,0.02302007,0.0000869020
3775,0.01785959,0.0000868954
3776,0.02659498,0.0000868888
3777,0.02681928,0.0000868822
3778,0.01795299,0.0000868755
3779,0.02897714,0.0000868689
3780,0.02043379,0.0000868623
3781,0.01310245,0.0000868556
3782,0.01609531,0.0000868490
3783,0.39090350,0.0000868424
3784,0.01616806,0.0000868357
3785,0.01616865,0.0000868291
3786,0.01823411,0.0000868225
3787,0.07105237,0.0000868158
3788,0.02645551,0.0000868092
3789,0.02151019,0.0000868026
3790,0.03717076,0.0000867959
3791,0.02744346,0.0000867893
3792,0.02099235,0.0000867826
3793,0.10213936,0.0000867760
3794,0.03131486,0.0000867693
3795,0.01868444,0.0000867627
3796,0.01585382,0.0000867560
3797,0.03309962,0.0000867494
3798,0.02123944,0.0000867427
3799,0.02419804,0.0000867361
3800,0.02307878,0.0000867294
3801,0.01314915,0.0000867228
3802,0.02403884,0.0000867161
3803,0.01654968,0.0000867094
3804,0.01923658,0.0000867028
3805,0.01170915,0.0000866961
3806,0.01916786,0.0000866894
3807,0.02532184,0.0000866828
3808,0.02719212,0.0000866761
3809,0.01934021,0.0000866694
3810,0.06253126,0.0000866628
3811,0.02771525,0.0000866561
3812,0.02262679,0.0000866494
3813,0.01233396,0.0000866427
3814,0.01548011,0.0000866361
3815,0.07906896,0.0000866294
3816,0.02122429,0.0000866227
3817,0.02585093,0.0000866160
3818,0.01609875,0.0000866093
3819,0.02688901,0.0000866027
3820,0.02090842,0.0000865960
3821,0.02542132,0.0000865893
3822,0.03544159,0.0000865826
3823,0.01329247,0.0000865759
3824,0.01845388,0.0000865692
3825,0.00823548,0.0000865625
3826,0.02262422,0.0000865558
3827,0.02517161,0.0000865491
3828,0.02293701,0.0000865424
3829,0.01267653,0.0000865357
3830,0.01666021,0.0000865291
3831,0.01814615,0.0000865224
3832,0.01695598,0.0000865156
3833,0.01052971,0.0000865089
3834,0.03078865,0.0000865022
3835,0.01885728,0.0000864955
3836,0.04095215,0.0000864888
3837,0.37307262,0.0000864821
3838,0.02310267,0.0000864754
3839,0.01876347,0.0000864687
3840,0.01350740,0.0000864620
3841,0.02153193,0.0000864553
3842,0.01676833,0.0000864486
3843,0.01495293,0.0000864418
3844,0.01839565,0.0000864351
3845,0.01705169,0.0000864284
3846,0.01836033,0.0000864217
3847,0.01877618,0.0000864150
3848,0.01284356,0.0000864082
3849,0.01832621,0.0000864015
3850,0.03483088,0.0000863948
3851,0.03217283,0.0000863880
3852,0.01542371,0.0000863813
3853,0.01605817,0.0000863746
3854,0.01121844,0.0000863679
3855,0.01989320,0.0000863611
3856,0.01700515,0.0000863544
3857,0.02084057,0.0000863476
3858,0.02283665,0.0000863409
3859,0.02141279,0.0000863342
3860,0.01416436,0.0000863274
3861,0.01881775,0.0000863207
3862,0.01793579,0.0000863139
3863,0.13780120,0.0000863072
3864,0.02351756,0.0000863004
3865,0.02111205,0.0000862937
3866,0.02336483,0.0000862870
3867,0.02839638,0.0000862802
3868,0.01597542,0.0000862734
3869,0.03291076,0.0000862667
3870,0.01956749,0.0000862599
3871,0.01518906,0.0000862532
3872,0.02036108,0.0000862464
3873,0.01998631,0.0000862397
3874,0.01707417,0.0000862329
3875,0.01679251,0.0000862261
3876,0.02588964,0.0000862194
3877,0.13318194,0.0000862126
3878,0.02521906,0.0000862058
3879,0.03162385,0.0000861991
3880,0.01495845,0.0000861923
3881,0.02928593,0.0000861855
3882,0.01561426,0.0000861788
3883,0.01942277,0.0000861720
3884,0.00933851,0.0000861652
3885,0.00600069,0.0000861584
3886,0.02862292,0.0000861517
3887,0.01317445,0.0000861449
3888,0.01262332,0.0000861381
3889,0.01583212,0.0000861313
3890,0.02022984,0.0000861245
3891,0.02597292,0.0000861178
3892,0.01600803,0.0000861110
3893,0.01985946,0.0000861042
3894,0.01468480,0.0000860974
3895,0.02713332,0.0000860906
3896,0.01852601,0.0000860838
3897,0.01687933,0.0000860770
3898,0.01644091,0.0000860702
3899,0.01305623,0.0000860634
3900,0.02357282,0.0000860566
3901,0.03011029,0.0000860498
3902,0.02551563,0.0000860430
3903,0.02798820,0.0000860362
3904,0.01715186,0.0000860294
3905,0.01248721,0.0000860226
3906,0.01313549,0.0000860158
3907,0.03322337,0.0000860090
3908,0.01413189,0.0000860022
3909,0.01400966,0.0000859954
3910,0.01731137,0.0000859886
3911,0.02467987,0.0000859818
3912,0.01120496,0.0000859750
3913,0.01086967,0.0000859682
3914,0.00762641,0.0000859613
3915,0.01175045,0.0000859545
3916,0.01673000,0.0000859477
3917,0.01525850,0.0000859409
3918,0.02116555,0.0000859341
3919,0.00976845,0.0000859272
3920,0.01424101,0.0000859204
3921,0.01039020,0.0000859136
3922,0.01796612,0.0000859068
3923,0.12987056,0.0000858999
3924,0.01368616,0.0000858931
3925,0.00600629,0.0000858863
3926,0.01338996,0.0000858794
3927,0.02022246,0.0000858726
3928,0.02467840,0.0000858658
3929,0.01933514,0.0000858589
3930,0.01498072,0.0000858521
3931,0.37438956,0.0000858452
3932,0.01189645,0.0000858384
3933,0.02064082,0.0000858316
3934,0.02194209,0.0000858247
3935,0.01145719,0.0000858179
3936,0.01788556,0.0000858110
3937,0.01073181,0.0000858042
3938,0.01471029,0.0000857973
3939,0.01410202,0.0000857905
3940,0.02498831,0.0000857836
3941,0.02105045,0.0000857768
3942,0.00763569,0.0000857699
3943,0.06239067,0.0000857631
3944,0.01942826,0.0000857562
3945,0.01735760,0.0000857493
3946,0.01496986,0.0000857425
3947,0.06881876,0.0000857356
3948,0.01680075,0.0000857288
3949,0.00992331,0.0000857219
3950,0.12146637,0.0000857150
3951,0.01185724,0.0000857082
3952,0.01874699,0.0000857013
3953,0.00560101,0.0000856944
3954,0.01784397,0.0000856876
3955,0.01703702,0.0000856807
3956,0.02056741,0.0000856738
3957,0.02068267,0.0000856669
3958,0.01578361,0.0000856601
3959,0.01844518,0.0000856532
3960,0.03897196,0.0000856463
3961,0.01640147,0.0000856394
3962,0.01621079,0.0000856325
3963,0.01254387,0.0000856256
3964,0.02219638,0.0000856188
3965,0.02606360,0.0000856119
3966,0.01597103,0.0000856050
3967,0.00667264,0.0000855981
3968,0.01830354,0.0000855912
3969,0.01625446,0.0000855843
3970,0.01392736,0.0000855774
3971,0.02241801,0.0000855705
3972,0.02853769,0.0000855636
3973,0.02007231,0.0000855567
3974,0.01710587,0.0000855498
3975,0.01715730,0.0000855429
3976,0.05963074,0.0000855360
3977,0.01118107,0.0000855291
3978,0.01588262,0.0000855222
3979,0.01865794,0.0000855153
3980,0.02226756,0.0000855084
3981,0.01533454,0.0000855015
3982,0.01552491,0.0000854946
3983,0.01916879,0.0000854877
3984,0.02408674,0.0000854808
3985,0.01750511,0.0000854739
3986,0.01133394,0.0000854669
3987,0.01396991,0.0000854600
3988,0.01511152,0.0000854531
3989,0.01902805,0.0000854462
3990,0.01680014,0.0000854393
3991,0.01539965,0.0000854323
3992,0.01271862,0.0000854254
3993,0.00956173,0.0000854185
3994,0.01071258,0.0000854116
3995,0.01779965,0.0000854046
3996,0.02630891,0.0000853977
3997,0.01327457,0.0000853908
3998,0.01565700,0.0000853839
3999,0.00569096,0.0000853769
4000,0.01009483,0.0000853700
4001,0.01097857,0.0000853630
4002,0.01021570,0.0000853561
4003,0.01042646,0.0000853492
4004,0.01069101,0.0000853422
4005,0.00757305,0.0000853353
4006,0.01252035,0.0000853283
4007,0.01501959,0.0000853214
4008,0.02454191,0.0000853145
4009,0.01561925,0.0000853075
4010,0.01194501,0.0000853006
4011,0.01472654,0.0000852936
4012,0.01355927,0.0000852867
4013,0.00844389,0.0000852797
4014,0.01348485,0.0000852728
4015,0.00915121,0.0000852658
4016,0.17799677,0.0000852588
4017,0.37073743,0.0000852519
4018,0.01324104,0.0000852449
4019,0.02709708,0.0000852380
4020,0.01725501,0.0000852310
4021,0.00984729,0.0000852240
4022,0.01075641,0.0000852171
4023,0.02334233,0.0000852101
4024,0.02046219,0.0000852032
4025,0.02803521,0.0000851962
4026,0.01109357,0.0000851892
4027,0.01656853,0.0000851822
4028,0.01750532,0.0000851753
4029,0.01773225,0.0000851683
4030,0.01508376,0.0000851613
4031,0.01895077,0.0000851543
4032,0.00879025,0.0000851474
4033,0.01985400,0.0000851404
4034,0.01947796,0.0000851334
4035,0.01333732,0.0000851264
4036,0.01766631,0.0000851194
4037,0.02139019,0.0000851125
4038,0.00804952,0.0000851055
4039,0.01340075,0.0000850985
4040,0.00744066,0.0000850915
4041,0.00493110,0.0000850845
4042,0.00537973,0.0000850775
4043,0.00544942,0.0000850705
4044,0.01438310,0.0000850635
4045,0.01195573,0.0000850565
4046,0.01606140,0.0000850495
4047,0.01637971,0.0000850425
4048,0.03358998,0.0000850355
4049,0.02923365,0.0000850285
4050,0.01344180,0.0000850215
4051,0.02096728,0.0000850145
4052,0.01331224,0.0000850075
4053,0.02309027,0.0000850005
4054,0.01077408,0.0000849935
4055,0.01887284,0.0000849865
4056,0.00877992,0.0000849795
4057,0.02110497,0.0000849725
4058,0.01187139,0.0000849655
4059,0.03465005,0.0000849585
4060,0.01179911,0.0000849514
4061,0.01665587,0.0000849444
4062,0.01458344,0.0000849374
4063,0.01534055,0.0000849304
4064,0.01758062,0.0000849234
4065,0.01904164,0.0000849163
4066,0.01225142,0.0000849093
4067,0.01869356,0.0000849023
4068,0.01083413,0.0000848953
4069,0.01328303,0.0000848882
4070,0.01050055,0.0000848812
4071,0.01872769,0.0000848742
4072,0.07149844,0.0000848671
4073,0.01714879,0.0000848601
4074,0.02132390,0.0000848531
4075,0.01009075,0.0000848460
4076,0.04006834,0.0000848390
4077,0.00497978,0.0000848320
4078,0.01166539,0.0000848249
4079,0.02633747,0.0000848179
4080,0.02588475,0.0000848108
4081,0.00941511,0.0000848038
4082,0.09866397,0.0000847968
4083,0.01124481,0.0000847897
4084,0.01928425,0.0000847827
4085,0.01244959,0.0000847756
4086,0.01365209,0.0000847686
4087,0.01380727,0.0000847615
4088,0.03183053,0.0000847545
4089,0.01276353,0.0000847474
4090,0.01052601,0.0000847403
4091,0.06802270,0.0000847333
4092,0.00954809,0.0000847262
4093,0.01654636,0.0000847192
4094,0.00959637,0.0000847121
4095,0.01113111,0.0000847050
4096,0.00844506,0.0000846980
4097,0.00966416,0.0000846909
4098,0.01465713,0.0000846839
4099,0.01454932,0.0000846768
4100,0.01116201,0.0000846697
4101,0.03131867,0.0000846626
4102,0.01122416,0.0000846556
4103,0.01760682,0.0000846485
4104,0.01355797,0.0000846414
4105,0.01228386,0.0000846343
4106,0.00813238,0.0000846273
4107,0.01940069,0.0000846202
4108,0.03704189,0.0000846131
4109,0.00717577,0.0000846060
4110,0.01814267,0.0000845989
4111,0.01128564,0.0000845919
4112,0.01158064,0.0000845848
4113,0.00742373,0.0000845777
4114,0.01190351,0.0000845706
4115,0.01329160,0.0000845635
4116,0.01343549,0.0000845564
4117,0.02776768,0.0000845493
4118,0.01103835,0.0000845422
4119,0.00854069,0.0000845351
4120,0.01399593,0.0000845280
4121,0.01103071,0.0000845210
4122,0.01247996,0.0000845139
4123,0.01142634,0.0000845068
4124,0.02022029,0.0000844997
4125,0.00886669,0.0000844926
4126,0.02415345,0.0000844854
4127,0.00927739,0.0000844783
4128,0.00815624,0.0000844712
4129,0.01445955,0.0000844641
4130,0.02324856,0.0000844570
4131,0.01086434,0.0000844499
4132,0.01340998,0.0000844428
4133,0.01142976,0.0000844357
4134,0.01267449,0.0000844286
4135,0.01597501,0.0000844215
4136,0.01342805,0.0000844143
4137,0.01414567,0.0000844072
4138,0.01736778,0.0000844001
4139,0.02188327,0.0000843930
4140,0.01154182,0.0000843859
4141,0.00757240,0.0000843787
4142,0.01274105,0.0000843716
4143,0.00913583,0.0000843645
4144,0.01738334,0.0000843574
4145,0.01228084,0.0000843502
4146,0.14966549,0.0000843431
4147,0.01793832,0.0000843360
4148,0.01054437,0.0000843288
4149,0.00757975,0.0000843217
4150,0.01115176,0.0000843146
4151,0.01469235,0.0000843074
4152,0.01183065,0.0000843003
4153,0.01426503,0.0000842931
4154,0.01366389,0.0000842860
4155,0.01003755,0.0000842789
4156,0.00969239,0.0000842717
4157,0.36894137,0.0000842646
4158,0.01513465,0.0000842574
4159,0.01385865,0.0000842503
4160,0.01100641,0.0000842431
4161,0.01761896,0.0000842360
4162,0.02128389,0.0000842288
4163,0.01671872,0.0000842217
4164,0.01710198,0.0000842145
4165,0.01002723,0.0000842074
4166,0.01171779,0.0000842002
4167,0.01251127,0.0000841930
4168,0.01492915,0.0000841859
4169,0.01103095,0.0000841787
4170,0.02550652,0.0000841716
4171,0.12804517,0.0000841644
4172,0.00998166,0.0000841572
4173,0.01876470,0.0000841501
4174,0.00995357,0.0000841429
4175,0.01500557,0.0000841357
4176,0.00904012,0.0000841286
4177,0.01514762,0.0000841214
4178,0.00845788,0.0000841142
4179,0.01093572,0.0000841071
4180,0.05667825,0.0000840999
4181,0.00852131,0.0000840927
4182,0.01258951,0.0000840855
4183,0.01260527,0.0000840783
4184,0.00778745,0.0000840712
4185,0.08840657,0.0000840640
4186,0.01138461,0.0000840568
4187,0.01514656,0.0000840496
4188,0.01095885,0.0000840424
4189,0.03235860,0.0000840352
4190,0.01410669,0.0000840281
4191,0.01065462,0.0000840209
4192,0.01568940,0.0000840137
4193,0.03302610,0.0000840065
4194,0.01336422,0.0000839993
4195,0.01339992,0.0000839921
4196,0.01376126,0.0000839849
4197,0.00450026,0.0000839777
4198,0.00907454,0.0000839705
4199,0.01295703,0.0000839633
4200,0.00741841,0.0000839561
4201,0.00924441,0.0000839489
4202,0.01347935,0.0000839417
4203,0.00572250,0.0000839345
4204,0.01905106,0.0000839273
4205,0.01773423,0.0000839201
4206,0.01363244,0.0000839129
4207,0.01000484,0.0000839057
4208,0.00815718,0.0000838984
4209,0.01010127,0.0000838912
4210,0.00891978,0.0000838840
4211,0.01300138,0.0000838768
4212,0.01084268,0.0000838696
4213,0.01053856,0.0000838624
4214,0.04467132,0.0000838551
4215,0.00862133,0.0000838479
4216,0.00736941,0.0000838407
4217,0.00997570,0.0000838335
4218,0.00993373,0.0000838263
4219,0.01022816,0.0000838190
4220,0.01288194,0.0000838118
4221,0.37079656,0.0000838046
4222,0.01337421,0.0000837973
4223,0.00846983,0.0000837901
4224,0.00803898,0.0000837829
4225,0.01555762,0.0000837756
4226,0.01431647,0.0000837684
4227,0.00760657,0.0000837612
4228,0.00717869,0.0000837539
4229,0.00867701,0.0000837467
4230,0.00778742,0.0000837395
4231,0.01479296,0.0000837322
4232,0.00799310,0.0000837250
4233,0.01933356,0.0000837177
4234,0.00880028,0.0000837105
4235,0.01531413,0.0000837032
4236,0.12754595,0.0000836960
4237,0.02531403,0.0000836887
4238,0.00891862,0.0000836815
4239,0.01103001,0.0000836742
4240,0.00848627,0.0000836670
4241,0.00923400,0.0000836597
4242,0.01789008,0.0000836525
4243,0.01242600,0.0000836452
4244,0.00781299,0.0000836379
4245,0.00978439,0.0000836307
4246,0.01415999,0.0000836234
4247,0.00866724,0.0000836162
4248,0.01115753,0.0000836089
4249,0.00685513,0.0000836016
4250,0.01088893,0.0000835944
4251,0.00902423,0.0000835871
4252,0.01407772,0.0000835798
4253,0.01661769,0.0000835726
4254,0.01449854,0.0000835653
4255,0.00985180,0.0000835580
4256,0.02109111,0.0000835507
4257,0.00794381,0.0000835435
4258,0.00534360,0.0000835362
4259,0.01506817,0.0000835289
4260,0.00574855,0.0000835216
4261,0.00665760,0.0000835144
4262,0.01071240,0.0000835071
4263,0.00852104,0.0000834998
4264,0.04550534,0.0000834925
4265,0.09102170,0.0000834852
4266,0.01018816,0.0000834779
4267,0.06193079,0.0000834706
4268,0.00771616,0.0000834634
4269,0.01104300,0.0000834561
4270,0.01312508,0.0000834488
4271,0.01425139,0.0000834415
4272,0.01002298,0.0000834342
4273,0.01168426,0.0000834269
4274,0.01458483,0.0000834196
4275,0.01495096,0.0000834123
4276,0.01070761,0.0000834050
4277,0.01277778,0.0000833977
4278,0.00470727,0.0000833904
4279,0.00754067,0.0000833831
4280,0.00625338,0.0000833758
4281,0.01896416,0.0000833685
4282,0.01155733,0.0000833612
4283,0.01090109,0.0000833539
4284,0.01436358,0.0000833465
4285,0.00992520,0.0000833392
4286,0.00729989,0.0000833319
4287,0.01105913,0.0000833246
4288,0.00683174,0.0000833173
4289,0.01325714,0.0000833100
4290,0.00748266,0.0000833027
4291,0.00702242,0.0000832953
4292,0.00717190,0.0000832880
4293,0.00625746,0.0000832807
4294,0.06427717,0.0000832734
4295,0.01169939,0.0000832660
4296,0.00790163,0.0000832587
4297,0.00786863,0.0000832514
4298,0.00686473,0.0000832441
4299,0.00853324,0.0000832367
4300,0.00624530,0.0000832294
4301,0.01222102,0.0000832221
4302,0.01058103,0.0000832147
4303,0.01198428,0.0000832074
4304,0.01127266,0.0000832001
4305,0.00887108,0.0000831927
4306,0.02056744,0.0000831854
4307,0.00655570,0.0000831781
4308,0.00594923,0.0000831707
4309,0.02997888,0.0000831634
4310,0.01118718,0.0000831560
4311,0.01069914,0.0000831487
4312,0.01044121,0.0000831413
4313,0.00748133,0.0000831340
4314,0.00867815,0.0000831266
4315,0.01144494,0.0000831193
4316,0.01134582,0.0000831119
4317,0.01407040,0.0000831046
4318,0.01037026,0.0000830972
4319,0.00303464,0.0000830899
4320,0.00386151,0.0000830825
4321,0.00567622,0.0000830752
4322,0.00903577,0.0000830678
4323,0.00686402,0.0000830605
4324,0.00672598,0.0000830531
4325,0.00861656,0.0000830457
4326,0.00750234,0.0000830384
4327,0.03911713,0.0000830310
4328,0.00705173,0.0000830236
4329,0.00988861,0.0000830163
4330,0.02313369,0.0000830089
4331,0.00768108,0.0000830015
4332,0.01105388,0.0000829942
4333,0.00947949,0.0000829868
4334,0.00990949,0.0000829794
4335,0.00985212,0.0000829720
4336,0.00582596,0.0000829647
4337,0.13514292,0.0000829573
4338,0.01541593,0.0000829499
4339,0.01633189,0.0000829425
4340,0.13117045,0.0000829351
4341,0.01185778,0.0000829278
4342,0.36811227,0.0000829204
4343,0.00702526,0.0000829130
4344,0.00953648,0.0000829056
4345,0.00862766,0.0000828982
4346,0.01025182,0.0000828908
4347,0.02385042,0.0000828834
4348,0.00737760,0.0000828760
4349,0.00996419,0.0000828686
4350,0.00693434,0.0000828613
4351,0.00753746,0.0000828539
4352,0.00919531,0.0000828465
4353,0.00858543,0.0000828391
4354,0.00723560,0.0000828317
4355,0.01018800,0.0000828243
4356,0.01426427,0.0000828169
4357,0.01241422,0.0000828095
4358,0.01775884,0.0000828021
4359,0.00617762,0.0000827946
4360,0.00959895,0.0000827872
4361,0.00649711,0.0000827798
4362,0.01165316,0.0000827724
4363,0.01196145,0.0000827650
4364,0.01611162,0.0000827576
4365,0.01105484,0.0000827502
4366,0.02945591,0.0000827428
4367,0.00671014,0.0000827354
4368,0.00945609,0.0000827279
4369,0.01445019,0.0000827205
4370,0.00935921,0.0000827131
4371,0.00607793,0.0000827057
4372,0.00592487,0.0000826983
4373,0.08478969,0.0000826908
4374,0.00936283,0.0000826834
4375,0.00749796,0.0000826760
4376,0.01317427,0.0000826686
4377,0.00635212,0.0000826611
4378,0.00371424,0.0000826537
4379,0.00752251,0.0000826463
4380,0.01006488,0.0000826388
4381,0.00975806,0.0000826314
4382,0.00487264,0.0000826240
4383,0.01080438,0.0000826165
4384,0.00764078,0.0000826091
4385,0.06693675,0.0000826017
4386,0.00924645,0.0000825942
4387,0.00667708,0.0000825868
4388,0.00859945,0.0000825793
4389,0.12860450,0.0000825719
4390,0.01175982,0.0000825644
4391,0.00730466,0.0000825570
4392,0.01207685,0.0000825496
4393,0.00701382,0.0000825421
4394,0.00691710,0.0000825347
4395,0.02479553,0.0000825272
4396,0.00644462,0.0000825198
4397,0.00515222,0.0000825123
4398,0.00979028,0.0000825048
4399,0.00778858,0.0000824974
4400,0.00479351,0.0000824899
4401,0.01210430,0.0000824825
4402,0.00373954,0.0000824750
4403,0.01344777,0.0000824676
4404,0.00765778,0.0000824601
4405,0.00785975,0.0000824526
4406,0.00727602,0.0000824452
4407,0.00875185,0.0000824377
4408,0.00876044,0.0000824302
4409,0.00528929,0.0000824228
4410,0.01060153,0.0000824153
4411,0.01793886,0.0000824078
4412,0.01030274,0.0000824003
4413,0.00680653,0.0000823929
4414,0.01509630,0.0000823854
4415,0.01264962,0.0000823779
4416,0.00927242,0.0000823704
4417,0.01272197,0.0000823630
4418,0.02511913,0.0000823555
4419,0.00701802,0.0000823480
4420,0.00546045,0.0000823405
4421,0.00880668,0.0000823330
4422,0.00854973,0.0000823256
4423,0.00711604,0.0000823181
4424,0.02402221,0.0000823106
4425,0.00958870,0.0000823031
4426,0.01170693,0.0000822956
4427,0.00717533,0.0000822881
4428,0.00806233,0.0000822806
4429,0.00584259,0.0000822731
4430,0.01045848,0.0000822656
4431,0.00760124,0.0000822581
4432,0.00865212,0.0000822506
4433,0.00869897,0.0000822431
4434,0.05769060,0.0000822356
4435,0.00591542,0.0000822281
4436,0.00801333,0.0000822206
4437,0.01104998,0.0000822131
4438,0.00572518,0.0000822056
4439,0.00992749,0.0000821981
4440,0.00469564,0.0000821906
4441,0.00631010,0.0000821831
4442,0.00670161,0.0000821756
4443,0.00539424,0.0000821681
4444,0.00565892,0.0000821606
4445,0.00822980,0.0000821531
4446,0.00568455,0.0000821456
4447,0.00961513,0.0000821380
4448,0.00827012,0.0000821305
4449,0.03851338,0.0000821230
4450,0.00589537,0.0000821155
4451,0.01072036,0.0000821080
4452,0.36469376,0.0000821004
4453,0.00437430,0.0000820929
4454,0.00700300,0.0000820854
4455,0.01507770,0.0000820779
4456,0.00699764,0.0000820703
4457,0.00867986,0.0000820628
4458,0.00921872,0.0000820553
4459,0.00678898,0.0000820478
4460,0.01211808,0.0000820402
4461,0.00795558,0.0000820327
4462,0.02871092,0.0000820252
4463,0.00748128,0.0000820176
4464,0.01088522,0.0000820101
4465,0.00863171,0.0000820025
4466,0.00777811,0.0000819950
4467,0.03633515,0.0000819875
4468,0.00843878,0.0000819799
4469,0.00922133,0.0000819724
4470,0.02479247,0.0000819648
4471,0.00395110,0.0000819573
4472,0.01064273,0.0000819497
4473,0.00975635,0.0000819422
4474,0.00706416,0.0000819346
4475,0.00489777,0.0000819271
4476,0.01777076,0.0000819195
4477,0.01245948,0.0000819120
4478,0.00472228,0.0000819044
4479,0.00848664,0.0000818969
4480,0.00721630,0.0000818893
4481,0.00642230,0.0000818818
4482,0.01185000,0.0000818742
4483,0.36500290,0.0000818667
4484,0.00587687,0.0000818591
4485,0.00582430,0.0000818515
4486,0.00747862,0.0000818440
4487,0.02652223,0.0000818364
4488,0.00752813,0.0000818288
4489,0.02118552,0.0000818213
4490,0.00645201,0.0000818137
4491,0.01756291,0.0000818061
4492,0.00821829,0.0000817986
4493,0.06104012,0.0000817910
4494,0.00655871,0.0000817834
4495,0.00748442,0.0000817758
4496,0.00502595,0.0000817683
4497,0.00659911,0.0000817607
4498,0.02299829,0.0000817531
4499,0.00646116,0.0000817455
4500,0.00670674,0.0000817379
4501,0.00761904,0.0000817304
4502,0.00912727,0.0000817228
4503,0.00881807,0.0000817152
4504,0.00543384,0.0000817076
4505,0.00549723,0.0000817000
4506,0.00731160,0.0000816924
4507,0.00576118,0.0000816848
4508,0.01297534,0.0000816773
4509,0.00826583,0.0000816697
4510,0.00922860,0.0000816621
4511,0.00464230,0.0000816545
4512,0.00700572,0.0000816469
4513,0.00682903,0.0000816393
4514,0.01028435,0.0000816317
4515,0.00435459,0.0000816241
4516,0.00830375,0.0000816165
4517,0.00698299,0.0000816089
4518,0.00675550,0.0000816013
4519,0.00679661,0.0000815937
4520,0.00667731,0.0000815861
4521,0.00361350,0.0000815785
4522,0.06683510,0.0000815709
4523,0.00826075,0.0000815632
4524,0.01087373,0.0000815556
4525,0.00886451,0.0000815480
4526,0.00824100,0.0000815404
4527,0.01166693,0.0000815328
4528,0.00942002,0.0000815252
4529,0.00441922,0.0000815176
4530,0.00448198,0.0000815100
4531,0.00538322,0.0000815023
4532,0.00877032,0.0000814947
4533,0.00443185,0.0000814871
4534,0.01205363,0.0000814795
4535,0.00706743,0.0000814718
4536,0.00504431,0.0000814642
4537,0.00793663,0.0000814566
4538,0.00978265,0.0000814490
4539,0.00675277,0.0000814413
4540,0.00550405,0.0000814337
4541,0.08615357,0.0000814261
4542,0.00559861,0.0000814185
4543,0.00596965,0.0000814108
4544,0.00713954,0.0000814032
4545,0.00919372,0.0000813955
4546,0.00509503,0.0000813879
4547,0.00729747,0.0000813803
4548,0.00718427,0.0000813726
4549,0.00562074,0.0000813650
4550,0.12347919,0.0000813574
4551,0.00980342,0.0000813497
4552,0.00878500,0.0000813421
4553,0.00454152,0.0000813344
4554,0.00656732,0.0000813268
4555,0.01025437,0.0000813191
4556,0.00699259,0.0000813115
4557,0.00532385,0.0000813038
4558,0.00873745,0.0000812962
4559,0.00483112,0.0000812885
4560,0.00944050,0.0000812809
4561,0.00785893,0.0000812732
4562,0.00804115,0.0000812656
4563,0.00362316,0.0000812579
4564,0.00972485,0.0000812502
4565,0.00553072,0.0000812426
4566,0.00541890,0.0000812349
4567,0.00923601,0.0000812273
4568,0.00378756,0.0000812196
4569,0.00566627,0.0000812119
4570,0.00846931,0.0000812043
4571,0.00823777,0.0000811966
4572,0.00787850,0.0000811889
4573,0.00551601,0.0000811813
4574,0.00558781,0.0000811736
4575,0.08611979,0.0000811659
4576,0.00875659,0.0000811582
4577,0.00917418,0.0000811506
4578,0.00606260,0.0000811429
4579,0.00624211,0.0000811352
4580,0.00676893,0.0000811275
4581,0.00663004,0.0000811199
4582,0.00764535,0.0000811122
4583,0.00549288,0.0000811045
4584,0.00522852,0.0000810968
4585,0.00465499,0.0000810891
4586,0.00492883,0.0000810815
4587,0.36529121,0.0000810738
4588,0.01404164,0.0000810661
4589,0.00640521,0.0000810584
4590,0.00588740,0.0000810507
4591,0.00443957,0.0000810430
4592,0.00731668,0.0000810353
4593,0.00525682,0.0000810276
4594,0.01863873,0.0000810199
4595,0.00615989,0.0000810122
4596,0.00687427,0.0000810045
4597,0.01131307,0.0000809968
4598,0.00742756,0.0000809891
4599,0.00624559,0.0000809814
4600,0.00478031,0.0000809737
4601,0.00565280,0.0000809660
4602,0.00561578,0.0000809583
4603,0.00606003,0.0000809506
4604,0.00407817,0.0000809429
4605,0.00555414,0.0000809352
4606,0.00587151,0.0000809275
4607,0.00532111,0.0000809198
4608,0.00637425,0.0000809121
4609,0.00418723,0.0000809044
4610,0.00598957,0.0000808967
4611,0.02057848,0.0000808889
4612,0.00715184,0.0000808812
4613,0.00392126,0.0000808735
4614,0.12371860,0.0000808658
4615,0.00679948,0.0000808581
4616,0.00742222,0.0000808504
4617,0.00600360,0.0000808426
4618,0.02750184,0.0000808349
4619,0.00511728,0.0000808272
4620,0.01168259,0.0000808195
4621,0.00675666,0.0000808117
4622,0.06396943,0.0000808040
4623,0.00896190,0.0000807963
4624,0.00555854,0.0000807885
4625,0.03875721,0.0000807808
4626,0.00493484,0.0000807731
4627,0.05277137,0.0000807654
4628,0.00842183,0.0000807576
4629,0.00902357,0.0000807499
4630,0.01074433,0.0000807421
4631,0.00735923,0.0000807344
4632,0.00665123,0.0000807267
4633,0.00762410,0.0000807189
4634,0.00742928,0.0000807112
4635,0.00707293,0.0000807034
4636,0.01099940,0.0000806957
4637,0.02141690,0.0000806880
4638,0.00493487,0.0000806802
4639,0.00759152,0.0000806725
4640,0.00600426,0.0000806647
4641,0.00786455,0.0000806570
4642,0.00510983,0.0000806492
4643,0.01018136,0.0000806415
4644,0.00451269,0.0000806337
4645,0.02407076,0.0000806259
4646,0.00627733,0.0000806182
4647,0.01009837,0.0000806104
4648,0.00886700,0.0000806027
4649,0.00868926,0.0000805949
4650,0.00984411,0.0000805872
4651,0.00639154,0.0000805794
4652,0.02621101,0.0000805716
4653,0.00788759,0.0000805639
4654,0.00505955,0.0000805561
4655,0.00861699,0.0000805483
4656,0.10149218,0.0000805406
4657,0.00638588,0.0000805328
4658,0.00554970,0.0000805250
4659,0.00740375,0.0000805173
4660,0.00644030,0.0000805095
4661,0.01145993,0.0000805017
4662,0.00599799,0.0000804939
4663,0.00535648,0.0000804862
4664,0.00619558,0.0000804784
4665,0.00441983,0.0000804706
4666,0.00491459,0.0000804628
4667,0.00706617,0.0000804550
4668,0.00767778,0.0000804473
4669,0.12589848,0.0000804395
4670,0.00470616,0.0000804317
4671,0.05209518,0.0000804239
4672,0.00699336,0.0000804161
4673,0.00467500,0.0000804083
4674,0.00736556,0.0000804005
4675,0.00345002,0.0000803928
4676,0.00597445,0.0000803850
4677,0.00545607,0.0000803772
4678,0.00337916,0.0000803694
4679,0.00522643,0.0000803616
4680,0.01536472,0.0000803538
4681,0.00776855,0.0000803460
4682,0.00477741,0.0000803382
4683,0.00813640,0.0000803304
4684,0.01365108,0.0000803226
4685,0.01697394,0.0000803148
4686,0.00554497,0.0000803070
4687,0.00828281,0.0000802992
4688,0.00373944,0.0000802914
4689,0.00455816,0.0000802836
4690,0.00546590,0.0000802758
4691,0.00689073,0.0000802680
4692,0.00658248,0.0000802601
4693,0.00983006,0.0000802523
4694,0.00427976,0.0000802445
4695,0.00305830,0.0000802367
4696,0.00898794,0.0000802289
4697,0.00529720,0.0000802211
4698,0.00217166,0.0000802133
4699,0.01091078,0.0000802054
4700,0.01025257,0.0000801976
4701,0.00527562,0.0000801898
4702,0.00294248,0.0000801820
4703,0.00899385,0.0000801742
4704,0.00505267,0.0000801663
4705,0.00741730,0.0000801585
4706,0.00568958,0.0000801507
4707,0.00477475,0.0000801429
4708,0.00591445,0.0000801350
4709,0.00467439,0.0000801272
4710,0.03544985,0.0000801194
4711,0.06440587,0.0000801115
4712,0.00857821,0.0000801037
4713,0.00723651,0.0000800959
4714,0.00574032,0.0000800880
4715,0.00511090,0.0000800802
4716,0.00962670,0.0000800724
4717,0.00723319,0.0000800645
4718,0.00487462,0.0000800567
4719,0.36974037,0.0000800488
4720,0.00822132,0.0000800410
4721,0.00721678,0.0000800331
4722,0.00562656,0.0000800253
4723,0.00540145,0.0000800175
4724,0.00514607,0.0000800096
4725,0.00269376,0.0000800018
4726,0.00439588,0.0000799939
4727,0.00796045,0.0000799861
4728,0.02332742,0.0000799782
4729,0.00719026,0.0000799704
4730,0.00751251,0.0000799625
4731,0.00855784,0.0000799546
4732,0.02502383,0.0000799468
4733,0.00529730,0.0000799389
4734,0.02848717,0.0000799311
4735,0.00506741,0.0000799232
4736,0.00684059,0.0000799154
4737,0.00803153,0.0000799075
4738,0.00875092,0.0000798996
4739,0.00618239,0.0000798918
4740,0.00564585,0.0000798839
4741,0.00668418,0.0000798760
4742,0.00531788,0.0000798682
4743,0.00951955,0.0000798603
4744,0.01143147,0.0000798524
4745,0.01129295,0.0000798446
4746,0.00379267,0.0000798367
4747,0.00544360,0.0000798288
4748,0.00417909,0.0000798209
4749,0.00707391,0.0000798131
4750,0.00797089,0.0000798052
4751,0.00651139,0.0000797973
4752,0.00592183,0.0000797894
4753,0.00734429,0.0000797815
4754,0.00846349,0.0000797737
4755,0.00460340,0.0000797658
4756,0.00565910,0.0000797579
4757,0.00377635,0.0000797500
4758,0.00664858,0.0000797421
4759,0.00434575,0.0000797342
4760,0.00817180,0.0000797263
4761,0.00531811,0.0000797185
4762,0.36827272,0.0000797106
4763,0.01845257,0.0000797027
4764,0.00527498,0.0000796948
4765,0.00812890,0.0000796869
4766,0.00433919,0.0000796790
4767,0.00551105,0.0000796711
4768,0.00623042,0.0000796632
4769,0.00500171,0.0000796553
4770,0.00466822,0.0000796474
4771,0.00652140,0.0000796395
4772,0.00604311,0.0000796316
4773,0.00381530,0.0000796237
4774,0.00592198,0.0000796158
4775,0.00490526,0.0000796079
4776,0.00383435,0.0000796000
4777,0.00690778,0.0000795921
4778,0.00456828,0.0000795842
4779,0.00660901,0.0000795762
4780,0.00523715,0.0000795683
4781,0.00467480,0.0000795604
4782,0.00756093,0.0000795525
4783,0.02509564,0.0000795446
4784,0.00918487,0.0000795367
4785,0.00607647,0.0000795288
4786,0.00429151,0.0000795208
4787,0.02982982,0.0000795129
4788,0.00582189,0.0000795050
4789,0.00569435,0.0000794971
4790,0.00649156,0.0000794892
4791,0.00306362,0.0000794812
4792,0.00827717,0.0000794733
4793,0.00517503,0.0000794654
4794,0.00942458,0.0000794575
4795,0.00775872,0.0000794495
4796,0.00633776,0.0000794416
4797,0.00841236,0.0000794337
4798,0.02034386,0.0000794257
4799,0.00493596,0.0000794178
4800,0.01490783,0.0000794099
4801,0.00803671,0.0000794019
4802,0.00747115,0.0000793940
4803,0.00499972,0.0000793861
4804,0.00541754,0.0000793781
4805,0.00572127,0.0000793702
4806,0.00474993,0.0000793622
4807,0.00684441,0.0000793543
4808,0.00638884,0.0000793464
4809,0.12502900,0.0000793384
4810,0.00333524,0.0000793305
4811,0.01036215,0.0000793225
4812,0.00738154,0.0000793146
4813,0.00729440,0.0000793066
4814,0.00480386,0.0000792987
4815,0.00664335,0.0000792907
4816,0.00618336,0.0000792828
4817,0.00551386,0.0000792748
4818,0.02039013,0.0000792669
4819,0.01183371,0.0000792589
4820,0.01007508,0.0000792510
4821,0.00684559,0.0000792430
4822,0.06233250,0.0000792350
4823,0.02085701,0.0000792271
4824,0.00634543,0.0000792191
4825,0.00364747,0.0000792112
4826,0.00361051,0.0000792032
4827,0.00590865,0.0000791952
4828,0.00516954,0.0000791873
4829,0.00514202,0.0000791793
4830,0.00534375,0.0000791713
4831,0.03660403,0.0000791634
4832,0.00565778,0.0000791554
4833,0.00778030,0.0000791474
4834,0.00622908,0.0000791394
4835,0.00830831,0.0000791315
4836,0.00824049,0.0000791235
4837,0.00725216,0.0000791155
4838,0.08722406,0.0000791075
4839,0.00501357,0.0000790996
4840,0.00654026,0.0000790916
4841,0.00634586,0.0000790836
4842,0.00180013,0.0000790756
4843,0.05921285,0.0000790676
4844,0.00517391,0.0000790597
4845,0.00706853,0.0000790517
4846,0.00616498,0.0000790437
4847,0.01245474,0.0000790357
4848,0.00573901,0.0000790277
4849,0.00531710,0.0000790197
4850,0.00245796,0.0000790117
4851,0.00602359,0.0000790037
4852,0.12521322,0.0000789958
4853,0.00392401,0.0000789878
4854,0.00386478,0.0000789798
4855,0.00579429,0.0000789718
4856,0.00768000,0.0000789638
4857,0.00825305,0.0000789558
4858,0.00561280,0.0000789478
4859,0.00729136,0.0000789398
4860,0.00460203,0.0000789318
4861,0.01085175,0.0000789238
4862,0.00446213,0.0000789158
4863,0.00464601,0.0000789078
4864,0.00480506,0.0000788998
4865,0.00356389,0.0000788917
4866,0.00739052,0.0000788837
4867,0.00749975,0.0000788757
4868,0.00408740,0.0000788677
4869,0.00618534,0.0000788597
4870,0.00584409,0.0000788517
4871,0.00784968,0.0000788437
4872,0.02450194,0.0000788357
4873,0.01395442,0.0000788277
4874,0.00600714,0.0000788196
4875,0.00858944,0.0000788116
4876,0.00453854,0.0000788036
4877,0.00520518,0.0000787956
4878,0.00446191,0.0000787876
4879,0.02548340,0.0000787795
4880,0.00680478,0.0000787715
4881,0.00607540,0.0000787635
4882,0.00246885,0.0000787555
4883,0.00697950,0.0000787474
4884,0.00639579,0.0000787394
4885,0.00945854,0.0000787314
4886,0.00677650,0.0000787233
4887,0.02708313,0.0000787153
4888,0.00669042,0.0000787073
4889,0.01093593,0.0000786993
4890,0.00390500,0.0000786912
4891,0.00549935,0.0000786832
4892,0.00450295,0.0000786751
4893,0.00620276,0.0000786671
4894,0.00228693,0.0000786591
4895,0.01037679,0.0000786510
4896,0.06366918,0.0000786430
4897,0.00366082,0.0000786349
4898,0.00520283,0.0000786269
4899,0.03842505,0.0000786189
4900,0.00736647,0.0000786108
4901,0.01092885,0.0000786028
4902,0.00506255,0.0000785947
4903,0.00392267,0.0000785867
4904,0.00369214,0.0000785786
4905,0.00730074,0.0000785706
4906,0.00741300,0.0000785625
4907,0.00427401,0.0000785545
4908,0.09308528,0.0000785464
4909,0.00531405,0.0000785383
4910,0.00404071,0.0000785303
4911,0.36358058,0.0000785222
4912,0.00598674,0.0000785142
4913,0.00476043,0.0000785061
4914,0.00451241,0.0000784981
4915,0.00623989,0.0000784900
4916,0.00513230,0.0000784819
4917,0.00598760,0.0000784739
4918,0.01017598,0.0000784658
4919,0.02083531,0.0000784577
4920,0.00616844,0.0000784497
4921,0.00734693,0.0000784416
4922,0.00492593,0.0000784335
4923,0.00750575,0.0000784255
4924,0.00756204,0.0000784174
4925,0.00990930,0.0000784093
4926,0.00611402,0.0000784012
4927,0.00628008,0.0000783932
4928,0.00534180,0.0000783851
4929,0.00604225,0.0000783770
4930,0.00343602,0.0000783689
4931,0.05379710,0.0000783608
4932,0.00382206,0.0000783528
4933,0.01845809,0.0000783447
4934,0.00667689,0.0000783366
4935,0.00422166,0.0000783285
4936,0.00512589,0.0000783204
4937,0.00350654,0.0000783123
4938,0.00546498,0.0000783043
4939,0.00515731,0.0000782962
4940,0.00531975,0.0000782881
4941,0.00619120,0.0000782800
4942,0.01257803,0.0000782719
4943,0.00496366,0.0000782638
4944,0.01049593,0.0000782557
4945,0.00726462,0.0000782476
4946,0.00917327,0.0000782395
4947,0.00547052,0.0000782314
4948,0.06448104,0.0000782233
4949,0.00555797,0.0000782152
4950,0.00592151,0.0000782071
4951,0.00510085,0.0000781990
4952,0.00559781,0.0000781909
4953,0.00466098,0.0000781828
4954,0.00535804,0.0000781747
4955,0.00647561,0.0000781666
4956,0.00601823,0.0000781585
4957,0.00390684,0.0000781504
4958,0.08716863,0.0000781423
4959,0.01016057,0.0000781342
4960,0.00442202,0.0000781261
4961,0.00514811,0.0000781180
4962,0.00320084,0.0000781098
4963,0.00563434,0.0000781017
4964,0.00590879,0.0000780936
4965,0.36615729,0.0000780855
4966,0.00370877,0.0000780774
4967,0.00384862,0.0000780693
4968,0.00470065,0.0000780611
4969,0.00332907,0.0000780530
4970,0.02188502,0.0000780449
4971,0.00681406,0.0000780368
4972,0.01084450,0.0000780286
4973,0.00530056,0.0000780205
4974,0.00742566,0.0000780124
4975,0.01228625,0.0000780043
4976,0.00495635,0.0000779961
4977,0.00628957,0.0000779880
4978,0.01130572,0.0000779799
4979,0.00614798,0.0000779717
4980,0.00407601,0.0000779636
4981,0.00409674,0.0000779555
4982,0.00518506,0.0000779473
4983,0.00396828,0.0000779392
4984,0.00424024,0.0000779311
4985,0.00649497,0.0000779229
4986,0.00296199,0.0000779148
4987,0.00392953,0.0000779067
4988,0.00528271,0.0000778985
4989,0.00493450,0.0000778904
4990,0.00517998,0.0000778822
4991,0.00349723,0.0000778741
4992,0.00342446,0.0000778659
4993,0.03619946,0.0000778578
4994,0.00818801,0.0000778496
4995,0.01654314,0.0000778415
4996,0.00327820,0.0000778333
4997,0.00424770,0.0000778252
4998,0.12385701,0.0000778170
4999,0.02048890,0.0000778089
5000,0.00425653,0.0000778007
5001,0.00558188,0.0000777926
5002,0.00702662,0.0000777844
5003,0.00411032,0.0000777763
5004,0.00623348,0.0000777681
5005,0.00583592,0.0000777599
5006,0.00460732,0.0000777518
5007,0.00866292,0.0000777436
5008,0.00461532,0.0000777355
5009,0.00304718,0.0000777273
5010,0.05492381,0.0000777191
5011,0.00580750,0.0000777110
5012,0.00293496,0.0000777028
5013,0.00796758,0.0000776946
5014,0.00898196,0.0000776865
5015,0.00340637,0.0000776783
5016,0.02739837,0.0000776701
5017,0.01238417,0.0000776619
5018,0.00653810,0.0000776538
5019,0.00700418,0.0000776456
5020,0.00494756,0.0000776374
5021,0.00554248,0.0000776292
5022,0.00447922,0.0000776211
5023,0.00392132,0.0000776129
5024,0.00573031,0.0000776047
5025,0.02771593,0.0000775965
5026,0.00477678,0.0000775883
5027,0.00665183,0.0000775802
5028,0.00521949,0.0000775720
5029,0.00523368,0.0000775638
5030,0.00396216,0.0000775556
5031,0.00403433,0.0000775474
5032,0.00754625,0.0000775392
5033,0.00584706,0.0000775310
5034,0.00675207,0.0000775229
5035,0.00407561,0.0000775147
5036,0.00729425,0.0000775065
5037,0.00433587,0.0000774983
5038,0.00443594,0.0000774901
5039,0.01143338,0.0000774819
5040,0.05319183,0.0000774737
5041,0.00601620,0.0000774655
5042,0.00543637,0.0000774573
5043,0.01100816,0.0000774491
5044,0.01798120,0.0000774409
5045,0.00589443,0.0000774327
5046,0.00515514,0.0000774245
5047,0.00657983,0.0000774163
5048,0.00528071,0.0000774081
5049,0.00563315,0.0000773999
5050,0.00703913,0.0000773917
5051,0.00923424,0.0000773835
5052,0.00453965,0.0000773752
5053,0.00350748,0.0000773670
5054,0.00559371,0.0000773588
5055,0.00527262,0.0000773506
5056,0.00424143,0.0000773424
5057,0.00773258,0.0000773342
5058,0.00349954,0.0000773260
5059,0.00739036,0.0000773178
5060,0.00461994,0.0000773095
5061,0.00586483,0.0000773013
5062,0.00655277,0.0000772931
5063,0.00535147,0.0000772849
5064,0.00723789,0.0000772767
5065,0.36118725,0.0000772684
5066,0.00484887,0.0000772602
5067,0.00560367,0.0000772520
5068,0.01486953,0.0000772438
5069,0.00667705,0.0000772355
5070,0.00413234,0.0000772273
5071,0.00601446,0.0000772191
5072,0.02054049,0.0000772108
5073,0.00717439,0.0000772026
5074,0.00420212,0.0000771944
5075,0.00679038,0.0000771861
5076,0.00378030,0.0000771779
5077,0.03547364,0.0000771697
5078,0.00589826,0.0000771614
5079,0.00593639,0.0000771532
5080,0.00502438,0.0000771450
5081,0.00463152,0.0000771367
5082,0.00640082,0.0000771285
5083,0.00346821,0.0000771202
5084,0.12364912,0.0000771120
5085,0.00580908,0.0000771037
5086,0.00538458,0.0000770955
5087,0.00473185,0.0000770873
5088,0.00496913,0.0000770790
5089,0.00445215,0.0000770708
5090,0.02271263,0.0000770625
5091,0.00376425,0.0000770543
5092,0.01242037,0.0000770460
5093,0.00546312,0.0000770378
5094,0.00538340,0.0000770295
5095,0.00446128,0.0000770212
5096,0.00666342,0.0000770130
5097,0.01117571,0.0000770047
5098,0.00536821,0.0000769965
5099,0.00548206,0.0000769882
5100,0.00441151,0.0000769800
5101,0.00604117,0.0000769717
5102,0.00408707,0.0000769634
5103,0.00329275,0.0000769552
5104,0.02623349,0.0000769469
5105,0.00989190,0.0000769386
5106,0.00399166,0.0000769304
5107,0.00391709,0.0000769221
5108,0.00320509,0.0000769138
5109,0.00499070,0.0000769056
5110,0.00380064,0.0000768973
5111,0.00547912,0.0000768890
5112,0.01999552,0.0000768808
5113,0.00366895,0.0000768725
5114,0.00326444,0.0000768642
5115,0.06404287,0.0000768559
5116,0.00708918,0.0000768477
5117,0.00640511,0.0000768394
5118,0.00434578,0.0000768311
5119,0.00732599,0.0000768228
5120,0.00902320,0.0000768145
5121,0.00301870,0.0000768063
5122,0.00418459,0.0000767980
5123,0.00447029,0.0000767897
5124,0.08625961,0.0000767814
5125,0.00673789,0.0000767731
5126,0.00471768,0.0000767648
5127,0.00621778,0.0000767566
5128,0.00526151,0.0000767483
5129,0.00417630,0.0000767400
5130,0.00839251,0.0000767317
5131,0.00451850,0.0000767234
5132,0.00451985,0.0000767151
5133,0.00596824,0.0000767068
5134,0.01384345,0.0000766985
5135,0.00517604,0.0000766902
5136,0.00292847,0.0000766819
5137,0.00519158,0.0000766736
5138,0.00329702,0.0000766653
5139,0.00554642,0.0000766570
5140,0.00204309,0.0000766487
5141,0.00525931,0.0000766404
5142,0.00461387,0.0000766321
5143,0.02194648,0.0000766238
5144,0.00558704,0.0000766155
5145,0.00625646,0.0000766072
5146,0.00390720,0.0000765989
5147,0.00516745,0.0000765906
5148,0.00388846,0.0000765823
5149,0.00517152,0.0000765740
5150,0.00369716,0.0000765657
5151,0.00615855,0.0000765573
5152,0.00610085,0.0000765490
5153,0.00600543,0.0000765407
5154,0.00348535,0.0000765324
5155,0.00341306,0.0000765241
5156,0.00477159,0.0000765158
5157,0.00342597,0.0000765075
5158,0.02546753,0.0000764991
5159,0.00491755,0.0000764908
5160,0.00605192,0.0000764825
5161,0.00556839,0.0000764742
5162,0.00364159,0.0000764658
5163,0.03540876,0.0000764575
5164,0.00422797,0.0000764492
5165,0.00402310,0.0000764409
5166,0.00466123,0.0000764325
5167,0.00520550,0.0000764242
5168,0.00720335,0.0000764159
5169,0.00635864,0.0000764076
5170,0.00358746,0.0000763992
5171,0.02138232,0.0000763909
5172,0.00613881,0.0000763826
5173,0.36281803,0.0000763742
5174,0.00411764,0.0000763659
5175,0.00438982,0.0000763575
5176,0.00733808,0.0000763492
5177,0.00287217,0.0000763409
5178,0.08344113,0.0000763325
5179,0.00464452,0.0000763242
5180,0.01108630,0.0000763158
5181,0.06415536,0.0000763075
5182,0.01059358,0.0000762992
5183,0.00453661,0.0000762908
5184,0.00421490,0.0000762825
5185,0.00471806,0.0000762741
5186,0.00900219,0.0000762658
5187,0.00495215,0.0000762574
5188,0.00945283,0.0000762491
5189,0.02640558,0.0000762407
5190,0.00549401,0.0000762324
5191,0.00857761,0.0000762240
5192,0.00805319,0.0000762157
5193,0.00733325,0.0000762073
5194,0.00326564,0.0000761990
5195,0.00534435,0.0000761906
5196,0.00232096,0.0000761822
5197,0.00540078,0.0000761739
5198,0.02056403,0.0000761655
5199,0.00432967,0.0000761572
5200,0.00460880,0.0000761488
5201,0.00504462,0.0000761404
5202,0.00474513,0.0000761321
5203,0.00582358,0.0000761237
5204,0.00504807,0.0000761153
5205,0.00423023,0.0000761070
5206,0.00499031,0.0000760986
5207,0.00772554,0.0000760902
5208,0.00742684,0.0000760819
5209,0.00487785,0.0000760735
5210,0.00608846,0.0000760651
5211,0.05412348,0.0000760568
5212,0.01897384,0.0000760484
5213,0.12475459,0.0000760400
5214,0.00538249,0.0000760316
5215,0.00532857,0.0000760233
5216,0.00340297,0.0000760149
5217,0.00324910,0.0000760065
5218,0.00390697,0.0000759981
5219,0.00551762,0.0000759897
5220,0.00465084,0.0000759814
5221,0.00398642,0.0000759730
5222,0.00325213,0.0000759646
5223,0.00396482,0.0000759562
5224,0.00670034,0.0000759478
5225,0.00627432,0.0000759394
5226,0.00569368,0.0000759310
5227,0.05310783,0.0000759227
5228,0.00392757,0.0000759143
5229,0.00332320,0.0000759059
5230,0.00508169,0.0000758975
5231,0.00640472,0.0000758891
5232,0.00349465,0.0000758807
5233,0.00585473,0.0000758723
5234,0.00567529,0.0000758639
5235,0.00436138,0.0000758555
5236,0.00334016,0.0000758471
5237,0.00517359,0.0000758387
5238,0.00695664,0.0000758303
5239,0.00781276,0.0000758219
5240,0.00296288,0.0000758135
5241,0.00768560,0.0000758051
5242,0.00549773,0.0000757967
5243,0.08491072,0.0000757883
5244,0.00490811,0.0000757799
5245,0.06323902,0.0000757715
5246,0.00312784,0.0000757631
5247,0.00327002,0.0000757547
5248,0.00486276,0.0000757463
5249,0.00406449,0.0000757378
5250,0.00455564,0.0000757294
5251,0.00549908,0.0000757210
5252,0.00672034,0.0000757126
5253,0.00435391,0.0000757042
5254,0.00368367,0.0000756958
5255,0.37861410,0.0000756874
5256,0.00368473,0.0000756789
5257,0.00446588,0.0000756705
5258,0.00522822,0.0000756621
5259,0.00330748,0.0000756537
5260,0.00565976,0.0000756453
5261,0.00510476,0.0000756368
5262,0.00771265,0.0000756284
5263,0.00946869,0.0000756200
5264,0.00463613,0.0000756116
5265,0.00493103,0.0000756031
5266,0.02516833,0.0000755947
5267,0.13916129,0.0000755863
5268,0.00498814,0.0000755779
5269,0.01126243,0.0000755694
5270,0.00344932,0.0000755610
5271,0.00446471,0.0000755526
5272,0.00455000,0.0000755441
5273,0.00475068,0.0000755357
5274,0.00548787,0.0000755273
5275,0.00532728,0.0000755188
5276,0.00497722,0.0000755104
5277,0.00665148,0.0000755019
5278,0.00834598,0.0000754935
5279,0.00368289,0.0000754851
5280,0.00540086,0.0000754766
5281,0.00299516,0.0000754682
5282,0.00445180,0.0000754597
5283,0.00631946,0.0000754513
5284,0.00278734,0.0000754428
5285,0.00320068,0.0000754344
5286,0.00447029,0.0000754259
5287,0.00563579,0.0000754175
5288,0.00476062,0.0000754091
5289,0.00587958,0.0000754006
5290,0.00670463,0.0000753922
5291,0.00425045,0.0000753837
5292,0.00435389,0.0000753752
5293,0.01016861,0.0000753668
5294,0.01221680,0.0000753583
5295,0.02301226,0.0000753499
5296,0.00338956,0.0000753414
5297,0.00687703,0.0000753330
5298,0.00362902,0.0000753245
5299,0.00386245,0.0000753160
5300,0.00411776,0.0000753076
5301,0.00433420,0.0000752991
5302,0.00858741,0.0000752907
5303,0.00517946,0.0000752822
5304,0.00394232,0.0000752737
5305,0.00662770,0.0000752653
5306,0.00472736,0.0000752568
5307,0.01671849,0.0000752483
5308,0.00648278,0.0000752399
5309,0.03727670,0.0000752314
5310,0.00683120,0.0000752229
5311,0.00343088,0.0000752145
5312,0.00598550,0.0000752060
5313,0.00609930,0.0000751975
5314,0.01111240,0.0000751890
5315,0.00963026,0.0000751806
5316,0.00527849,0.0000751721
5317,0.00457087,0.0000751636
5318,0.00408359,0.0000751551
5319,0.00421960,0.0000751466
5320,0.00595565,0.0000751382
5321,0.00309925,0.0000751297
5322,0.00781712,0.0000751212
5323,0.00393560,0.0000751127
5324,0.00428275,0.0000751042
5325,0.00338892,0.0000750957
5326,0.00587253,0.0000750873
5327,0.02371768,0.0000750788
5328,0.00388578,0.0000750703
5329,0.00373756,0.0000750618
5330,0.00354883,0.0000750533
5331,0.00388774,0.0000750448
5332,0.00509384,0.0000750363
5333,0.06235806,0.0000750278
5334,0.00538892,0.0000750193
5335,0.00501585,0.0000750108
5336,0.00911059,0.0000750023
5337,0.00741665,0.0000749939
5338,0.00551422,0.0000749854
5339,0.01048346,0.0000749769
5340,0.00605567,0.0000749684
5341,0.00413743,0.0000749599
5342,0.00474253,0.0000749514
5343,0.00376428,0.0000749428
5344,0.05184621,0.0000749343
5345,0.00445212,0.0000749258
5346,0.00664759,0.0000749173
5347,0.00374458,0.0000749088
5348,0.00374524,0.0000749003
5349,0.00486628,0.0000748918
5350,0.00458884,0.0000748833
5351,0.00546573,0.0000748748
5352,0.08465763,0.0000748663
5353,0.00272508,0.0000748578
5354,0.00373166,0.0000748493
5355,0.00408570,0.0000748407
5356,0.00429530,0.0000748322
5357,0.00441310,0.0000748237
5358,0.00427916,0.0000748152
5359,0.00469728,0.0000748067
5360,0.00321618,0.0000747982
5361,0.00572433,0.0000747896
5362,0.00469034,0.0000747811
5363,0.36285347,0.0000747726
5364,0.00619694,0.0000747641
5365,0.00490589,0.0000747556
5366,0.00320535,0.0000747470
5367,0.00642776,0.0000747385
5368,0.00511432,0.0000747300
5369,0.00663862,0.0000747214
5370,0.00410408,0.0000747129
5371,0.00408279,0.0000747044
5372,0.01836101,0.0000746959
5373,0.00342573,0.0000746873
5374,0.00365786,0.0000746788
5375,0.00254888,0.0000746703
5376,0.01331717,0.0000746617
5377,0.00353865,0.0000746532
5378,0.00318551,0.0000746447
5379,0.00369580,0.0000746361
5380,0.00471075,0.0000746276
5381,0.00420452,0.0000746190
5382,0.00723882,0.0000746105
5383,0.00369039,0.0000746020
5384,0.03583554,0.0000745934
5385,0.00463408,0.0000745849
5386,0.00493906,0.0000745763
5387,0.00276309,0.0000745678
5388,0.00547720,0.0000745592
5389,0.01058325,0.0000745507
5390,0.01192683,0.0000745422
5391,0.02096520,0.0000745336
5392,0.00497560,0.0000745251
5393,0.00506985,0.0000745165
5394,0.00572323,0.0000745080
5395,0.00377353,0.0000744994
5396,0.00527249,0.0000744909
5397,0.00485985,0.0000744823
5398,0.00276273,0.0000744737
5399,0.02455303,0.0000744652
5400,0.00494435,0.0000744566
5401,0.00479317,0.0000744481
5402,0.12752938,0.0000744395
5403,0.00944078,0.0000744310
5404,0.00511542,0.0000744224
5405,0.02893961,0.0000744138
5406,0.00459875,0.0000744053
5407,0.00526540,0.0000743967
5408,0.00504095,0.0000743881
5409,0.00382546,0.0000743796
5410,0.00462806,0.0000743710
5411,0.00487870,0.0000743624
5412,0.01104464,0.0000743539
5413,0.00554752,0.0000743453
5414,0.00465418,0.0000743367
5415,0.00999287,0.0000743282
5416,0.00309749,0.0000743196
5417,0.00392800,0.0000743110
5418,0.00512513,0.0000743025
5419,0.00504757,0.0000742939
5420,0.00978843,0.0000742853
5421,0.00744468,0.0000742767
5422,0.00410992,0.0000742681
5423,0.00524439,0.0000742596
5424,0.00477231,0.0000742510
5425,0.36352408,0.0000742424
5426,0.00550649,0.0000742338
5427,0.00550056,0.0000742252
5428,0.00564065,0.0000742167
5429,0.05335042,0.0000742081
5430,0.00407009,0.0000741995
5431,0.00747289,0.0000741909
5432,0.08404023,0.0000741823
5433,0.00542304,0.0000741737
5434,0.00358196,0.0000741651
5435,0.00613351,0.0000741566
5436,0.00481809,0.0000741480
5437,0.00990110,0.0000741394
5438,0.00668753,0.0000741308
5439,0.00866112,0.0000741222
5440,0.00752771,0.0000741136
5441,0.01842204,0.0000741050
5442,0.00520073,0.0000740964
5443,0.00383129,0.0000740878
5444,0.00339486,0.0000740792
5445,0.00544498,0.0000740706
5446,0.00417042,0.0000740620
5447,0.00277349,0.0000740534
5448,0.02655771,0.0000740448
5449,0.00467458,0.0000740362
5450,0.00715611,0.0000740276
5451,0.00450391,0.0000740190
5452,0.00350912,0.0000740104
5453,0.00476323,0.0000740018
5454,0.00737967,0.0000739932
5455,0.00387784,0.0000739846
5456,0.01039207,0.0000739760
5457,0.00256321,0.0000739674
5458,0.02033036,0.0000739587
5459,0.00557767,0.0000739501
5460,0.00426377,0.0000739415
5461,0.00658717,0.0000739329
5462,0.00394016,0.0000739243
5463,0.00205501,0.0000739157
5464,0.00522323,0.0000739071
5465,0.00846309,0.0000738984
5466,0.00640144,0.0000738898
5467,0.00541914,0.0000738812
5468,0.00483199,0.0000738726
5469,0.01255998,0.0000738640
5470,0.00773965,0.0000738553
5471,0.00453613,0.0000738467
5472,0.00371123,0.0000738381
5473,0.01925892,0.0000738295
5474,0.00361779,0.0000738208
5475,0.00580762,0.0000738122
5476,0.00397122,0.0000738036
5477,0.00468858,0.0000737950
5478,0.00387033,0.0000737863
5479,0.00244794,0.0000737777
5480,0.00548964,0.0000737691
5481,0.00461325,0.0000737604
5482,0.00498489,0.0000737518
5483,0.01609935,0.0000737432
5484,0.00562839,0.0000737345
5485,0.01108169,0.0000737259
5486,0.00562753,0.0000737173
5487,0.00597454,0.0000737086
5488,0.03551513,0.0000737000
5489,0.00505723,0.0000736914
5490,0.00428591,0.0000736827
5491,0.00450280,0.0000736741
5492,0.00656895,0.0000736654
5493,0.00357684,0.0000736568
5494,0.00552770,0.0000736481
5495,0.00657431,0.0000736395
5496,0.00281668,0.0000736309
5497,0.00407250,0.0000736222
5498,0.00728438,0.0000736136
5499,0.01352165,0.0000736049
5500,0.00358821,0.0000735963
5501,0.00430972,0.0000735876
5502,0.00513956,0.0000735790
5503,0.06228024,0.0000735703
5504,0.00420748,0.0000735617
5505,0.12422330,0.0000735530
5506,0.00494523,0.0000735444
5507,0.00515326,0.0000735357
5508,0.00696096,0.0000735270
5509,0.00482948,0.0000735184
5510,0.03784554,0.0000735097
5511,0.00517658,0.0000735011
5512,0.00779591,0.0000734924
5513,0.00425379,0.0000734837
5514,0.00407085,0.0000734751
5515,0.00551483,0.0000734664
5516,0.00417913,0.0000734578
5517,0.00696874,0.0000734491
5518,0.00469852,0.0000734404
5519,0.00580142,0.0000734318
5520,0.00539244,0.0000734231
5521,0.00458067,0.0000734144
5522,0.00429606,0.0000734058
5523,0.00317449,0.0000733971
5524,0.00976210,0.0000733884
5525,0.00798907,0.0000733797
5526,0.02650333,0.0000733711
5527,0.00927619,0.0000733624
5528,0.00479339,0.0000733537
5529,0.00303603,0.0000733450
5530,0.00601806,0.0000733364
5531,0.00327069,0.0000733277
5532,0.00953650,0.0000733190
5533,0.00341537,0.0000733103
5534,0.00455690,0.0000733017
5535,0.00563257,0.0000732930
5536,0.00736851,0.0000732843
5537,0.02026129,0.0000732756
5538,0.00578717,0.0000732669
5539,0.00281609,0.0000732582
5540,0.00526947,0.0000732496
5541,0.00469151,0.0000732409
5542,0.00456861,0.0000732322
5543,0.05491089,0.0000732235
5544,0.00373471,0.0000732148
5545,0.01456234,0.0000732061
5546,0.00751249,0.0000731974
5547,0.00539402,0.0000731887
5548,0.00457441,0.0000731800
5549,0.00457173,0.0000731714
5550,0.00605017,0.0000731627
5551,0.00505566,0.0000731540
5552,0.12549362,0.0000731453
5553,0.00409043,0.0000731366
5554,0.00441638,0.0000731279
5555,0.00424679,0.0000731192
5556,0.00531355,0.0000731105
5557,0.00534707,0.0000731018
5558,0.00397965,0.0000730931
5559,0.00589843,0.0000730844
5560,0.00495076,0.0000730757
5561,0.00748511,0.0000730670
5562,0.00560876,0.0000730583
5563,0.00931304,0.0000730496
5564,0.00690898,0.0000730408
5565,0.00621578,0.0000730321
5566,0.00491257,0.0000730234
5567,0.00538036,0.0000730147
5568,0.02073559,0.0000730060
5569,0.00618527,0.0000729973
5570,0.03522489,0.0000729886
5571,0.00273280,0.0000729799
5572,0.00887297,0.0000729712
5573,0.00290662,0.0000729625
5574,0.00375173,0.0000729537
5575,0.00594786,0.0000729450
5576,0.00738906,0.0000729363
5577,0.00447700,0.0000729276
5578,0.00444887,0.0000729189
5579,0.00857794,0.0000729101
5580,0.00355974,0.0000729014
5581,0.00391880,0.0000728927
5582,0.00782116,0.0000728840
5583,0.00669429,0.0000728753
5584,0.00456530,0.0000728665
5585,0.00614934,0.0000728578
5586,0.00564226,0.0000728491
5587,0.00566292,0.0000728404
5588,0.00637635,0.0000728316
5589,0.01761027,0.0000728229
5590,0.00735096,0.0000728142
5591,0.00799190,0.0000728054
5592,0.38287926,0.0000727967
5593,0.09197342,0.0000727880
5594,0.00501654,0.0000727792
5595,0.01164182,0.0000727705
5596,0.00539788,0.0000727618
5597,0.00315028,0.0000727530
5598,0.08531135,0.0000727443
5599,0.00516172,0.0000727356
5600,0.00493454,0.0000727268
5601,0.00440424,0.0000727181
5602,0.00472067,0.0000727093
5603,0.00832648,0.0000727006
5604,0.00378788,0.0000726919
5605,0.00447439,0.0000726831
5606,0.00437206,0.0000726744
5607,0.00271725,0.0000726656
5608,0.01364858,0.0000726569
5609,0.00636902,0.0000726481
5610,0.00489856,0.0000726394
5611,0.00766094,0.0000726306
5612,0.00533582,0.0000726219
5613,0.00537447,0.0000726131
5614,0.00510729,0.0000726044
5615,0.00439484,0.0000725956
5616,0.00613192,0.0000725869
5617,0.00616935,0.0000725781
5618,0.00894447,0.0000725694
5619,0.00984053,0.0000725606
5620,0.00554993,0.0000725519
5621,0.00616275,0.0000725431
5622,0.00649040,0.0000725344
5623,0.00421847,0.0000725256
5624,0.00562325,0.0000725168
5625,0.00354091,0.0000725081
5626,0.00644495,0.0000724993
5627,0.00612410,0.0000724906
5628,0.00394637,0.0000724818
5629,0.00295753,0.0000724730
5630,0.00371107,0.0000724643
5631,0.00444242,0.0000724555
5632,0.00546731,0.0000724467
5633,0.00574601,0.0000724380
5634,0.00390371,0.0000724292
5635,0.00406204,0.0000724204
5636,0.00331459,0.0000724117
5637,0.00479375,0.0000724029
5638,0.00512687,0.0000723941
5639,0.00459528,0.0000723854
5640,0.05226229,0.0000723766
5641,0.00543400,0.0000723678
5642,0.00607311,0.0000723590
5643,0.00437800,0.0000723503
5644,0.00451357,0.0000723415
5645,0.00314909,0.0000723327
5646,0.06760418,0.0000723239
5647,0.36385548,0.0000723151
5648,0.00229386,0.0000723064
5649,0.00378491,0.0000722976
5650,0.00875052,0.0000722888
5651,0.15381101,0.0000722800
5652,0.00547210,0.0000722712
5653,0.00676379,0.0000722625
5654,0.00617056,0.0000722537
5655,0.00583002,0.0000722449
5656,0.00396412,0.0000722361
5657,0.00327415,0.0000722273
5658,0.00507555,0.0000722185
5659,0.00486915,0.0000722097
5660,0.00512168,0.0000722009
5661,0.00337659,0.0000721922
5662,0.03657231,0.0000721834
5663,0.00285056,0.0000721746
5664,0.00276767,0.0000721658
5665,0.00552070,0.0000721570
5666,0.02679381,0.0000721482
5667,0.00531131,0.0000721394
5668,0.00680090,0.0000721306
5669,0.01957031,0.0000721218
5670,0.00492876,0.0000721130
5671,0.00411761,0.0000721042
5672,0.00448100,0.0000720954
5673,0.00831314,0.0000720866
5674,0.00317259,0.0000720778
5675,0.00307019,0.0000720690
5676,0.00337787,0.0000720602
5677,0.00398658,0.0000720514
5678,0.00569897,0.0000720426
5679,0.09645218,0.0000720338
5680,0.00233605,0.0000720250
5681,0.00490050,0.0000720162
5682,0.00317651,0.0000720073
5683,0.00504741,0.0000719985
5684,0.00377882,0.0000719897
5685,0.00570783,0.0000719809
5686,0.00432745,0.0000719721
5687,0.00420827,0.0000719633
5688,0.00608291,0.0000719545
5689,0.00502724,0.0000719457
5690,0.00425322,0.0000719368
5691,0.00530772,0.0000719280
5692,0.00376123,0.0000719192
5693,0.03067788,0.0000719104
5694,0.00742258,0.0000719016
5695,0.00452534,0.0000718928
5696,0.00456736,0.0000718839
5697,0.00404672,0.0000718751
5698,0.00739913,0.0000718663
5699,0.00391547,0.0000718575
5700,0.03583681,0.0000718486
5701,0.00612359,0.0000718398
5702,0.00422494,0.0000718310
5703,0.00857381,0.0000718222
5704,0.00566423,0.0000718133
5705,0.00639930,0.0000718045
5706,0.00342091,0.0000717957
5707,0.00347240,0.0000717869
5708,0.00445636,0.0000717780
5709,0.00985845,0.0000717692
5710,0.00462394,0.0000717604
5711,0.00413283,0.0000717515
5712,0.01591730,0.0000717427
5713,0.00435335,0.0000717339
5714,0.00704942,0.0000717250
5715,0.00428864,0.0000717162
5716,0.00441668,0.0000717073
5717,0.00513196,0.0000716985
5718,0.00788385,0.0000716897
5719,0.00912314,0.0000716808
5720,0.00312123,0.0000716720
5721,0.00564693,0.0000716631
5722,0.00330207,0.0000716543
5723,0.00583388,0.0000716455
5724,0.02940653,0.0000716366
5725,0.00392751,0.0000716278
5726,0.00324925,0.0000716189
5727,0.00615041,0.0000716101
5728,0.00290343,0.0000716012
5729,0.00585448,0.0000715924
5730,0.00400606,0.0000715835
5731,0.00945673,0.0000715747
5732,0.00360439,0.0000715658
5733,0.03493494,0.0000715570
5734,0.00472569,0.0000715481
5735,0.36311913,0.0000715393
5736,0.00504558,0.0000715304
5737,0.00297486,0.0000715216
5738,0.00301568,0.0000715127
5739,0.00524556,0.0000715039
5740,0.00418183,0.0000714950
5741,0.00595430,0.0000714861
5742,0.00452346,0.0000714773
5743,0.00537839,0.0000714684
5744,0.00258672,0.0000714596
5745,0.00290510,0.0000714507
5746,0.08463833,0.0000714418
5747,0.00471736,0.0000714330
5748,0.00444667,0.0000714241
5749,0.00500426,0.0000714152
5750,0.00454090,0.0000714064
5751,0.00376112,0.0000713975
5752,0.00508926,0.0000713886
5753,0.00580673,0.0000713798
5754,0.00397482,0.0000713709
5755,0.00613379,0.0000713620
5756,0.00385981,0.0000713532
5757,0.00584072,0.0000713443
5758,0.00414925,0.0000713354
5759,0.00810147,0.0000713265
5760,0.00395709,0.0000713177
5761,0.00425724,0.0000713088
5762,0.00569359,0.0000712999
5763,0.00516911,0.0000712910
5764,0.01085830,0.0000712822
5765,0.00458171,0.0000712733
5766,0.00377902,0.0000712644
5767,0.00337159,0.0000712555
5768,0.03582736,0.0000712467
5769,0.00437704,0.0000712378
5770,0.00570928,0.0000712289
5771,0.00265144,0.0000712200
5772,0.01095528,0.0000712111
5773,0.00256332,0.0000712022
5774,0.00395558,0.0000711934
5775,0.00375780,0.0000711845
5776,0.00452211,0.0000711756
5777,0.00411851,0.0000711667
5778,0.06212907,0.0000711578
5779,0.00307245,0.0000711489
5780,0.00983125,0.0000711400
5781,0.00312269,0.0000711311
5782,0.00437579,0.0000711222
5783,0.00365923,0.0000711134
5784,0.17100123,0.0000711045
5785,0.00364456,0.0000710956
5786,0.00511598,0.0000710867
5787,0.02705637,0.0000710778
5788,0.00268039,0.0000710689
5789,0.00549349,0.0000710600
5790,0.00878305,0.0000710511
5791,0.00579026,0.0000710422
5792,0.00591532,0.0000710333
5793,0.02148920,0.0000710244
5794,0.00392262,0.0000710155
5795,0.00603308,0.0000710066
5796,0.00605473,0.0000709977
5797,0.00509678,0.0000709888
5798,0.00260128,0.0000709799
5799,0.00617320,0.0000709710
5800,0.00229948,0.0000709621
5801,0.00430332,0.0000709531
5802,0.00505422,0.0000709442
5803,0.02515675,0.0000709353
5804,0.00473570,0.0000709264
5805,0.00397212,0.0000709175
5806,0.00384593,0.0000709086
5807,0.00743009,0.0000708997
5808,0.00434913,0.0000708908
5809,0.00464217,0.0000708819
5810,0.00434976,0.0000708729
5811,0.00563239,0.0000708640
5812,0.00396567,0.0000708551
5813,0.01107589,0.0000708462
5814,0.00424637,0.0000708373
5815,0.00308371,0.0000708284
5816,0.00692848,0.0000708194
5817,0.00311143,0.0000708105
5818,0.00371282,0.0000708016
5819,0.00386682,0.0000707927
5820,0.00456495,0.0000707838
5821,0.00227834,0.0000707748
5822,0.02130086,0.0000707659
5823,0.01668783,0.0000707570
5824,0.02477989,0.0000707481
5825,0.00662897,0.0000707391
5826,0.00413598,0.0000707302
5827,0.00447053,0.0000707213
5828,0.00609174,0.0000707123
5829,0.00695928,0.0000707034
5830,0.00322032,0.0000706945
5831,0.00331259,0.0000706856
5832,0.00215493,0.0000706766
5833,0.00395279,0.0000706677
5834,0.00378992,0.0000706588
5835,0.00297209,0.0000706498
5836,0.00797095,0.0000706409
5837,0.12483454,0.0000706320
5838,0.00365536,0.0000706230
5839,0.00455577,0.0000706141
5840,0.00424685,0.0000706051
5841,0.00442361,0.0000705962
5842,0.00369569,0.0000705873
5843,0.00310208,0.0000705783
5844,0.00795362,0.0000705694
5845,0.00342688,0.0000705604
5846,0.00543077,0.0000705515
5847,0.00379565,0.0000705426
5848,0.00278836,0.0000705336
5849,0.05402127,0.0000705247
5850,0.00356522,0.0000705157
5851,0.00431710,0.0000705068
5852,0.36145389,0.0000704978
5853,0.00318733,0.0000704889
5854,0.00505442,0.0000704799
5855,0.00381783,0.0000704710
5856,0.00432894,0.0000704620
5857,0.00437524,0.0000704531
5858,0.00395065,0.0000704441
5859,0.00494800,0.0000704352
5860,0.00332581,0.0000704262
5861,0.00456064,0.0000704173
5862,0.00230371,0.0000704083
5863,0.00396480,0.0000703993
5864,0.00260154,0.0000703904
5865,0.00620036,0.0000703814
5866,0.00293683,0.0000703725
5867,0.00379279,0.0000703635
5868,0.00447879,0.0000703545
5869,0.00492754,0.0000703456
5870,0.00385242,0.0000703366
5871,0.00334848,0.0000703277
5872,0.00464554,0.0000703187
5873,0.00544983,0.0000703097
5874,0.00312302,0.0000703008
5875,0.00703653,0.0000702918
5876,0.00741055,0.0000702828
5877,0.00451569,0.0000702739
5878,0.00445425,0.0000702649
5879,0.01189309,0.0000702559
5880,0.00561949,0.0000702470
5881,0.01181201,0.0000702380
5882,0.00538264,0.0000702290
5883,0.00531595,0.0000702200
5884,0.00869492,0.0000702111
5885,0.02713053,0.0000702021
5886,0.15821968,0.0000701931
5887,0.03412326,0.0000701842
5888,0.00960677,0.0000701752
5889,0.00535456,0.0000701662
5890,0.00537564,0.0000701572
5891,0.00835075,0.0000701482
5892,0.00401782,0.0000701393
5893,0.00488114,0.0000701303
5894,0.00707903,0.0000701213
5895,0.00422152,0.0000701123
5896,0.00355425,0.0000701033
5897,0.00418441,0.0000700944
5898,0.00517824,0.0000700854
5899,0.00575805,0.0000700764
5900,0.00530732,0.0000700674
5901,0.00493122,0.0000700584
5902,0.00474922,0.0000700494
5903,0.00386588,0.0000700404
5904,0.00291761,0.0000700315
5905,0.00876628,0.0000700225
5906,0.00321686,0.0000700135
5907,0.00389857,0.0000700045
5908,0.00600178,0.0000699955
5909,0.00307171,0.0000699865
5910,0.38358426,0.0000699775
5911,0.00519570,0.0000699685
5912,0.00678330,0.0000699595
5913,0.00317246,0.0000699505
5914,0.00441096,0.0000699415
5915,0.00359312,0.0000699325
5916,0.00210677,0.0000699235
5917,0.00312711,0.0000699145
5918,0.00450703,0.0000699055
5919,0.00708587,0.0000698965
5920,0.00539835,0.0000698875
5921,0.00504726,0.0000698785
5922,0.00346770,0.0000698695
5923,0.00609836,0.0000698605
5924,0.00794043,0.0000698515
5925,0.00337387,0.0000698425
5926,0.00401736,0.0000698335
5927,0.00314882,0.0000698245
5928,0.00414434,0.0000698155
5929,0.00341293,0.0000698065
5930,0.00644509,0.0000697975
5931,0.01936806,0.0000697885
5932,0.00507824,0.0000697795
5933,0.00281912,0.0000697705
5934,0.00200452,0.0000697614
5935,0.00388906,0.0000697524
5936,0.01063388,0.0000697434
5937,0.00265701,0.0000697344
5938,0.00268568,0.0000697254
5939,0.00274238,0.0000697164
5940,0.00309045,0.0000697074
5941,0.05178849,0.0000696983
5942,0.00451526,0.0000696893
5943,0.00382995,0.0000696803
5944,0.00476582,0.0000696713
5945,0.00411277,0.0000696623
5946,0.14156878,0.0000696533
5947,0.00866758,0.0000696442
5948,0.00395817,0.0000696352
5949,0.00505707,0.0000696262
5950,0.00355731,0.0000696172
5951,0.00552593,0.0000696081
5952,0.02012426,0.0000695991
5953,0.00273273,0.0000695901
5954,0.00529622,0.0000695811
5955,0.00409609,0.0000695720
5956,0.01119201,0.0000695630
5957,0.00444689,0.0000695540
5958,0.04164209,0.0000695449
5959,0.00423679,0.0000695359
5960,0.00351023,0.0000695269
5961,0.00281338,0.0000695179
5962,0.00493109,0.0000695088
5963,0.02172793,0.0000694998
5964,0.00491427,0.0000694908
5965,0.00496930,0.0000694817
5966,0.00291055,0.0000694727
5967,0.00414753,0.0000694637
5968,0.08498740,0.0000694546
5969,0.00461060,0.0000694456
5970,0.00676529,0.0000694365
5971,0.00447216,0.0000694275
5972,0.00463796,0.0000694185
5973,0.00357349,0.0000694094
5974,0.00376788,0.0000694004
5975,0.00446104,0.0000693913
5976,0.00556726,0.0000693823
5977,0.07545222,0.0000693732
5978,0.00522762,0.0000693642
5979,0.00529540,0.0000693552
5980,0.00429646,0.0000693461
5981,0.00398596,0.0000693371
5982,0.00419884,0.0000693280
5983,0.00522387,0.0000693190
5984,0.00301494,0.0000693099
5985,0.00312078,0.0000693009
5986,0.00600218,0.0000692918
5987,0.00828296,0.0000692828
5988,0.00455927,0.0000692737
5989,0.00423980,0.0000692647
5990,0.06755025,0.0000692556
5991,0.00289292,0.0000692466
5992,0.00386920,0.0000692375
5993,0.00255660,0.0000692284
5994,0.00474181,0.0000692194
5995,0.00521764,0.0000692103
5996,0.00367951,0.0000692013
5997,0.00873406,0.0000691922
5998,0.00413003,0.0000691832
5999,0.00355427,0.0000691741
6000,0.00447450,0.0000691650
6001,0.00331935,0.0000691560
6002,0.00543519,0.0000691469
6003,0.01008959,0.0000691379
6004,0.12451814,0.0000691288
6005,0.05462741,0.0000691197
6006,0.00433477,0.0000691107
6007,0.00610277,0.0000691016
6008,0.00425793,0.0000690925
6009,0.00316338,0.0000690835
6010,0.00244480,0.0000690744
6011,0.00267416,0.0000690653
6012,0.00267585,0.0000690563
6013,0.00348112,0.0000690472
6014,0.00427405,0.0000690381
6015,0.00600025,0.0000690290
6016,0.00384615,0.0000690200
6017,0.00727600,0.0000690109
6018,0.00350762,0.0000690018
6019,0.00389045,0.0000689927
6020,0.00281710,0.0000689837
6021,0.00589002,0.0000689746
6022,0.00466973,0.0000689655
6023,0.00570545,0.0000689564
6024,0.00620471,0.0000689474
6025,0.00189411,0.0000689383
6026,0.00383169,0.0000689292
6027,0.00401772,0.0000689201
6028,0.00495859,0.0000689110
6029,0.00427280,0.0000689020
6030,0.00273876,0.0000688929
6031,0.00295757,0.0000688838
6032,0.00547991,0.0000688747
6033,0.00344754,0.0000688656
6034,0.00348007,0.0000688565
6035,0.00390426,0.0000688475
6036,0.00373541,0.0000688384
6037,0.01928470,0.0000688293
6038,0.00425198,0.0000688202
6039,0.00488377,0.0000688111
6040,0.04248444,0.0000688020
6041,0.01466928,0.0000687929
6042,0.36161736,0.0000687838
6043,0.00424891,0.0000687747
6044,0.00202097,0.0000687656
6045,0.00608729,0.0000687565
6046,0.02083996,0.0000687475
6047,0.00164314,0.0000687384
6048,0.00289749,0.0000687293
6049,0.01143555,0.0000687202
6050,0.02293113,0.0000687111
6051,0.00567000,0.0000687020
6052,0.00249112,0.0000686929
6053,0.00358669,0.0000686838
6054,0.00661588,0.0000686747
6055,0.00256782,0.0000686656
6056,0.00286615,0.0000686565
6057,0.00625888,0.0000686474
6058,0.00466392,0.0000686383
6059,0.08372281,0.0000686292
6060,0.00494141,0.0000686201
6061,0.00451276,0.0000686110
6062,0.00253607,0.0000686018
6063,0.00250328,0.0000685927
6064,0.00502647,0.0000685836
6065,0.02648914,0.0000685745
6066,0.00798056,0.0000685654
6067,0.00507249,0.0000685563
6068,0.00392175,0.0000685472
6069,0.00501200,0.0000685381
6070,0.00392312,0.0000685290
6071,0.01037331,0.0000685199
6072,0.01195800,0.0000685108
6073,0.00296560,0.0000685016
6074,0.00408962,0.0000684925
6075,0.00454692,0.0000684834
6076,0.00415700,0.0000684743
6077,0.00529001,0.0000684652
6078,0.00578689,0.0000684561
6079,0.01032349,0.0000684469
6080,0.00563465,0.0000684378
6081,0.00670228,0.0000684287
6082,0.00265193,0.0000684196
6083,0.00557265,0.0000684105
6084,0.00490051,0.0000684013
6085,0.00447980,0.0000683922
6086,0.00489323,0.0000683831
6087,0.00211900,0.0000683740
6088,0.01112032,0.0000683648
6089,0.06313363,0.0000683557
6090,0.00332961,0.0000683466
6091,0.00619401,0.0000683375
6092,0.00289365,0.0000683283
6093,0.05387438,0.0000683192
6094,0.00769974,0.0000683101
6095,0.00500953,0.0000683010
6096,0.00264609,0.0000682918
6097,0.00518786,0.0000682827
6098,0.00323226,0.0000682736
6099,0.00422737,0.0000682644
6100,0.01065162,0.0000682553
6101,0.00218355,0.0000682462
6102,0.00607821,0.0000682370
6103,0.00440333,0.0000682279
6104,0.02289081,0.0000682188
6105,0.00468844,0.0000682096
6106,0.00407084,0.0000682005
6107,0.01239222,0.0000681914
6108,0.00458049,0.0000681822
6109,0.01802349,0.0000681731
6110,0.00477940,0.0000681639
6111,0.00382386,0.0000681548
6112,0.00467276,0.0000681457
6113,0.00298290,0.0000681365
6114,0.36115843,0.0000681274
6115,0.00649760,0.0000681182
6116,0.01036997,0.0000681091
6117,0.00512262,0.0000680999
6118,0.00484459,0.0000680908
6119,0.00495137,0.0000680816
6120,0.00441858,0.0000680725
6121,0.00328311,0.0000680634
6122,0.00800967,0.0000680542
6123,0.01882236,0.0000680451
6124,0.00466070,0.0000680359
6125,0.00281838,0.0000680268
6126,0.12408228,0.0000680176
6127,0.00251997,0.0000680085
6128,0.00514685,0.0000679993
6129,0.00540562,0.0000679901
6130,0.00562036,0.0000679810
6131,0.00357020,0.0000679718
6132,0.00535436,0.0000679627
6133,0.00267915,0.0000679535
6134,0.00326828,0.0000679444
6135,0.00418977,0.0000679352
6136,0.00360634,0.0000679261
6137,0.00722166,0.0000679169
6138,0.00430178,0.0000679077
6139,0.00390929,0.0000678986
6140,0.00560853,0.0000678894
6141,0.00406898,0.0000678803
6142,0.00332520,0.0000678711
6143,0.00354515,0.0000678619
6144,0.00355801,0.0000678528
6145,0.00265907,0.0000678436
6146,0.00848486,0.0000678344
6147,0.00407983,0.0000678253
6148,0.00281544,0.0000678161
6149,0.02601644,0.0000678069
6150,0.00314087,0.0000677978
6151,0.08568960,0.0000677886
6152,0.00188846,0.0000677794
6153,0.00251385,0.0000677703
6154,0.00771695,0.0000677611
6155,0.00388348,0.0000677519
6156,0.00607985,0.0000677428
6157,0.00465219,0.0000677336
6158,0.00510276,0.0000677244
6159,0.00362924,0.0000677152
6160,0.00408031,0.0000677061
6161,0.00332005,0.0000676969
6162,0.00524071,0.0000676877
6163,0.00548744,0.0000676785
6164,0.00402508,0.0000676694
6165,0.00233584,0.0000676602
6166,0.00480658,0.0000676510
6167,0.00705203,0.0000676418
6168,0.00464553,0.0000676327
6169,0.00767981,0.0000676235
6170,0.00921544,0.0000676143
6171,0.00326429,0.0000676051
6172,0.00371756,0.0000675959
6173,0.05055195,0.0000675867
6174,0.00283607,0.0000675776
6175,0.00414076,0.0000675684
6176,0.00365273,0.0000675592
6177,0.00368218,0.0000675500
6178,0.00268161,0.0000675408
6179,0.00449499,0.0000675316
6180,0.00265970,0.0000675224
6181,0.00355030,0.0000675133
6182,0.00523277,0.0000675041
6183,0.00612147,0.0000674949
6184,0.00552477,0.0000674857
6185,0.00282481,0.0000674765
6186,0.00442007,0.0000674673
6187,0.00426929,0.0000674581
6188,0.00538048,0.0000674489
6189,0.00629750,0.0000674397
6190,0.00406756,0.0000674305
6191,0.00321210,0.0000674213
6192,0.00444731,0.0000674121
6193,0.00449794,0.0000674029
6194,0.00388832,0.0000673937
6195,0.37733650,0.0000673845
6196,0.00977587,0.0000673753
6197,0.00494472,0.0000673661
6198,0.00416052,0.0000673569
6199,0.00331527,0.0000673477
6200,0.00454470,0.0000673385
6201,0.00523940,0.0000673293
6202,0.00329507,0.0000673201
6203,0.12287463,0.0000673109
6204,0.00387606,0.0000673017
6205,0.00509006,0.0000672925
6206,0.00445042,0.0000672833
6207,0.00364928,0.0000672741
6208,0.00404605,0.0000672649
6209,0.00489288,0.0000672557
6210,0.00746034,0.0000672465
6211,0.00553776,0.0000672373
6212,0.00315391,0.0000672281
6213,0.00884246,0.0000672189
6214,0.00505494,0.0000672097
6215,0.05538773,0.0000672005
6216,0.00288971,0.0000671912
6217,0.00531460,0.0000671820
6218,0.08372645,0.0000671728
6219,0.00385116,0.0000671636
6220,0.00501161,0.0000671544
6221,0.00240047,0.0000671452
6222,0.00391535,0.0000671360
6223,0.00835866,0.0000671267
6224,0.06123815,0.0000671175
6225,0.00394814,0.0000671083
6226,0.00311412,0.0000670991
6227,0.00390805,0.0000670899
6228,0.00311290,0.0000670806
6229,0.00441602,0.0000670714
6230,0.02476203,0.0000670622
6231,0.00379640,0.0000670530
6232,0.00432201,0.0000670438
6233,0.00410081,0.0000670345
6234,0.00608933,0.0000670253
6235,0.00481943,0.0000670161
6236,0.00591096,0.0000670069
6237,0.00634097,0.0000669976
6238,0.00348331,0.0000669884
6239,0.02034667,0.0000669792
6240,0.01052929,0.0000669700
6241,0.00588967,0.0000669607
6242,0.01073661,0.0000669515
6243,0.00748703,0.0000669423
6244,0.01950420,0.0000669330
6245,0.00359534,0.0000669238
6246,0.00237210,0.0000669146
6247,0.00492672,0.0000669053
6248,0.00249513,0.0000668961
6249,0.00936447,0.0000668869
6250,0.00346986,0.0000668776
6251,0.00555682,0.0000668684
6252,0.00407876,0.0000668592
6253,0.00639327,0.0000668499
6254,0.00403192,0.0000668407
6255,0.00539215,0.0000668315
6256,0.03403649,0.0000668222
6257,0.00571384,0.0000668130
6258,0.00475414,0.0000668038
6259,0.00204556,0.0000667945
6260,0.00703136,0.0000667853
6261,0.00505753,0.0000667760
6262,0.00250669,0.0000667668
6263,0.00537954,0.0000667575
6264,0.00718230,0.0000667483
6265,0.02237640,0.0000667391
6266,0.00537108,0.0000667298
6267,0.00267238,0.0000667206
6268,0.00313719,0.0000667113
6269,0.00929749,0.0000667021
6270,0.00952033,0.0000666928
6271,0.02549339,0.0000666836
6272,0.02360483,0.0000666743
6273,0.00598291,0.0000666651
6274,0.00399864,0.0000666558
6275,0.00464913,0.0000666466
6276,0.08341205,0.0000666373
6277,0.00429612,0.0000666281
6278,0.00289428,0.0000666188
6279,0.00564788,0.0000666096
6280,0.36475539,0.0000666003
6281,0.00344807,0.0000665911
6282,0.01071268,0.0000665818
6283,0.00794264,0.0000665726
6284,0.00327029,0.0000665633
6285,0.00391469,0.0000665541
6286,0.00398728,0.0000665448
6287,0.00259546,0.0000665355
6288,0.00374340,0.0000665263
6289,0.00406094,0.0000665170
6290,0.00387984,0.0000665078
6291,0.00369961,0.0000664985
6292,0.00463956,0.0000664892
6293,0.00391982,0.0000664800
6294,0.00404392,0.0000664707
6295,0.00460178,0.0000664615
6296,0.00416255,0.0000664522
6297,0.00497506,0.0000664429
6298,0.00257878,0.0000664337
6299,0.00327471,0.0000664244
6300,0.00224369,0.0000664151
6301,0.00518097,0.0000664059
6302,0.00294134,0.0000663966
6303,0.00290461,0.0000663873
6304,0.00457811,0.0000663781
6305,0.00403463,0.0000663688
6306,0.00466101,0.0000663595
6307,0.00325862,0.0000663502
6308,0.01007890,0.0000663410
6309,0.00366503,0.0000663317
6310,0.00483777,0.0000663224
6311,0.00425783,0.0000663132
6312,0.00549013,0.0000663039
6313,0.02070056,0.0000662946
6314,0.00523581,0.0000662853
6315,0.00296542,0.0000662761
6316,0.00419273,0.0000662668
6317,0.00416641,0.0000662575
6318,0.00430463,0.0000662482
6319,0.00615429,0.0000662390
6320,0.00495593,0.0000662297
6321,0.00514605,0.0000662204
6322,0.00431545,0.0000662111
6323,0.00483902,0.0000662018
6324,0.00337806,0.0000661926
6325,0.13177933,0.0000661833
6326,0.00318636,0.0000661740
6327,0.00307614,0.0000661647
6328,0.00734910,0.0000661554
6329,0.00505236,0.0000661461
6330,0.00413927,0.0000661369
6331,0.00380593,0.0000661276
6332,0.00480410,0.0000661183
6333,0.00280203,0.0000661090
6334,0.00908617,0.0000660997
6335,0.00433025,0.0000660904
6336,0.00297136,0.0000660811
6337,0.00263553,0.0000660718
6338,0.00283104,0.0000660626
6339,0.00346570,0.0000660533
6340,0.00387963,0.0000660440
6341,0.00534218,0.0000660347
6342,0.00530571,0.0000660254
6343,0.00415496,0.0000660161
6344,0.00543286,0.0000660068
6345,0.00390948,0.0000659975
6346,0.01190455,0.0000659882
6347,0.00490021,0.0000659789
6348,0.00265451,0.0000659696
6349,0.00670163,0.0000659603
6350,0.00336090,0.0000659510
6351,0.00160234,0.0000659417
6352,0.00243000,0.0000659324
6353,0.00379602,0.0000659231
6354,0.00377976,0.0000659138
6355,0.00172397,0.0000659045
6356,0.00481817,0.0000658952
6357,0.06684776,0.0000658859
6358,0.00536575,0.0000658766
6359,0.03447378,0.0000658673
6360,0.05551523,0.0000658580
6361,0.00286693,0.0000658487
6362,0.03051735,0.0000658394
6363,0.01591440,0.0000658301
6364,0.00537267,0.0000658208
6365,0.00403502,0.0000658115
6366,0.00252043,0.0000658022
6367,0.00232003,0.0000657929
6368,0.00428863,0.0000657836
6369,0.00251329,0.0000657743
6370,0.00528326,0.0000657650
6371,0.00262006,0.0000657556
6372,0.00432214,0.0000657463
6373,0.00247750,0.0000657370
6374,0.00298248,0.0000657277
6375,0.00434419,0.0000657184
6376,0.12442208,0.0000657091
6377,0.00361847,0.0000656998
6378,0.00354891,0.0000656905
6379,0.00374397,0.0000656811
6380,0.00396244,0.0000656718
6381,0.00312403,0.0000656625
6382,0.00338031,0.0000656532
6383,0.00599235,0.0000656439
6384,0.00627131,0.0000656346
6385,0.00360055,0.0000656252
6386,0.00458384,0.0000656159
6387,0.08503535,0.0000656066
6388,0.00808980,0.0000655973
6389,0.00471445,0.0000655880
6390,0.00394790,0.0000655786
6391,0.00393902,0.0000655693
6392,0.00542696,0.0000655600
6393,0.00386515,0.0000655507
6394,0.00392525,0.0000655414
6395,0.00274022,0.0000655320
6396,0.00258968,0.0000655227
6397,0.00295216,0.0000655134
6398,0.00354926,0.0000655041
6399,0.00375506,0.0000654947
6400,0.00305290,0.0000654854
6401,0.00439473,0.0000654761
6402,0.00396165,0.0000654667
6403,0.01976738,0.0000654574
6404,0.00225457,0.0000654481
6405,0.02417495,0.0000654388
6406,0.00271104,0.0000654294
6407,0.00639057,0.0000654201
6408,0.00765417,0.0000654108
6409,0.00496329,0.0000654014
6410,0.00398656,0.0000653921
6411,0.00335603,0.0000653828
6412,0.00785570,0.0000653734
6413,0.00211115,0.0000653641
6414,0.00210768,0.0000653548
6415,0.00242705,0.0000653454
6416,0.01037164,0.0000653361
6417,0.00485549,0.0000653267
6418,0.00324257,0.0000653174
6419,0.01090664,0.0000653081
6420,0.00479200,0.0000652987
6421,0.00507711,0.0000652894
6422,0.00219955,0.0000652800
6423,0.01170259,0.0000652707
6424,0.00449315,0.0000652614
6425,0.00944483,0.0000652520
6426,0.00398460,0.0000652427
6427,0.00436402,0.0000652333
6428,0.00292614,0.0000652240
6429,0.00399705,0.0000652146
6430,0.00499989,0.0000652053
6431,0.00467242,0.0000651960
6432,0.00454957,0.0000651866
6433,0.00510072,0.0000651773
6434,0.00382913,0.0000651679
6435,0.00659192,0.0000651586
6436,0.06360033,0.0000651492
6437,0.00498674,0.0000651399
6438,0.00281706,0.0000651305
6439,0.00621331,0.0000651212
6440,0.00481730,0.0000651118
6441,0.00419264,0.0000651025
6442,0.03294959,0.0000650931
6443,0.02705276,0.0000650838
6444,0.00339408,0.0000650744
6445,0.00329469,0.0000650651
6446,0.00182039,0.0000650557
6447,0.00494188,0.0000650463
6448,0.00977621,0.0000650370
6449,0.02028062,0.0000650276
6450,0.02242583,0.0000650183
6451,0.00273490,0.0000650089
6452,0.05152399,0.0000649996
6453,0.00283408,0.0000649902
6454,0.00342877,0.0000649808
6455,0.00358842,0.0000649715
6456,0.00310602,0.0000649621
6457,0.01168193,0.0000649528
6458,0.00315274,0.0000649434
6459,0.36176369,0.0000649340
6460,0.00289236,0.0000649247
6461,0.00509227,0.0000649153
6462,0.01244169,0.0000649060
6463,0.00600512,0.0000648966
6464,0.00242521,0.0000648872
6465,0.00300318,0.0000648779
6466,0.00399076,0.0000648685
6467,0.00432685,0.0000648591
6468,0.36488199,0.0000648498
6469,0.00349720,0.0000648404
6470,0.00205020,0.0000648310
6471,0.00772966,0.0000648217
6472,0.00280578,0.0000648123
6473,0.00324307,0.0000648029
6474,0.00283785,0.0000647935
6475,0.00262328,0.0000647842
6476,0.00317448,0.0000647748
6477,0.00358797,0.0000647654
6478,0.00768500,0.0000647561
6479,0.00414321,0.0000647467
6480,0.00508966,0.0000647373
6481,0.00430397,0.0000647279
6482,0.00402835,0.0000647186
6483,0.00398154,0.0000647092
6484,0.00477101,0.0000646998
6485,0.00389061,0.0000646904
6486,0.02505365,0.0000646811
6487,0.00406442,0.0000646717
6488,0.00528042,0.0000646623
6489,0.00274019,0.0000646529
6490,0.00268295,0.0000646435
6491,0.00223990,0.0000646342
6492,0.00467252,0.0000646248
6493,0.00304493,0.0000646154
6494,0.00508501,0.0000646060
6495,0.00230094,0.0000645966
6496,0.00657548,0.0000645873
6497,0.00451160,0.0000645779
6498,0.00453624,0.0000645685
6499,0.00320237,0.0000645591
6500,0.00265794,0.0000645497
6501,0.01007919,0.0000645403
6502,0.00311719,0.0000645309
6503,0.00450918,0.0000645216
6504,0.00401832,0.0000645122
6505,0.00433028,0.0000645028
6506,0.00276148,0.0000644934
6507,0.00801001,0.0000644840
6508,0.00290063,0.0000644746
6509,0.06142720,0.0000644652
6510,0.00298784,0.0000644558
6511,0.00349540,0.0000644464
6512,0.00308084,0.0000644371
6513,0.00502176,0.0000644277
6514,0.00341654,0.0000644183
6515,0.00457932,0.0000644089
6516,0.00509862,0.0000643995
6517,0.00314665,0.0000643901
6518,0.00794426,0.0000643807
6519,0.00412477,0.0000643713
6520,0.00487124,0.0000643619
6521,0.00435613,0.0000643525
6522,0.00174764,0.0000643431
6523,0.00415201,0.0000643337
6524,0.00498206,0.0000643243
6525,0.02626226,0.0000643149
6526,0.00445346,0.0000643055
6527,0.00306127,0.0000642961
6528,0.00505081,0.0000642867
6529,0.00390731,0.0000642773
6530,0.00415039,0.0000642679
6531,0.05123970,0.0000642585
6532,0.00287095,0.0000642491
6533,0.00734744,0.0000642397
6534,0.00395017,0.0000642303
6535,0.00259698,0.0000642209
6536,0.01054249,0.0000642115
6537,0.00403419,0.0000642021
6538,0.00202359,0.0000641927
6539,0.00475769,0.0000641833
6540,0.00458041,0.0000641739
6541,0.00360265,0.0000641645
6542,0.00371541,0.0000641550
6543,0.02053721,0.0000641456
6544,0.00461992,0.0000641362
6545,0.00292092,0.0000641268
6546,0.00757397,0.0000641174
6547,0.08555148,0.0000641080
6548,0.00347737,0.0000640986
6549,0.02057501,0.0000640892
6550,0.01091828,0.0000640798
6551,0.00283691,0.0000640703
6552,0.03457576,0.0000640609
6553,0.12417230,0.0000640515
6554,0.00300986,0.0000640421
6555,0.03086636,0.0000640327
6556,0.00516703,0.0000640233
6557,0.00379967,0.0000640139
6558,0.01241807,0.0000640044
6559,0.00444208,0.0000639950
6560,0.00237210,0.0000639856
6561,0.01557481,0.0000639762
6562,0.00325166,0.0000639668
6563,0.00508462,0.0000639573
6564,0.00608996,0.0000639479
6565,0.00260632,0.0000639385
6566,0.00561701,0.0000639291
6567,0.00343537,0.0000639197
6568,0.00169513,0.0000639102
6569,0.00447515,0.0000639008
6570,0.00200508,0.0000638914
6571,0.02545885,0.0000638820
6572,0.00345973,0.0000638725
6573,0.00244104,0.0000638631
6574,0.00379997,0.0000638537
6575,0.00358589,0.0000638443
6576,0.02252861,0.0000638348
6577,0.00590835,0.0000638254
6578,0.00510560,0.0000638160
6579,0.00319588,0.0000638066
6580,0.00604557,0.0000637971
6581,0.00294254,0.0000637877
6582,0.00297698,0.0000637783
6583,0.00479120,0.0000637688
6584,0.00514839,0.0000637594
6585,0.00455577,0.0000637500
6586,0.00252426,0.0000637406
6587,0.00406194,0.0000637311
6588,0.00442816,0.0000637217
6589,0.00571394,0.0000637123
6590,0.00271206,0.0000637028
6591,0.00426370,0.0000636934
6592,0.00285379,0.0000636839
6593,0.01048448,0.0000636745
6594,0.00366203,0.0000636651
6595,0.00302234,0.0000636556
6596,0.00755730,0.0000636462
6597,0.00544939,0.0000636368
6598,0.01942233,0.0000636273
6599,0.00517862,0.0000636179
6600,0.00247644,0.0000636085
6601,0.00501025,0.0000635990
6602,0.00514429,0.0000635896
6603,0.00534608,0.0000635801
6604,0.00372408,0.0000635707
6605,0.01079034,0.0000635612
6606,0.00321570,0.0000635518
6607,0.00403944,0.0000635424
6608,0.00295669,0.0000635329
6609,0.00312082,0.0000635235
6610,0.12269222,0.0000635140
6611,0.01643801,0.0000635046
6612,0.00419487,0.0000634951
6613,0.00478474,0.0000634857
6614,0.00438472,0.0000634762
6615,0.36359739,0.0000634668
6616,0.00323489,0.0000634574
6617,0.00537479,0.0000634479
6618,0.00391591,0.0000634385
6619,0.06688913,0.0000634290
6620,0.08217116,0.0000634196
6621,0.00434101,0.0000634101
6622,0.00395477,0.0000634007
6623,0.00716375,0.0000633912
6624,0.00881707,0.0000633818
6625,0.00556484,0.0000633723
6626,0.00279675,0.0000633628
6627,0.00567860,0.0000633534
6628,0.00563429,0.0000633439
6629,0.00301554,0.0000633345
6630,0.00329353,0.0000633250
6631,0.00183844,0.0000633156
6632,0.00424775,0.0000633061
6633,0.00753723,0.0000632967
6634,0.03447935,0.0000632872
6635,0.00382074,0.0000632778
6636,0.00337187,0.0000632683
6637,0.00403393,0.0000632588
6638,0.00360743,0.0000632494
6639,0.00157842,0.0000632399
6640,0.00707870,0.0000632305
6641,0.00287959,0.0000632210
6642,0.06198028,0.0000632115
6643,0.00484082,0.0000632021
6644,0.00348316,0.0000631926
6645,0.00770489,0.0000631832
6646,0.00547636,0.0000631737
6647,0.00422698,0.0000631642
6648,0.00376597,0.0000631548
6649,0.00464639,0.0000631453
6650,0.00428065,0.0000631358
6651,0.00316964,0.0000631264
6652,0.00247774,0.0000631169
6653,0.00365455,0.0000631074
6654,0.01007295,0.0000630980
6655,0.00390075,0.0000630885
6656,0.00254135,0.0000630790
6657,0.00526522,0.0000630696
6658,0.00313264,0.0000630601
6659,0.00502765,0.0000630506
6660,0.00477539,0.0000630412
6661,0.00442227,0.0000630317
6662,0.00507942,0.0000630222
6663,0.00670425,0.0000630127
6664,0.36088118,0.0000630033
6665,0.00452417,0.0000629938
6666,0.12407402,0.0000629843
6667,0.00397238,0.0000629749
6668,0.01087030,0.0000629654
6669,0.01034203,0.0000629559
6670,0.00343863,0.0000629464
6671,0.00500677,0.0000629370
6672,0.02443588,0.0000629275
6673,0.00205349,0.0000629180
6674,0.00454925,0.0000629085
6675,0.06124558,0.0000628990
6676,0.00278619,0.0000628896
6677,0.00231125,0.0000628801
6678,0.03588254,0.0000628706
6679,0.00699005,0.0000628611
6680,0.00357725,0.0000628517
6681,0.00397018,0.0000628422
6682,0.00374287,0.0000628327
6683,0.00172430,0.0000628232
6684,0.00427319,0.0000628137
6685,0.00485440,0.0000628042
6686,0.01983945,0.0000627948
6687,0.00622617,0.0000627853
6688,0.00372269,0.0000627758
6689,0.00411009,0.0000627663
6690,0.00581971,0.0000627568
6691,0.00719099,0.0000627473
6692,0.00333501,0.0000627379
6693,0.00296071,0.0000627284
6694,0.00371366,0.0000627189
6695,0.05383581,0.0000627094
6696,0.03459132,0.0000626999
6697,0.00395925,0.0000626904
6698,0.00249105,0.0000626809
6699,0.00441970,0.0000626714
6700,0.00385088,0.0000626620
6701,0.00408131,0.0000626525
6702,0.00442663,0.0000626430
6703,0.01050889,0.0000626335
6704,0.00385575,0.0000626240
6705,0.00234420,0.0000626145
6706,0.00460131,0.0000626050
6707,0.00470501,0.0000625955
6708,0.00347927,0.0000625860
6709,0.00566516,0.0000625765
6710,0.00396068,0.0000625670
6711,0.00641821,0.0000625575
6712,0.00323487,0.0000625480
6713,0.00441462,0.0000625385
6714,0.00473754,0.0000625290
6715,0.00416792,0.0000625196
6716,0.00191110,0.0000625101
6717,0.00424614,0.0000625006
6718,0.00292203,0.0000624911
6719,0.00869378,0.0000624816
6720,0.00546743,0.0000624721
6721,0.00369813,0.0000624626
6722,0.00837514,0.0000624531
6723,0.00575852,0.0000624436
6724,0.00386541,0.0000624341
6725,0.02346756,0.0000624246
6726,0.01042471,0.0000624151
6727,0.00639483,0.0000624056
6728,0.00506625,0.0000623960
6729,0.00245710,0.0000623865
6730,0.08355314,0.0000623770
6731,0.00598719,0.0000623675
6732,0.00420935,0.0000623580
6733,0.00397079,0.0000623485
6734,0.00212059,0.0000623390
6735,0.00261723,0.0000623295
6736,0.00294418,0.0000623200
6737,0.00414230,0.0000623105
6738,0.00287754,0.0000623010
6739,0.00427085,0.0000622915
6740,0.00317190,0.0000622820
6741,0.00274135,0.0000622725
6742,0.00767140,0.0000622630
6743,0.00236802,0.0000622534
6744,0.00478494,0.0000622439
6745,0.00263990,0.0000622344
6746,0.00760659,0.0000622249
6747,0.00342615,0.0000622154
6748,0.00460445,0.0000622059
6749,0.00480624,0.0000621964
6750,0.00483816,0.0000621869
6751,0.00433129,0.0000621773
6752,0.00501482,0.0000621678
6753,0.00602300,0.0000621583
6754,0.00306751,0.0000621488
6755,0.03825179,0.0000621393
6756,0.02310695,0.0000621298
6757,0.00304296,0.0000621203
6758,0.00675889,0.0000621107
6759,0.00379874,0.0000621012
6760,0.05047612,0.0000620917
6761,0.00762393,0.0000620822
6762,0.35999328,0.0000620727
6763,0.00281365,0.0000620631
6764,0.00824544,0.0000620536
6765,0.00309037,0.0000620441
6766,0.00231885,0.0000620346
6767,0.00416922,0.0000620251
6768,0.00261339,0.0000620155
6769,0.00287455,0.0000620060
6770,0.00296918,0.0000619965
6771,0.00286680,0.0000619870
6772,0.00354084,0.0000619774
6773,0.00559889,0.0000619679
6774,0.00467767,0.0000619584
6775,0.01397661,0.0000619489
6776,0.00270715,0.0000619393
6777,0.00428950,0.0000619298
6778,0.00236932,0.0000619203
6779,0.00348916,0.0000619108
6780,0.00343239,0.0000619012
6781,0.00452642,0.0000618917
6782,0.00586287,0.0000618822
6783,0.00322857,0.0000618727
6784,0.00401645,0.0000618631
6785,0.00468203,0.0000618536
6786,0.00780113,0.0000618441
6787,0.00341019,0.0000618345
6788,0.00371902,0.0000618250
6789,0.00334435,0.0000618155
6790,0.00330673,0.0000618059
6791,0.00620724,0.0000617964
6792,0.00386507,0.0000617869
6793,0.00382084,0.0000617773
6794,0.00462884,0.0000617678
6795,0.01664926,0.0000617583
6796,0.00394380,0.0000617487
6797,0.00336246,0.0000617392
6798,0.00520041,0.0000617297
6799,0.00367196,0.0000617201
6800,0.00372970,0.0000617106
6801,0.00968639,0.0000617011
6802,0.00312640,0.0000616915
6803,0.00712659,0.0000616820
6804,0.02494366,0.0000616724
6805,0.00341872,0.0000616629
6806,0.00224197,0.0000616534
6807,0.00340874,0.0000616438
6808,0.00287213,0.0000616343
6809,0.00284609,0.0000616247
6810,0.01089125,0.0000616152
6811,0.06286034,0.0000616057
6812,0.00346398,0.0000615961
6813,0.00659476,0.0000615866
6814,0.00467394,0.0000615770
6815,0.00436085,0.0000615675
6816,0.00422242,0.0000615580
6817,0.00528559,0.0000615484
6818,0.00522934,0.0000615389
6819,0.00707408,0.0000615293
6820,0.00471486,0.0000615198
6821,0.00442646,0.0000615102
6822,0.00417306,0.0000615007
6823,0.00464384,0.0000614911
6824,0.08447593,0.0000614816
6825,0.00324673,0.0000614720
6826,0.00403365,0.0000614625
6827,0.00232372,0.0000614529
6828,0.00321655,0.0000614434
6829,0.13972954,0.0000614338
6830,0.00432324,0.0000614243
6831,0.00453620,0.0000614147
6832,0.00133675,0.0000614052
6833,0.00318034,0.0000613956
6834,0.00219672,0.0000613861
6835,0.02264633,0.0000613765
6836,0.00301902,0.0000613670
6837,0.00315195,0.0000613574
6838,0.00937924,0.0000613479
6839,0.00288871,0.0000613383
6840,0.00255775,0.0000613288
6841,0.01558005,0.0000613192
6842,0.00531469,0.0000613097
6843,0.00416173,0.0000613001
6844,0.00488567,0.0000612906
6845,0.00371809,0.0000612810
6846,0.00305784,0.0000612714
6847,0.00512574,0.0000612619
6848,0.00535673,0.0000612523
6849,0.00296123,0.0000612428
6850,0.00321691,0.0000612332
6851,0.36003870,0.0000612236
6852,0.00437753,0.0000612141
6853,0.00795408,0.0000612045
6854,0.00307012,0.0000611950
6855,0.00479886,0.0000611854
6856,0.01872194,0.0000611758
6857,0.00180208,0.0000611663
6858,0.00334155,0.0000611567
6859,0.00370548,0.0000611472
6860,0.00434840,0.0000611376
6861,0.00513442,0.0000611280
6862,0.00280653,0.0000611185
6863,0.00384535,0.0000611089
6864,0.00363938,0.0000610993
6865,0.00497929,0.0000610898
6866,0.08462228,0.0000610802
6867,0.00422420,0.0000610706
6868,0.00409341,0.0000610611
6869,0.00320115,0.0000610515
6870,0.00524916,0.0000610419
6871,0.00375248,0.0000610324
6872,0.05262628,0.0000610228
6873,0.00585749,0.0000610132
6874,0.00373233,0.0000610037
6875,0.00846239,0.0000609941
6876,0.03371176,0.0000609845
6877,0.12215104,0.0000609750
6878,0.06176663,0.0000609654
6879,0.00167496,0.0000609558
6880,0.00531489,0.0000609463
6881,0.00406882,0.0000609367
6882,0.00539576,0.0000609271
6883,0.00484488,0.0000609175
6884,0.02312291,0.0000609080
6885,0.00341426,0.0000608984
6886,0.00336868,0.0000608888
6887,0.00441430,0.0000608792
6888,0.01985675,0.0000608697
6889,0.00442252,0.0000608601
6890,0.00320000,0.0000608505
6891,0.00384349,0.0000608409
6892,0.00296392,0.0000608314
6893,0.00413566,0.0000608218
6894,0.00233565,0.0000608122
6895,0.01034868,0.0000608026
6896,0.00500042,0.0000607931
6897,0.00383876,0.0000607835
6898,0.00337846,0.0000607739
6899,0.00420236,0.0000607643
6900,0.00538444,0.0000607547
6901,0.00457302,0.0000607452
6902,0.00221807,0.0000607356
6903,0.00264096,0.0000607260
6904,0.00620495,0.0000607164
6905,0.00297687,0.0000607068
6906,0.00362196,0.0000606973
6907,0.00322803,0.0000606877
6908,0.00304694,0.0000606781
6909,0.00540939,0.0000606685
6910,0.00422326,0.0000606589
6911,0.00313996,0.0000606493
6912,0.00336722,0.0000606398
6913,0.00448669,0.0000606302
6914,0.01116723,0.0000606206
6915,0.01012467,0.0000606110
6916,0.00331140,0.0000606014
6917,0.00395703,0.0000605918
6918,0.00216382,0.0000605822
6919,0.02557513,0.0000605727
6920,0.00642501,0.0000605631
6921,0.00450015,0.0000605535
6922,0.00781298,0.0000605439
6923,0.00388292,0.0000605343
6924,0.00301960,0.0000605247
6925,0.00306019,0.0000605151
6926,0.00331599,0.0000605055
6927,0.00568262,0.0000604959
6928,0.00375889,0.0000604863
6929,0.00752408,0.0000604768
6930,0.01835519,0.0000604672
6931,0.00478800,0.0000604576
6932,0.00345009,0.0000604480
6933,0.00403245,0.0000604384
6934,0.00534270,0.0000604288
6935,0.00538227,0.0000604192
6936,0.00322906,0.0000604096
6937,0.00643382,0.0000604000
6938,0.00404190,0.0000603904
6939,0.00480670,0.0000603808
6940,0.01009036,0.0000603712
6941,0.00805765,0.0000603616
6942,0.00297823,0.0000603520
6943,0.02415550,0.0000603424
6944,0.00486611,0.0000603328
6945,0.00505449,0.0000603232
6946,0.00407870,0.0000603136
6947,0.00313231,0.0000603040
6948,0.00382503,0.0000602944
6949,0.00500773,0.0000602848
6950,0.00158013,0.0000602752
6951,0.00326850,0.0000602656
6952,0.00507432,0.0000602560
6953,0.00270842,0.0000602464
6954,0.00450260,0.0000602368
6955,0.00435386,0.0000602272
6956,0.08453144,0.0000602176
6957,0.00411944,0.0000602080
6958,0.01235063,0.0000601984
6959,0.00350946,0.0000601888
6960,0.00427444,0.0000601792
6961,0.00378049,0.0000601696
6962,0.00361189,0.0000601600
6963,0.00735524,0.0000601504
6964,0.00400910,0.0000601408
6965,0.00592396,0.0000601312
6966,0.00341467,0.0000601216
6967,0.00307989,0.0000601120
6968,0.00486973,0.0000601024
6969,0.00392169,0.0000600928
6970,0.00366044,0.0000600832
6971,0.00332780,0.0000600736
6972,0.00584152,0.0000600640
6973,0.00481858,0.0000600543
6974,0.00330087,0.0000600447
6975,0.00405938,0.0000600351
6976,0.00977445,0.0000600255
6977,0.00286058,0.0000600159
6978,0.00500525,0.0000600063
6979,0.39427453,0.0000599967
6980,0.00294830,0.0000599871
6981,0.00469921,0.0000599775
6982,0.00360382,0.0000599678
6983,0.00593645,0.0000599582
6984,0.00335789,0.0000599486
6985,0.00354078,0.0000599390
6986,0.00288280,0.0000599294
6987,0.00703345,0.0000599198
6988,0.00381103,0.0000599102
6989,0.00314866,0.0000599006
6990,0.00314584,0.0000598909
6991,0.00328364,0.0000598813
6992,0.00725722,0.0000598717
6993,0.00356260,0.0000598621
6994,0.01503567,0.0000598525
6995,0.00328214,0.0000598429
6996,0.00595773,0.0000598332
6997,0.00467148,0.0000598236
6998,0.00829099,0.0000598140
6999,0.00229101,0.0000598044
7000,0.01021102,0.0000597948
7001,0.12376516,0.0000597851
7002,0.00375576,0.0000597755
7003,0.00337392,0.0000597659
7004,0.02165502,0.0000597563
7005,0.00372332,0.0000597467
7006,0.00242587,0.0000597370
7007,0.00238271,0.0000597274
7008,0.00513711,0.0000597178
7009,0.00345335,0.0000597082
7010,0.00347287,0.0000596986
7011,0.00176001,0.0000596889
7012,0.00380695,0.0000596793
7013,0.00474950,0.0000596697
7014,0.02048179,0.0000596601
7015,0.02365036,0.0000596504
7016,0.00383764,0.0000596408
7017,0.00349517,0.0000596312
7018,0.00544111,0.0000596216
7019,0.05207092,0.0000596119
7020,0.00403935,0.0000596023
7021,0.00375065,0.0000595927
7022,0.00854356,0.0000595830
7023,0.00402344,0.0000595734
7024,0.00319994,0.0000595638
7025,0.00489091,0.0000595542
7026,0.00266455,0.0000595445
7027,0.00349088,0.0000595349
7028,0.06368797,0.0000595253
7029,0.00472053,0.0000595156
7030,0.00701740,0.0000595060
7031,0.00379859,0.0000594964
7032,0.03834231,0.0000594868
7033,0.06132754,0.0000594771
7034,0.00179625,0.0000594675
7035,0.00440910,0.0000594579
7036,0.00253615,0.0000594482
7037,0.00486343,0.0000594386
7038,0.01489564,0.0000594290
7039,0.00505893,0.0000594193
7040,0.02047112,0.0000594097
7041,0.09553771,0.0000594001
7042,0.00187724,0.0000593904
7043,0.05159411,0.0000593808
7044,0.00209147,0.0000593712
7045,0.00482376,0.0000593615
7046,0.00352159,0.0000593519
7047,0.02444574,0.0000593423
7048,0.00364890,0.0000593326
7049,0.00154763,0.0000593230
7050,0.00559462,0.0000593133
7051,0.00420318,0.0000593037
7052,0.00454827,0.0000592941
7053,0.00488764,0.0000592844
7054,0.00282916,0.0000592748
7055,0.00327989,0.0000592651
7056,0.00677544,0.0000592555
7057,0.00467017,0.0000592459
7058,0.00404538,0.0000592362
7059,0.00621937,0.0000592266
7060,0.00707825,0.0000592169
7061,0.00484526,0.0000592073
7062,0.00560617,0.0000591977
7063,0.00338771,0.0000591880
7064,0.12444767,0.0000591784
7065,0.00472811,0.0000591687
7066,0.00367113,0.0000591591
7067,0.00218936,0.0000591495
7068,0.00334545,0.0000591398
7069,0.00341693,0.0000591302
7070,0.00524962,0.0000591205
7071,0.00423882,0.0000591109
7072,0.00914859,0.0000591012
7073,0.00887476,0.0000590916
7074,0.00495670,0.0000590819
7075,0.00368890,0.0000590723
7076,0.00345946,0.0000590626
7077,0.00304347,0.0000590530
7078,0.00392685,0.0000590433
7079,0.00518336,0.0000590337
7080,0.00334722,0.0000590241
7081,0.00448749,0.0000590144
7082,0.00429269,0.0000590048
7083,0.00392230,0.0000589951
7084,0.02201869,0.0000589855
7085,0.00471711,0.0000589758
7086,0.00288024,0.0000589662
7087,0.00622937,0.0000589565
7088,0.00350948,0.0000589469
7089,0.00523650,0.0000589372
7090,0.00286206,0.0000589276
7091,0.02009689,0.0000589179
7092,0.00821602,0.0000589083
7093,0.00267460,0.0000588986
7094,0.00369169,0.0000588889
7095,0.00341141,0.0000588793
7096,0.00647447,0.0000588696
7097,0.00575180,0.0000588600
7098,0.00363090,0.0000588503
7099,0.00314341,0.0000588407
7100,0.00286069,0.0000588310
7101,0.00513727,0.0000588214
7102,0.00472699,0.0000588117
7103,0.00897419,0.0000588021
7104,0.00402197,0.0000587924
7105,0.00397071,0.0000587827
7106,0.36656103,0.0000587731
7107,0.00437477,0.0000587634
7108,0.00262333,0.0000587538
7109,0.00404941,0.0000587441
7110,0.00375194,0.0000587345
7111,0.00323384,0.0000587248
7112,0.00977463,0.0000587151
7113,0.00321072,0.0000587055
7114,0.00487894,0.0000586958
7115,0.00381616,0.0000586862
7116,0.00347143,0.0000586765
7117,0.00339848,0.0000586668
7118,0.00157737,0.0000586572
7119,0.00385664,0.0000586475
7120,0.00433495,0.0000586379
7121,0.00383776,0.0000586282
7122,0.00317230,0.0000586185
7123,0.00497112,0.0000586089
7124,0.00333546,0.0000585992
7125,0.00394606,0.0000585895
7126,0.05084771,0.0000585799
7127,0.01948865,0.0000585702
7128,0.00365670,0.0000585606
7129,0.00427003,0.0000585509
7130,0.01279240,0.0000585412
7131,0.00171738,0.0000585316
7132,0.00347126,0.0000585219
7133,0.00378197,0.0000585122
7134,0.00474232,0.0000585026
7135,0.00224275,0.0000584929
7136,0.00322224,0.0000584832
7137,0.00550464,0.0000584736
7138,0.00399855,0.0000584639
7139,0.00353679,0.0000584542
7140,0.00282481,0.0000584446
7141,0.00258506,0.0000584349
7142,0.00417375,0.0000584252
7143,0.00486630,0.0000584156
7144,0.00256806,0.0000584059
7145,0.00444048,0.0000583962
7146,0.00484932,0.0000583865
7147,0.00212475,0.0000583769
7148,0.00467654,0.0000583672
7149,0.00412884,0.0000583575
7150,0.03698782,0.0000583479
7151,0.00224950,0.0000583382
7152,0.00324778,0.0000583285
7153,0.03736542,0.0000583188
7154,0.00475863,0.0000583092
7155,0.00244748,0.0000582995
7156,0.00403762,0.0000582898
7157,0.00308987,0.0000582802
7158,0.00268463,0.0000582705
7159,0.00458388,0.0000582608
7160,0.00763010,0.0000582511
7161,0.00303974,0.0000582415
7162,0.00478153,0.0000582318
7163,0.00496765,0.0000582221
7164,0.00196790,0.0000582124
7165,0.00530117,0.0000582028
7166,0.00501634,0.0000581931
7167,0.00196134,0.0000581834
7168,0.00315200,0.0000581737
7169,0.00343388,0.0000581640
7170,0.00291053,0.0000581544
7171,0.00612170,0.0000581447
7172,0.00295633,0.0000581350
7173,0.06155089,0.0000581253
7174,0.00377281,0.0000581157
7175,0.12263859,0.0000581060
7176,0.00420059,0.0000580963
7177,0.00949534,0.0000580866
7178,0.00628966,0.0000580769
7179,0.00309020,0.0000580673
7180,0.00462511,0.0000580576
7181,0.01121758,0.0000580479
7182,0.00777910,0.0000580382
7183,0.00256888,0.0000580285
7184,0.00320429,0.0000580189
7185,0.00588571,0.0000580092
7186,0.00541336,0.0000579995
7187,0.00290769,0.0000579898
7188,0.00310133,0.0000579801
7189,0.00324375,0.0000579704
7190,0.00656300,0.0000579608
7191,0.00259497,0.0000579511
7192,0.00204410,0.0000579414
7193,0.08997482,0.0000579317
7194,0.36054668,0.0000579220
7195,0.00197493,0.0000579123
7196,0.00461071,0.0000579026
7197,0.00335578,0.0000578930
7198,0.00586226,0.0000578833
7199,0.00487917,0.0000578736
7200,0.02144450,0.0000578639
7201,0.00259917,0.0000578542
7202,0.00275634,0.0000578445
7203,0.00326249,0.0000578348
7204,0.00520309,0.0000578252
7205,0.01088734,0.0000578155
7206,0.00460203,0.0000578058
7207,0.00228384,0.0000577961
7208,0.00313529,0.0000577864
7209,0.00477934,0.0000577767
7210,0.00537575,0.0000577670
7211,0.00461716,0.0000577573
7212,0.00372403,0.0000577476
7213,0.00448185,0.0000577379
7214,0.00163018,0.0000577283
7215,0.00448220,0.0000577186
7216,0.00355170,0.0000577089
7217,0.00922226,0.0000576992
7218,0.01999466,0.0000576895
7219,0.00872573,0.0000576798
7220,0.00285180,0.0000576701
7221,0.00684103,0.0000576604
7222,0.01164749,0.0000576507
7223,0.00250065,0.0000576410
7224,0.00147015,0.0000576313
7225,0.00585703,0.0000576216
7226,0.00348979,0.0000576119
7227,0.00239177,0.0000576022
7228,0.00580230,0.0000575926
7229,0.06351101,0.0000575829
7230,0.00389303,0.0000575732
7231,0.00455338,0.0000575635
7232,0.00348684,0.0000575538
7233,0.00265265,0.0000575441
7234,0.00452769,0.0000575344
7235,0.00383723,0.0000575247
7236,0.00231318,0.0000575150
7237,0.00266327,0.0000575053
7238,0.00841196,0.0000574956
7239,0.00246292,0.0000574859
7240,0.00568116,0.0000574762
7241,0.00351391,0.0000574665
7242,0.00351778,0.0000574568
7243,0.00373302,0.0000574471
7244,0.00163632,0.0000574374
7245,0.00364512,0.0000574277
7246,0.12292110,0.0000574180
7247,0.00731356,0.0000574083
7248,0.00399779,0.0000573986
7249,0.00674367,0.0000573889
7250,0.00274062,0.0000573792
7251,0.00239335,0.0000573695
7252,0.00288014,0.0000573598
7253,0.00284797,0.0000573501
7254,0.00213039,0.0000573404
7255,0.00361848,0.0000573307
7256,0.03643123,0.0000573210
7257,0.00414921,0.0000573113
7258,0.02374763,0.0000573016
7259,0.00837513,0.0000572919
7260,0.00331783,0.0000572822
7261,0.00232443,0.0000572725
7262,0.00353342,0.0000572627
7263,0.00695646,0.0000572530
7264,0.00933849,0.0000572433
7265,0.00327320,0.0000572336
7266,0.00411206,0.0000572239
7267,0.00236732,0.0000572142
7268,0.00556736,0.0000572045
7269,0.02266942,0.0000571948
7270,0.00626214,0.0000571851
7271,0.00397257,0.0000571754
7272,0.36205727,0.0000571657
7273,0.00411456,0.0000571560
7274,0.01958393,0.0000571463
7275,0.00424724,0.0000571366
7276,0.00530516,0.0000571269
7277,0.02355018,0.0000571171
7278,0.00264616,0.0000571074
7279,0.00733911,0.0000570977
7280,0.00439816,0.0000570880
7281,0.00336909,0.0000570783
7282,0.00218735,0.0000570686
7283,0.00268272,0.0000570589
7284,0.00270512,0.0000570492
7285,0.00360236,0.0000570395
7286,0.00331969,0.0000570298
7287,0.00317083,0.0000570200
7288,0.00267191,0.0000570103
7289,0.00412604,0.0000570006
7290,0.00450329,0.0000569909
7291,0.00270840,0.0000569812
7292,0.00235368,0.0000569715
7293,0.02032903,0.0000569618
7294,0.00418051,0.0000569521
7295,0.00256315,0.0000569423
7296,0.00805567,0.0000569326
7297,0.00503907,0.0000569229
7298,0.00297826,0.0000569132
7299,0.00331902,0.0000569035
7300,0.08385976,0.0000568938
7301,0.00303385,0.0000568841
7302,0.00288697,0.0000568743
7303,0.00380357,0.0000568646
7304,0.00251431,0.0000568549
7305,0.00675119,0.0000568452
7306,0.05166372,0.0000568355
7307,0.00834627,0.0000568258
7308,0.00351990,0.0000568160
7309,0.00356875,0.0000568063
7310,0.00677270,0.0000567966
7311,0.00394602,0.0000567869
7312,0.00291412,0.0000567772
7313,0.00592085,0.0000567674
7314,0.00429318,0.0000567577
7315,0.00374513,0.0000567480
7316,0.00339614,0.0000567383
7317,0.02030469,0.0000567286
7318,0.00211836,0.0000567189
7319,0.00345324,0.0000567091
7320,0.00359870,0.0000566994
7321,0.00518022,0.0000566897
7322,0.00947701,0.0000566800
7323,0.00551145,0.0000566702
7324,0.00240099,0.0000566605
7325,0.00456644,0.0000566508
7326,0.00257039,0.0000566411
7327,0.00309933,0.0000566314
7328,0.00206930,0.0000566216
7329,0.00313479,0.0000566119
7330,0.00340762,0.0000566022
7331,0.00516363,0.0000565925
7332,0.00233099,0.0000565827
7333,0.00361569,0.0000565730
7334,0.00392986,0.0000565633
7335,0.00319644,0.0000565536
7336,0.00264278,0.0000565439
7337,0.00353010,0.0000565341
7338,0.06339541,0.0000565244
7339,0.00350524,0.0000565147
7340,0.00372003,0.0000565050
7341,0.00343707,0.0000564952
7342,0.00295484,0.0000564855
7343,0.00380830,0.0000564758
7344,0.00525937,0.0000564660
7345,0.00304305,0.0000564563
7346,0.00327223,0.0000564466
7347,0.00454445,0.0000564369
7348,0.00343518,0.0000564271
7349,0.00571433,0.0000564174
7350,0.12831727,0.0000564077
7351,0.00271361,0.0000563980
7352,0.03537589,0.0000563882
7353,0.00830013,0.0000563785
7354,0.00232361,0.0000563688
7355,0.01887663,0.0000563590
7356,0.00559321,0.0000563493
7357,0.00277902,0.0000563396
7358,0.00789753,0.0000563299
7359,0.00201010,0.0000563201
7360,0.00403822,0.0000563104
7361,0.00751962,0.0000563007
7362,0.00275394,0.0000562909
7363,0.00400539,0.0000562812
7364,0.00509619,0.0000562715
7365,0.00301150,0.0000562617
7366,0.00318612,0.0000562520
7367,0.02397674,0.0000562423
7368,0.01061361,0.0000562325
7369,0.00455231,0.0000562228
7370,0.00428947,0.0000562131
7371,0.00580452,0.0000562033
7372,0.00379558,0.0000561936
7373,0.00581944,0.0000561839
7374,0.36094910,0.0000561741
7375,0.00329876,0.0000561644
7376,0.00408683,0.0000561547
7377,0.00351097,0.0000561449
7378,0.08460325,0.0000561352
7379,0.02495542,0.0000561255
7380,0.00629250,0.0000561157
7381,0.00400253,0.0000561060
7382,0.00432660,0.0000560963
7383,0.00226093,0.0000560865
7384,0.00366163,0.0000560768
7385,0.01754233,0.0000560671
7386,0.00277041,0.0000560573
7387,0.00462475,0.0000560476
7388,0.00303931,0.0000560379
7389,0.00295682,0.0000560281
7390,0.00328498,0.0000560184
7391,0.00336046,0.0000560086
7392,0.00977973,0.0000559989
7393,0.00406966,0.0000559892
7394,0.01437096,0.0000559794
7395,0.00294083,0.0000559697
7396,0.00624428,0.0000559599
7397,0.00289952,0.0000559502
7398,0.00448177,0.0000559405
7399,0.00514916,0.0000559307
7400,0.00276189,0.0000559210
7401,0.00278101,0.0000559113
7402,0.05570693,0.0000559015
7403,0.00356760,0.0000558918
7404,0.00389372,0.0000558820
7405,0.00280341,0.0000558723
7406,0.00317438,0.0000558626
7407,0.00399869,0.0000558528
7408,0.00248547,0.0000558431
7409,0.00409070,0.0000558333
7410,0.00401958,0.0000558236
7411,0.00313186,0.0000558138
7412,0.00279129,0.0000558041
7413,0.05198395,0.0000557944
7414,0.00620345,0.0000557846
7415,0.00182894,0.0000557749
7416,0.01053159,0.0000557651
7417,0.00909961,0.0000557554
7418,0.03424481,0.0000557456
7419,0.00516839,0.0000557359
7420,0.00609066,0.0000557262
7421,0.00461292,0.0000557164
7422,0.00350029,0.0000557067
7423,0.00192416,0.0000556969
7424,0.00368049,0.0000556872
7425,0.00269893,0.0000556774
7426,0.00290030,0.0000556677
7427,0.00273437,0.0000556579
7428,0.00448884,0.0000556482
7429,0.00241655,0.0000556384
7430,0.00552004,0.0000556287
7431,0.00236220,0.0000556190
7432,0.00271538,0.0000556092
7433,0.00452098,0.0000555995
7434,0.00356544,0.0000555897
7435,0.00250722,0.0000555800
7436,0.00291247,0.0000555702
7437,0.00322410,0.0000555605
7438,0.01437645,0.0000555507
7439,0.00356666,0.0000555410
7440,0.00862089,0.0000555312
7441,0.00451058,0.0000555215
7442,0.08475540,0.0000555117
7443,0.00335904,0.0000555020
7444,0.02165772,0.0000554922
7445,0.00257317,0.0000554825
7446,0.00353897,0.0000554727
7447,0.00271598,0.0000554630
7448,0.00329553,0.0000554532
7449,0.00671954,0.0000554435
7450,0.00398295,0.0000554337
7451,0.00351593,0.0000554240
7452,0.00390370,0.0000554142
7453,0.00347215,0.0000554045
7454,0.00564848,0.0000553947
7455,0.00393436,0.0000553850
7456,0.36116579,0.0000553752
7457,0.00479857,0.0000553655
7458,0.00402271,0.0000553557
7459,0.02590370,0.0000553460
7460,0.00395937,0.0000553362
7461,0.00188035,0.0000553265
7462,0.00213296,0.0000553167
7463,0.00301799,0.0000553070
7464,0.00822004,0.0000552972
7465,0.00678493,0.0000552875
7466,0.00230919,0.0000552777
7467,0.00483723,0.0000552679
7468,0.00393839,0.0000552582
7469,0.00231390,0.0000552484
7470,0.00291890,0.0000552387
7471,0.00562001,0.0000552289
7472,0.00329632,0.0000552192
7473,0.00733483,0.0000552094
7474,0.00896403,0.0000551997
7475,0.01193488,0.0000551899
7476,0.00450359,0.0000551802
7477,0.00438349,0.0000551704
7478,0.00263497,0.0000551606
7479,0.00348113,0.0000551509
7480,0.00244740,0.0000551411
7481,0.00266976,0.0000551314
7482,0.12193382,0.0000551216
7483,0.02487858,0.0000551119
7484,0.06274425,0.0000551021
7485,0.00270511,0.0000550923
7486,0.00235533,0.0000550826
7487,0.00276417,0.0000550728
7488,0.00352510,0.0000550631
7489,0.00388506,0.0000550533
7490,0.01903911,0.0000550436
7491,0.00520033,0.0000550338
7492,0.00439936,0.0000550240
7493,0.00905049,0.0000550143
7494,0.00284311,0.0000550045
7495,0.00299844,0.0000549948
7496,0.00377104,0.0000549850
7497,0.00432891,0.0000549752
7498,0.00422795,0.0000549655
7499,0.00291498,0.0000549557
7500,0.00209814,0.0000549460
7501,0.01232404,0.0000549362
7502,0.00421649,0.0000549264
7503,0.00582650,0.0000549167
7504,0.00532179,0.0000549069
7505,0.00283256,0.0000548972
7506,0.00327202,0.0000548874
7507,0.00316514,0.0000548776
7508,0.00437966,0.0000548679
7509,0.00282195,0.0000548581
7510,0.00305925,0.0000548483
7511,0.00272346,0.0000548386
7512,0.06197564,0.0000548288
7513,0.00663547,0.0000548191
7514,0.08547550,0.0000548093
7515,0.00470432,0.0000547995
7516,0.01256289,0.0000547898
7517,0.00409612,0.0000547800
7518,0.02039355,0.0000547702
7519,0.01406757,0.0000547605
7520,0.00253079,0.0000547507
7521,0.00326622,0.0000547409
7522,0.00270471,0.0000547312
7523,0.00328866,0.0000547214
7524,0.00192301,0.0000547117
7525,0.00371968,0.0000547019
7526,0.00634437,0.0000546921
7527,0.00283735,0.0000546824
7528,0.00189266,0.0000546726
7529,0.00336420,0.0000546628
7530,0.00324676,0.0000546531
7531,0.00316075,0.0000546433
7532,0.00275152,0.0000546335
7533,0.12365676,0.0000546238
7534,0.00574011,0.0000546140
7535,0.00356593,0.0000546042
7536,0.00310941,0.0000545945
7537,0.00845011,0.0000545847
7538,0.00346412,0.0000545749
7539,0.00404582,0.0000545652
7540,0.00265919,0.0000545554
7541,0.00242477,0.0000545456
7542,0.00486830,0.0000545359
7543,0.00393729,0.0000545261
7544,0.00422271,0.0000545163
7545,0.00369696,0.0000545066
7546,0.38258755,0.0000544968
7547,0.00276775,0.0000544870
7548,0.00775368,0.0000544772
7549,0.00289879,0.0000544675
7550,0.01788813,0.0000544577
7551,0.00442963,0.0000544479
7552,0.00514159,0.0000544382
7553,0.00595758,0.0000544284
7554,0.00352229,0.0000544186
7555,0.00481481,0.0000544089
7556,0.00448041,0.0000543991
7557,0.03496682,0.0000543893
7558,0.00240561,0.0000543795
7559,0.00543257,0.0000543698
7560,0.00604088,0.0000543600
7561,0.00373339,0.0000543502
7562,0.00239591,0.0000543405
7563,0.00364969,0.0000543307
7564,0.00492228,0.0000543209
7565,0.00322608,0.0000543111
7566,0.00437098,0.0000543014
7567,0.00368463,0.0000542916
7568,0.00322825,0.0000542818
7569,0.00388459,0.0000542721
7570,0.00388707,0.0000542623
7571,0.00349966,0.0000542525
7572,0.00581221,0.0000542427
7573,0.00231089,0.0000542330
7574,0.05186668,0.0000542232
7575,0.00609693,0.0000542134
7576,0.00533984,0.0000542036
7577,0.00415382,0.0000541939
7578,0.00804416,0.0000541841
7579,0.00659217,0.0000541743
7580,0.00446969,0.0000541645
7581,0.00303898,0.0000541548
7582,0.00585527,0.0000541450
7583,0.00323448,0.0000541352
7584,0.00358380,0.0000541255
7585,0.00326407,0.0000541157
7586,0.00150314,0.0000541059
7587,0.02537972,0.0000540961
7588,0.00593630,0.0000540863
7589,0.00677062,0.0000540766
7590,0.00193854,0.0000540668
7591,0.00344683,0.0000540570
7592,0.00212208,0.0000540472
7593,0.00922723,0.0000540375
7594,0.00252387,0.0000540277
7595,0.01111095,0.0000540179
7596,0.00580217,0.0000540081
7597,0.00260128,0.0000539984
7598,0.00368767,0.0000539886
7599,0.00298993,0.0000539788
7600,0.00362256,0.0000539690
7601,0.00298989,0.0000539593
7602,0.00479536,0.0000539495
7603,0.01373817,0.0000539397
7604,0.00280486,0.0000539299
7605,0.00412793,0.0000539201
7606,0.05084550,0.0000539104
7607,0.00378219,0.0000539006
7608,0.00327220,0.0000538908
7609,0.00513643,0.0000538810
7610,0.00138432,0.0000538713
7611,0.00383436,0.0000538615
7612,0.00398372,0.0000538517
7613,0.00426803,0.0000538419
7614,0.00546501,0.0000538321
7615,0.00482486,0.0000538224
7616,0.00263234,0.0000538126
7617,0.00204399,0.0000538028
7618,0.00441940,0.0000537930
7619,0.00525552,0.0000537832
7620,0.00260359,0.0000537735
7621,0.00343282,0.0000537637
7622,0.00161243,0.0000537539
7623,0.00360241,0.0000537441
7624,0.00292868,0.0000537343
7625,0.00389942,0.0000537245
7626,0.00499169,0.0000537148
7627,0.00360727,0.0000537050
7628,0.00223731,0.0000536952
7629,0.00312882,0.0000536854
7630,0.00327908,0.0000536756
7631,0.06775199,0.0000536659
7632,0.00182075,0.0000536561
7633,0.00284199,0.0000536463
7634,0.00467170,0.0000536365
7635,0.12879728,0.0000536267
7636,0.00542521,0.0000536169
7637,0.00991504,0.0000536072
7638,0.00972010,0.0000535974
7639,0.00250280,0.0000535876
7640,0.00398059,0.0000535778
7641,0.00367514,0.0000535680
7642,0.00451287,0.0000535583
7643,0.00397420,0.0000535485
7644,0.00376694,0.0000535387
7645,0.00332657,0.0000535289
7646,0.00335095,0.0000535191
7647,0.08364271,0.0000535093
7648,0.00552439,0.0000534995
7649,0.00263558,0.0000534898
7650,0.00321542,0.0000534800
7651,0.00373718,0.0000534702
7652,0.00380201,0.0000534604
7653,0.00406041,0.0000534506
7654,0.00550350,0.0000534408
7655,0.02284298,0.0000534311
7656,0.00266663,0.0000534213
7657,0.00776377,0.0000534115
7658,0.00365933,0.0000534017
7659,0.00269394,0.0000533919
7660,0.00445259,0.0000533821
7661,0.00170826,0.0000533723
7662,0.00204709,0.0000533626
7663,0.00289302,0.0000533528
7664,0.00770401,0.0000533430
7665,0.00307381,0.0000533332
7666,0.00353808,0.0000533234
7667,0.00335119,0.0000533136
7668,0.00366699,0.0000533038
7669,0.00624693,0.0000532941
7670,0.00387658,0.0000532843
7671,0.00228606,0.0000532745
7672,0.00369611,0.0000532647
7673,0.02526225,0.0000532549
7674,0.02045908,0.0000532451
7675,0.00322831,0.0000532353
7676,0.00248508,0.0000532255
7677,0.00441826,0.0000532158
7678,0.00415553,0.0000532060
7679,0.00219307,0.0000531962
7680,0.00617760,0.0000531864
7681,0.00226808,0.0000531766
7682,0.01111375,0.0000531668
7683,0.00484654,0.0000531570
7684,0.00678333,0.0000531472
7685,0.00302857,0.0000531374
7686,0.00243611,0.0000531277
7687,0.36260748,0.0000531179
7688,0.00416827,0.0000531081
7689,0.01376508,0.0000530983
7690,0.00138153,0.0000530885
7691,0.00342561,0.0000530787
7692,0.00392357,0.0000530689
7693,0.03341200,0.0000530591
7694,0.02508568,0.0000530493
7695,0.00352490,0.0000530395
7696,0.06251090,0.0000530298
7697,0.00680331,0.0000530200
7698,0.00503372,0.0000530102
7699,0.00208753,0.0000530004
7700,0.00416206,0.0000529906
7701,0.00741470,0.0000529808
7702,0.00398204,0.0000529710
7703,0.00402757,0.0000529612
7704,0.00360624,0.0000529514
7705,0.00482552,0.0000529416
7706,0.00490387,0.0000529319
7707,0.00202991,0.0000529221
7708,0.00282718,0.0000529123
7709,0.01476231,0.0000529025
7710,0.00449778,0.0000528927
7711,0.00360987,0.0000528829
7712,0.00180123,0.0000528731
7713,0.00405660,0.0000528633
7714,0.00393458,0.0000528535
7715,0.01447194,0.0000528437
7716,0.00500528,0.0000528339
7717,0.00306876,0.0000528241
7718,0.00265523,0.0000528143
7719,0.00311455,0.0000528046
7720,0.00342780,0.0000527948
7721,0.00429969,0.0000527850
7722,0.00458917,0.0000527752
7723,0.00599387,0.0000527654
7724,0.00400177,0.0000527556
7725,0.00654308,0.0000527458
7726,0.00339775,0.0000527360
7727,0.00262878,0.0000527262
7728,0.36063012,0.0000527164
7729,0.00491699,0.0000527066
7730,0.02381754,0.0000526968
7731,0.00339194,0.0000526870
7732,0.00272632,0.0000526772
7733,0.00530671,0.0000526674
7734,0.00170972,0.0000526577
7735,0.01246094,0.0000526479
7736,0.00391958,0.0000526381
7737,0.00446832,0.0000526283
7738,0.00734327,0.0000526185
7739,0.00385791,0.0000526087
7740,0.00583987,0.0000525989
7741,0.15370491,0.0000525891
7742,0.00350445,0.0000525793
7743,0.05472118,0.0000525695
7744,0.00480025,0.0000525597
7745,0.00240943,0.0000525499
7746,0.00318491,0.0000525401
7747,0.01924371,0.0000525303
7748,0.00336857,0.0000525205
7749,0.00279503,0.0000525107
7750,0.00856341,0.0000525009
7751,0.00414833,0.0000524911
7752,0.00394728,0.0000524813
7753,0.00437655,0.0000524715
7754,0.00329641,0.0000524617
7755,0.00265085,0.0000524519
7756,0.00162064,0.0000524422
7757,0.00732319,0.0000524324
7758,0.00210468,0.0000524226
7759,0.00397039,0.0000524128
7760,0.00243473,0.0000524030
7761,0.00266070,0.0000523932
7762,0.00246269,0.0000523834
7763,0.00238374,0.0000523736
7764,0.00446066,0.0000523638
7765,0.00241418,0.0000523540
7766,0.00371683,0.0000523442
7767,0.00272562,0.0000523344
7768,0.00320036,0.0000523246
7769,0.00380882,0.0000523148
7770,0.00407351,0.0000523050
7771,0.00358186,0.0000522952
7772,0.00457647,0.0000522854
7773,0.00332137,0.0000522756
7774,0.08209015,0.0000522658
7775,0.00351113,0.0000522560
7776,0.00361102,0.0000522462
7777,0.00395391,0.0000522364
7778,0.00407563,0.0000522266
7779,0.00288472,0.0000522168
7780,0.02757662,0.0000522070
7781,0.00368768,0.0000521972
7782,0.00258086,0.0000521874
7783,0.00379879,0.0000521776
7784,0.00363779,0.0000521678
7785,0.00499763,0.0000521580
7786,0.02612578,0.0000521482
7787,0.00407689,0.0000521384
7788,0.00285962,0.0000521286
7789,0.00488668,0.0000521188
7790,0.00248840,0.0000521090
7791,0.00267577,0.0000520992
7792,0.00359891,0.0000520894
7793,0.00506129,0.0000520796
7794,0.00445047,0.0000520698
7795,0.00872223,0.0000520600
7796,0.00251235,0.0000520502
7797,0.00206700,0.0000520404
7798,0.00345173,0.0000520306
7799,0.00495729,0.0000520208
7800,0.00510831,0.0000520110
7801,0.00222731,0.0000520012
7802,0.00412320,0.0000519914
7803,0.00478347,0.0000519816
7804,0.00273545,0.0000519718
7805,0.02365871,0.0000519620
7806,0.00309823,0.0000519522
7807,0.00376522,0.0000519424
7808,0.00273298,0.0000519326
7809,0.00312186,0.0000519228
7810,0.00392227,0.0000519130
7811,0.00837228,0.0000519032
7812,0.00721212,0.0000518934
7813,0.00475358,0.0000518836
7814,0.00211152,0.0000518738
7815,0.00193226,0.0000518640
7816,0.01794870,0.0000518542
7817,0.00534798,0.0000518444
7818,0.00176068,0.0000518346
7819,0.00270131,0.0000518248
7820,0.00717882,0.0000518150
7821,0.00428658,0.0000518052
7822,0.00647369,0.0000517954
7823,0.00203024,0.0000517856
7824,0.00449133,0.0000517758
7825,0.00398246,0.0000517660
7826,0.00450591,0.0000517562
7827,0.00272754,0.0000517464
7828,0.00288847,0.0000517366
7829,0.00411678,0.0000517268
7830,0.00506608,0.0000517170
7831,0.00433129,0.0000517072
7832,0.00190190,0.0000516974
7833,0.00795459,0.0000516876
7834,0.00561698,0.0000516778
7835,0.00177830,0.0000516680
7836,0.00921724,0.0000516582
7837,0.00279044,0.0000516484
7838,0.00453742,0.0000516386
7839,0.00489535,0.0000516288
7840,0.08338077,0.0000516190
7841,0.02233095,0.0000516092
7842,0.00506094,0.0000515994
7843,0.00209091,0.0000515896
7844,0.02492970,0.0000515798
7845,0.00183578,0.0000515700
7846,0.00261531,0.0000515601
7847,0.00331689,0.0000515503
7848,0.05938465,0.0000515405
7849,0.00140814,0.0000515307
7850,0.36325684,0.0000515209
7851,0.03673762,0.0000515111
7852,0.00377608,0.0000515013
7853,0.00628157,0.0000514915
7854,0.00360904,0.0000514817
7855,0.01260919,0.0000514719
7856,0.00679363,0.0000514621
7857,0.00154040,0.0000514523
7858,0.12279277,0.0000514425
7859,0.00407703,0.0000514327
7860,0.00308192,0.0000514229
7861,0.00256465,0.0000514131
7862,0.00250323,0.0000514033
7863,0.00233645,0.0000513935
7864,0.00519651,0.0000513837
7865,0.00316615,0.0000513739
7866,0.00236827,0.0000513641
7867,0.00294754,0.0000513543
7868,0.00447039,0.0000513445
7869,0.00298871,0.0000513347
7870,0.00241081,0.0000513249
7871,0.00299538,0.0000513151
7872,0.01283229,0.0000513052
7873,0.00298642,0.0000512954
7874,0.00479848,0.0000512856
7875,0.06041056,0.0000512758
7876,0.00231311,0.0000512660
7877,0.00370737,0.0000512562
7878,0.00233285,0.0000512464
7879,0.00347868,0.0000512366
7880,0.01469568,0.0000512268
7881,0.00611255,0.0000512170
7882,0.00460944,0.0000512072
7883,0.00671848,0.0000511974
7884,0.00344470,0.0000511876
7885,0.00340487,0.0000511778
7886,0.00332905,0.0000511680
7887,0.02340065,0.0000511582
7888,0.00434841,0.0000511484
7889,0.00372643,0.0000511386
7890,0.00651707,0.0000511288
7891,0.00492600,0.0000511190
7892,0.00348923,0.0000511091
7893,0.00318698,0.0000510993
7894,0.00258039,0.0000510895
7895,0.00288312,0.0000510797
7896,0.00564275,0.0000510699
7897,0.00335227,0.0000510601
7898,0.00552694,0.0000510503
7899,0.00271647,0.0000510405
7900,0.00189346,0.0000510307
7901,0.00377915,0.0000510209
7902,0.00360346,0.0000510111
7903,0.00444972,0.0000510013
7904,0.00335625,0.0000509915
7905,0.20483270,0.0000509817
7906,0.00283819,0.0000509719
7907,0.00346083,0.0000509621
7908,0.00387011,0.0000509523
7909,0.00818811,0.0000509424
7910,0.00956174,0.0000509326
7911,0.36786199,0.0000509228
7912,0.00340529,0.0000509130
7913,0.00493530,0.0000509032
7914,0.00295164,0.0000508934
7915,0.00304961,0.0000508836
7916,0.00490000,0.0000508738
7917,0.00521959,0.0000508640
7918,0.00435662,0.0000508542
7919,0.00246849,0.0000508444
7920,0.00424119,0.0000508346
7921,0.00565605,0.0000508248
7922,0.00563571,0.0000508150
7923,0.00407249,0.0000508052
7924,0.00262039,0.0000507954
7925,0.00417928,0.0000507855
7926,0.00640811,0.0000507757
7927,0.00258720,0.0000507659
7928,0.00199438,0.0000507561
7929,0.00199337,0.0000507463
7930,0.00396322,0.0000507365
7931,0.06173130,0.0000507267
7932,0.00374755,0.0000507169
7933,0.00359647,0.0000507071
7934,0.00256984,0.0000506973
7935,0.00177088,0.0000506875
7936,0.05619390,0.0000506777
7937,0.00452023,0.0000506679
7938,0.00444940,0.0000506581
7939,0.01142256,0.0000506483
7940,0.00381897,0.0000506384
7941,0.00293984,0.0000506286
7942,0.00209904,0.0000506188
7943,0.00296335,0.0000506090
7944,0.00434541,0.0000505992
7945,0.00304381,0.0000505894
7946,0.00363660,0.0000505796
7947,0.00158558,0.0000505698
7948,0.02298244,0.0000505600
7949,0.00539977,0.0000505502
7950,0.00225657,0.0000505404
7951,0.00582042,0.0000505306
7952,0.00410876,0.0000505208
7953,0.00318604,0.0000505110
7954,0.00259261,0.0000505011
7955,0.00218783,0.0000504913
7956,0.00436816,0.0000504815
7957,0.03843505,0.0000504717
7958,0.00316632,0.0000504619
7959,0.00398738,0.0000504521
7960,0.01965508,0.0000504423
7961,0.00624038,0.0000504325
7962,0.00383159,0.0000504227
7963,0.00262659,0.0000504129
7964,0.00404653,0.0000504031
7965,0.00413733,0.0000503933
7966,0.02570623,0.0000503835
7967,0.01895852,0.0000503737
7968,0.00335650,0.0000503638
7969,0.00455957,0.0000503540
7970,0.00285786,0.0000503442
7971,0.00503254,0.0000503344
7972,0.00413147,0.0000503246
7973,0.00223935,0.0000503148
7974,0.00769747,0.0000503050
7975,0.00484753,0.0000502952
7976,0.00312542,0.0000502854
7977,0.00270442,0.0000502756
7978,0.00308894,0.0000502658
7979,0.00183378,0.0000502560
7980,0.00090484,0.0000502462
7981,0.01203877,0.0000502363
7982,0.00400988,0.0000502265
7983,0.00307389,0.0000502167
7984,0.00229145,0.0000502069
7985,0.00169369,0.0000501971
7986,0.02226283,0.0000501873
7987,0.00304367,0.0000501775
7988,0.00953079,0.0000501677
7989,0.00186690,0.0000501579
7990,0.00510755,0.0000501481
7991,0.00353476,0.0000501383
7992,0.00456125,0.0000501285
7993,0.00311507,0.0000501187
7994,0.00370796,0.0000501088
7995,0.00312793,0.0000500990
7996,0.00493709,0.0000500892
7997,0.00372537,0.0000500794
7998,0.02634853,0.0000500696
7999,0.00341166,0.0000500598
8000,0.00406221,0.0000500500
8001,0.00355330,0.0000500402
8002,0.00586223,0.0000500304
8003,0.00459788,0.0000500206
8004,0.01936288,0.0000500108
8005,0.00460146,0.0000500010
8006,0.00924464,0.0000499912
8007,0.00269127,0.0000499813
8008,0.00310458,0.0000499715
8009,0.00404945,0.0000499617
8010,0.00382134,0.0000499519
8011,0.00404038,0.0000499421
8012,0.00229288,0.0000499323
8013,0.00458120,0.0000499225
8014,0.00436821,0.0000499127
8015,0.00445673,0.0000499029
8016,0.00734586,0.0000498931
8017,0.00336743,0.0000498833
8018,0.00332700,0.0000498735
8019,0.00263146,0.0000498637
8020,0.00301207,0.0000498538
8021,0.00245217,0.0000498440
8022,0.00523537,0.0000498342
8023,0.00656601,0.0000498244
8024,0.00508340,0.0000498146
8025,0.00182997,0.0000498048
8026,0.00248815,0.0000497950
8027,0.00372302,0.0000497852
8028,0.00305097,0.0000497754
8029,0.00415456,0.0000497656
8030,0.00372659,0.0000497558
8031,0.00215728,0.0000497460
8032,0.00285882,0.0000497362
8033,0.00419546,0.0000497263
8034,0.00463023,0.0000497165
8035,0.00257901,0.0000497067
8036,0.00477396,0.0000496969
8037,0.01110995,0.0000496871
8038,0.00640403,0.0000496773
8039,0.00442353,0.0000496675
8040,0.00493779,0.0000496577
8041,0.00317228,0.0000496479
8042,0.00309076,0.0000496381
8043,0.00179635,0.0000496283
8044,0.00371076,0.0000496185
8045,0.00231199,0.0000496087
8046,0.00512704,0.0000495989
8047,0.00433688,0.0000495890
8048,0.00548503,0.0000495792
8049,0.00423828,0.0000495694
8050,0.00315578,0.0000495596
8051,0.01489602,0.0000495498
8052,0.06025175,0.0000495400
8053,0.00192710,0.0000495302
8054,0.00361537,0.0000495204
8055,0.00272751,0.0000495106
8056,0.00328321,0.0000495008
8057,0.00338134,0.0000494910
8058,0.05089485,0.0000494812
8059,0.00284342,0.0000494714
8060,0.15307772,0.0000494616
8061,0.08377936,0.0000494517
8062,0.00403909,0.0000494419
8063,0.00314944,0.0000494321
8064,0.00972794,0.0000494223
8065,0.36118045,0.0000494125
8066,0.02032227,0.0000494027
8067,0.00330134,0.0000493929
8068,0.00579995,0.0000493831
8069,0.00424421,0.0000493733
8070,0.00383225,0.0000493635
8071,0.00395389,0.0000493537
8072,0.00646550,0.0000493439
8073,0.00756864,0.0000493341
8074,0.00470695,0.0000493243
8075,0.00633937,0.0000493145
8076,0.00457047,0.0000493046
8077,0.00394703,0.0000492948
8078,0.08349127,0.0000492850
8079,0.00407655,0.0000492752
8080,0.00251946,0.0000492654
8081,0.00444397,0.0000492556
8082,0.05098639,0.0000492458
8083,0.00389147,0.0000492360
8084,0.00493855,0.0000492262
8085,0.00395177,0.0000492164
8086,0.00275920,0.0000492066
8087,0.00503810,0.0000491968
8088,0.00498378,0.0000491870
8089,0.00138373,0.0000491772
8090,0.00325112,0.0000491674
8091,0.00360583,0.0000491576
8092,0.00900190,0.0000491477
8093,0.00446539,0.0000491379
8094,0.02882908,0.0000491281
8095,0.00579546,0.0000491183
8096,0.00359738,0.0000491085
8097,0.00219903,0.0000490987
8098,0.06375963,0.0000490889
8099,0.00613546,0.0000490791
8100,0.00289962,0.0000490693
8101,0.00486858,0.0000490595
8102,0.00301080,0.0000490497
8103,0.01908393,0.0000490399
8104,0.00756644,0.0000490301
8105,0.00437298,0.0000490203
8106,0.03519158,0.0000490105
8107,0.00564362,0.0000490007
8108,0.00172010,0.0000489909
8109,0.00415054,0.0000489810
8110,0.00288227,0.0000489712
8111,0.00421632,0.0000489614
8112,0.00991788,0.0000489516
8113,0.00352146,0.0000489418
8114,0.00995857,0.0000489320
8115,0.00477510,0.0000489222
8116,0.00264772,0.0000489124
8117,0.00417037,0.0000489026
8118,0.00418631,0.0000488928
8119,0.00238980,0.0000488830
8120,0.01426479,0.0000488732
8121,0.00298445,0.0000488634
8122,0.00286790,0.0000488536
8123,0.00528891,0.0000488438
8124,0.00357305,0.0000488340
8125,0.00364827,0.0000488242
8126,0.00208982,0.0000488144
8127,0.00263326,0.0000488046
8128,0.00282903,0.0000487948
8129,0.00389710,0.0000487849
8130,0.00884750,0.0000487751
8131,0.00376568,0.0000487653
8132,0.00772102,0.0000487555
8133,0.00282719,0.0000487457
8134,0.00328902,0.0000487359
8135,0.00296415,0.0000487261
8136,0.00393293,0.0000487163
8137,0.00181898,0.0000487065
8138,0.00181490,0.0000486967
8139,0.02082632,0.0000486869
8140,0.00327709,0.0000486771
8141,0.02363869,0.0000486673
8142,0.00239728,0.0000486575
8143,0.00120784,0.0000486477
8144,0.00527264,0.0000486379
8145,0.00411098,0.0000486281
8146,0.00213223,0.0000486183
8147,0.00160107,0.0000486085
8148,0.36347795,0.0000485987
8149,0.00437600,0.0000485889
8150,0.00435746,0.0000485791
8151,0.00348708,0.0000485693
8152,0.00230547,0.0000485595
8153,0.00398814,0.0000485497
8154,0.00447330,0.0000485399
8155,0.00526899,0.0000485300
8156,0.00295912,0.0000485202
8157,0.00137040,0.0000485104
8158,0.00445123,0.0000485006
8159,0.00380119,0.0000484908
8160,0.00223600,0.0000484810
8161,0.00672307,0.0000484712
8162,0.00385551,0.0000484614
8163,0.00414206,0.0000484516
8164,0.00167105,0.0000484418
8165,0.12882251,0.0000484320
8166,0.00258478,0.0000484222
8167,0.00914331,0.0000484124
8168,0.00617978,0.0000484026
8169,0.00333105,0.0000483928
8170,0.00282393,0.0000483830
8171,0.05234106,0.0000483732
8172,0.00399863,0.0000483634
8173,0.00622700,0.0000483536
8174,0.00189060,0.0000483438
8175,0.00399287,0.0000483340
8176,0.00322786,0.0000483242
8177,0.01121572,0.0000483144
8178,0.00232493,0.0000483046
8179,0.00506809,0.0000482948
8180,0.00592725,0.0000482850
8181,0.00512238,0.0000482752
8182,0.03316724,0.0000482654
8183,0.00412859,0.0000482556
8184,0.00736018,0.0000482458
8185,0.00346340,0.0000482360
8186,0.08427126,0.0000482262
8187,0.01887040,0.0000482164
8188,0.00270290,0.0000482066
8189,0.00474091,0.0000481968
8190,0.00171084,0.0000481870
8191,0.00272897,0.0000481772
8192,0.00388526,0.0000481674
8193,0.00297691,0.0000481576
8194,0.00273143,0.0000481478
8195,0.02176376,0.0000481380
8196,0.00464442,0.0000481282
8197,0.00128181,0.0000481184
8198,0.00324504,0.0000481086
8199,0.00203176,0.0000480988
8200,0.00400312,0.0000480890
8201,0.00182400,0.0000480792
8202,0.00304330,0.0000480694
8203,0.00441499,0.0000480596
8204,0.00349233,0.0000480498
8205,0.01144005,0.0000480400
8206,0.00270937,0.0000480302
8207,0.00168893,0.0000480204
8208,0.00165052,0.0000480106
8209,0.00194887,0.0000480008
8210,0.00192452,0.0000479910
8211,0.00341936,0.0000479812
8212,0.01222467,0.0000479714
8213,0.00290983,0.0000479616
8214,0.12450138,0.0000479518
8215,0.01537017,0.0000479420
8216,0.00308587,0.0000479322
8217,0.00506205,0.0000479224
8218,0.00657258,0.0000479126
8219,0.00352072,0.0000479028
8220,0.00202645,0.0000478930
8221,0.00269032,0.0000478832
8222,0.00359039,0.0000478734
8223,0.00630511,0.0000478636
8224,0.00462741,0.0000478538
8225,0.00699186,0.0000478440
8226,0.00788151,0.0000478342
8227,0.00259720,0.0000478244
8228,0.00367520,0.0000478146
8229,0.01103887,0.0000478048
8230,0.36314347,0.0000477950
8231,0.00462819,0.0000477852
8232,0.00230055,0.0000477754
8233,0.00480351,0.0000477656
8234,0.06141926,0.0000477558
8235,0.00351663,0.0000477460
8236,0.00769685,0.0000477362
8237,0.02265744,0.0000477264
8238,0.00317261,0.0000477166
8239,0.00203249,0.0000477068
8240,0.00241987,0.0000476970
8241,0.00441357,0.0000476872
8242,0.00330973,0.0000476774
8243,0.00437653,0.0000476676
8244,0.00280169,0.0000476578
8245,0.00353640,0.0000476481
8246,0.00331909,0.0000476383
8247,0.00314059,0.0000476285
8248,0.00130224,0.0000476187
8249,0.00414456,0.0000476089
8250,0.00360313,0.0000475991
8251,0.00352947,0.0000475893
8252,0.00145777,0.0000475795
8253,0.00455865,0.0000475697
8254,0.00669803,0.0000475599
8255,0.00412561,0.0000475501
8256,0.00740799,0.0000475403
8257,0.02368964,0.0000475305
8258,0.00222411,0.0000475207
8259,0.00464196,0.0000475109
8260,0.00469733,0.0000475011
8261,0.00339503,0.0000474913
8262,0.00337360,0.0000474815
8263,0.00190519,0.0000474717
8264,0.00500130,0.0000474619
8265,0.00196024,0.0000474521
8266,0.00799043,0.0000474423
8267,0.00459228,0.0000474326
8268,0.00271772,0.0000474228
8269,0.01878206,0.0000474130
8270,0.00146551,0.0000474032
8271,0.00403259,0.0000473934
8272,0.00161010,0.0000473836
8273,0.00401095,0.0000473738
8274,0.00420501,0.0000473640
8275,0.00234599,0.0000473542
8276,0.00400650,0.0000473444
8277,0.00258136,0.0000473346
8278,0.00363214,0.0000473248
8279,0.00451804,0.0000473150
8280,0.00409654,0.0000473052
8281,0.00616398,0.0000472954
8282,0.00228603,0.0000472857
8283,0.00653865,0.0000472759
8284,0.08536632,0.0000472661
8285,0.00317025,0.0000472563
8286,0.00133497,0.0000472465
8287,0.01001624,0.0000472367
8288,0.00225863,0.0000472269
8289,0.00519022,0.0000472171
8290,0.00408207,0.0000472073
8291,0.01053208,0.0000471975
8292,0.06281936,0.0000471877
8293,0.00144234,0.0000471779
8294,0.00644800,0.0000471681
8295,0.00976155,0.0000471584
8296,0.00319067,0.0000471486
8297,0.00401167,0.0000471388
8298,0.01058742,0.0000471290
8299,0.00312212,0.0000471192
8300,0.00176132,0.0000471094
8301,0.00543107,0.0000470996
8302,0.00352630,0.0000470898
8303,0.00439648,0.0000470800
8304,0.00466634,0.0000470702
8305,0.00686598,0.0000470605
8306,0.03271659,0.0000470507
8307,0.00395305,0.0000470409
8308,0.00308285,0.0000470311
8309,0.00337681,0.0000470213
8310,0.36414710,0.0000470115
8311,0.00591282,0.0000470017
8312,0.00295702,0.0000469919
8313,0.00297689,0.0000469821
8314,0.01501596,0.0000469723
8315,0.00794961,0.0000469626
8316,0.02679498,0.0000469528
8317,0.00215783,0.0000469430
8318,0.00327378,0.0000469332
8319,0.00295960,0.0000469234
8320,0.00387412,0.0000469136
8321,0.00239104,0.0000469038
8322,0.00400154,0.0000468940
8323,0.00437002,0.0000468842
8324,0.00413625,0.0000468745
8325,0.00333183,0.0000468647
8326,0.00230780,0.0000468549
8327,0.02393167,0.0000468451
8328,0.00298753,0.0000468353
8329,0.00132635,0.0000468255
8330,0.00260397,0.0000468157
8331,0.00236640,0.0000468059
8332,0.00241413,0.0000467962
8333,0.00342942,0.0000467864
8334,0.00407108,0.0000467766
8335,0.00205291,0.0000467668
8336,0.00391512,0.0000467570
8337,0.00533922,0.0000467472
8338,0.00274584,0.0000467374
8339,0.00193625,0.0000467277
8340,0.00280839,0.0000467179
8341,0.00714904,0.0000467081
8342,0.00388293,0.0000466983
8343,0.00235220,0.0000466885
8344,0.00422900,0.0000466787
8345,0.00266664,0.0000466689
8346,0.12770726,0.0000466592
8347,0.00400642,0.0000466494
8348,0.06653231,0.0000466396
8349,0.00305654,0.0000466298
8350,0.00627857,0.0000466200
8351,0.00218546,0.0000466102
8352,0.00307918,0.0000466005
8353,0.00368574,0.0000465907
8354,0.00519858,0.0000465809
8355,0.00254077,0.0000465711
8356,0.00180037,0.0000465613
8357,0.00490955,0.0000465515
8358,0.00427051,0.0000465417
8359,0.00316295,0.0000465320
8360,0.00440843,0.0000465222
8361,0.00185660,0.0000465124
8362,0.00347947,0.0000465026
8363,0.00275476,0.0000464928
8364,0.01012774,0.0000464831
8365,0.02134133,0.0000464733
8366,0.00662409,0.0000464635
8367,0.00443542,0.0000464537
8368,0.00411019,0.0000464439
8369,0.00497309,0.0000464341
8370,0.00357155,0.0000464244
8371,0.00355557,0.0000464146
8372,0.00356989,0.0000464048
8373,0.00318552,0.0000463950
8374,0.00281512,0.0000463852
8375,0.00203933,0.0000463755
8376,0.00329741,0.0000463657
8377,0.00120515,0.0000463559
8378,0.00272165,0.0000463461
8379,0.00484333,0.0000463363
8380,0.00672349,0.0000463265
8381,0.02114305,0.0000463168
8382,0.00226583,0.0000463070
8383,0.00452627,0.0000462972
8384,0.01124999,0.0000462874
8385,0.00335674,0.0000462776
8386,0.00240316,0.0000462679
8387,0.01857707,0.0000462581
8388,0.00265832,0.0000462483
8389,0.00465046,0.0000462385
8390,0.00366975,0.0000462287
8391,0.00395260,0.0000462190
8392,0.00228692,0.0000462092
8393,0.00307255,0.0000461994
8394,0.00845817,0.0000461896
8395,0.00344999,0.0000461799
8396,0.00348461,0.0000461701
8397,0.00248075,0.0000461603
8398,0.00470363,0.0000461505
8399,0.00450430,0.0000461407
8400,0.00073030,0.0000461310
8401,0.00621320,0.0000461212
8402,0.03601024,0.0000461114
8403,0.00288626,0.0000461016
8404,0.00222550,0.0000460919
8405,0.00221998,0.0000460821
8406,0.00470214,0.0000460723
8407,0.00438835,0.0000460625
8408,0.00147685,0.0000460528
8409,0.00316904,0.0000460430
8410,0.00281103,0.0000460332
8411,0.00344378,0.0000460234
8412,0.00292520,0.0000460137
8413,0.00697651,0.0000460039
8414,0.00371531,0.0000459941
8415,0.00356730,0.0000459843
8416,0.00394021,0.0000459745
8417,0.00505556,0.0000459648
8418,0.36074671,0.0000459550
8419,0.00396871,0.0000459452
8420,0.00143762,0.0000459355
8421,0.00273142,0.0000459257
8422,0.00227698,0.0000459159
8423,0.00397176,0.0000459061
8424,0.00413676,0.0000458964
8425,0.00489914,0.0000458866
8426,0.00584753,0.0000458768
8427,0.12196551,0.0000458670
8428,0.06263684,0.0000458573
8429,0.00365786,0.0000458475
8430,0.01059391,0.0000458377
8431,0.00492577,0.0000458279
8432,0.02402161,0.0000458182
8433,0.00372902,0.0000458084
8434,0.00318290,0.0000457986
8435,0.01933843,0.0000457889
8436,0.00240187,0.0000457791
8437,0.00304003,0.0000457693
8438,0.00342564,0.0000457595
8439,0.00211786,0.0000457498
8440,0.00516145,0.0000457400
8441,0.00306876,0.0000457302
8442,0.00184827,0.0000457205
8443,0.00702588,0.0000457107
8444,0.00357383,0.0000457009
8445,0.00189822,0.0000456911
8446,0.00376845,0.0000456814
8447,0.02423759,0.0000456716
8448,0.00265560,0.0000456618
8449,0.00182262,0.0000456521
8450,0.05289763,0.0000456423
8451,0.00233409,0.0000456325
8452,0.00143270,0.0000456228
8453,0.08277892,0.0000456130
8454,0.00344984,0.0000456032
8455,0.00342345,0.0000455934
8456,0.03322400,0.0000455837
8457,0.00286273,0.0000455739
8458,0.00403666,0.0000455641
8459,0.00265503,0.0000455544
8460,0.00331585,0.0000455446
8461,0.00637201,0.0000455348
8462,0.00342712,0.0000455251
8463,0.00237695,0.0000455153
8464,0.00212583,0.0000455055
8465,0.00177006,0.0000454958
8466,0.00223888,0.0000454860
8467,0.00248019,0.0000454762
8468,0.06426254,0.0000454665
8469,0.00514989,0.0000454567
8470,0.08507973,0.0000454469
8471,0.00267973,0.0000454372
8472,0.00243982,0.0000454274
8473,0.00282534,0.0000454176
8474,0.00411018,0.0000454079
8475,0.00604260,0.0000453981
8476,0.00335899,0.0000453883
8477,0.00359982,0.0000453786
8478,0.00328477,0.0000453688
8479,0.00314787,0.0000453591
8480,0.01872240,0.0000453493
8481,0.00404885,0.0000453395
8482,0.00294865,0.0000453298
8483,0.00696296,0.0000453200
8484,0.00353662,0.0000453102
8485,0.00428497,0.0000453005
8486,0.02218022,0.0000452907
8487,0.00268447,0.0000452809
8488,0.00167635,0.0000452712
8489,0.00391130,0.0000452614
8490,0.00350227,0.0000452517
8491,0.00472451,0.0000452419
8492,0.00362156,0.0000452321
8493,0.00708737,0.0000452224
8494,0.00120874,0.0000452126
8495,0.00356055,0.0000452028
8496,0.00326076,0.0000451931
8497,0.00672284,0.0000451833
8498,0.00538090,0.0000451736
8499,0.00319316,0.0000451638
8500,0.01121053,0.0000451540
8501,0.00944771,0.0000451443
8502,0.00158284,0.0000451345
8503,0.00277913,0.0000451248
8504,0.00309159,0.0000451150
8505,0.00330309,0.0000451052
8506,0.00328679,0.0000450955
8507,0.00398456,0.0000450857
8508,0.00153443,0.0000450760
8509,0.00287484,0.0000450662
8510,0.00442036,0.0000450564
8511,0.00369640,0.0000450467
8512,0.01002230,0.0000450369
8513,0.05204733,0.0000450272
8514,0.01976814,0.0000450174
8515,0.00348858,0.0000450077
8516,0.00375520,0.0000449979
8517,0.00401775,0.0000449881
8518,0.00282095,0.0000449784
8519,0.00505308,0.0000449686
8520,0.00226372,0.0000449589
8521,0.00434120,0.0000449491
8522,0.00222006,0.0000449394
8523,0.00201161,0.0000449296
8524,0.02609568,0.0000449198
8525,0.00315613,0.0000449101
8526,0.00686716,0.0000449003
8527,0.00324158,0.0000448906
8528,0.00266477,0.0000448808
8529,0.00283556,0.0000448711
8530,0.00480535,0.0000448613
8531,0.00262403,0.0000448516
8532,0.00361619,0.0000448418
8533,0.00443184,0.0000448321
8534,0.00349624,0.0000448223
8535,0.00543305,0.0000448125
8536,0.36271119,0.0000448028
8537,0.00297542,0.0000447930
8538,0.13421918,0.0000447833
8539,0.00310387,0.0000447735
8540,0.00796719,0.0000447638
8541,0.00519057,0.0000447540
8542,0.00376829,0.0000447443
8543,0.01609297,0.0000447345
8544,0.00254169,0.0000447248
8545,0.00471827,0.0000447150
8546,0.00266252,0.0000447053
8547,0.00456031,0.0000446955
8548,0.00359402,0.0000446858
8549,0.00373660,0.0000446760
8550,0.00200926,0.0000446663
8551,0.00384703,0.0000446565
8552,0.00822177,0.0000446468
8553,0.00197396,0.0000446370
8554,0.00532942,0.0000446273
8555,0.02355344,0.0000446175
8556,0.03451130,0.0000446078
8557,0.00665264,0.0000445980
8558,0.00451680,0.0000445883
8559,0.00418408,0.0000445785
8560,0.00465309,0.0000445688
8561,0.00664619,0.0000445590
8562,0.00606730,0.0000445493
8563,0.00468033,0.0000445395
8564,0.00201928,0.0000445298
8565,0.00368064,0.0000445200
8566,0.00421398,0.0000445103
8567,0.00479646,0.0000445005
8568,0.00215972,0.0000444908
8569,0.00444749,0.0000444810
8570,0.05121913,0.0000444713
8571,0.08325706,0.0000444616
8572,0.00385258,0.0000444518
8573,0.00529527,0.0000444421
8574,0.00144338,0.0000444323
8575,0.00148333,0.0000444226
8576,0.01088664,0.0000444128
8577,0.00373060,0.0000444031
8578,0.01235780,0.0000443933
8579,0.00298149,0.0000443836
8580,0.00527838,0.0000443738
8581,0.00376070,0.0000443641
8582,0.00349158,0.0000443544
8583,0.00294896,0.0000443446
8584,0.00264957,0.0000443349
8585,0.00418869,0.0000443251
8586,0.00339959,0.0000443154
8587,0.01577077,0.0000443056
8588,0.00349420,0.0000442959
8589,0.00347390,0.0000442862
8590,0.00401268,0.0000442764
8591,0.00365921,0.0000442667
8592,0.06148047,0.0000442569
8593,0.00389660,0.0000442472
8594,0.00364044,0.0000442374
8595,0.00548452,0.0000442277
8596,0.00309400,0.0000442180
8597,0.00387139,0.0000442082
8598,0.00217696,0.0000441985
8599,0.00811884,0.0000441887
8600,0.00255138,0.0000441790
8601,0.00327062,0.0000441693
8602,0.00357281,0.0000441595
8603,0.00947601,0.0000441498
8604,0.00159259,0.0000441401
8605,0.00263815,0.0000441303
8606,0.00300889,0.0000441206
8607,0.00135652,0.0000441108
8608,0.00605677,0.0000441011
8609,0.14063716,0.0000440914
8610,0.00365245,0.0000440816
8611,0.00218015,0.0000440719
8612,0.00329831,0.0000440621
8613,0.00239515,0.0000440524
8614,0.00357273,0.0000440427
8615,0.00359289,0.0000440329
8616,0.00249075,0.0000440232
8617,0.00247994,0.0000440135
8618,0.00230313,0.0000440037
8619,0.00307219,0.0000439940
8620,0.00523674,0.0000439843
8621,0.00349842,0.0000439745
8622,0.00364187,0.0000439648
8623,0.00312594,0.0000439551
8624,0.00731724,0.0000439453
8625,0.00724661,0.0000439356
8626,0.00405964,0.0000439259
8627,0.00188203,0.0000439161
8628,0.00150559,0.0000439064
8629,0.00105076,0.0000438967
8630,0.00476876,0.0000438869
8631,0.00344837,0.0000438772
8632,0.00410104,0.0000438675
8633,0.00217865,0.0000438577
8634,0.01999607,0.0000438480
8635,0.00390706,0.0000438383
8636,0.00489413,0.0000438285
8637,0.00328312,0.0000438188
8638,0.00473020,0.0000438091
8639,0.38136327,0.0000437993
8640,0.00242567,0.0000437896
8641,0.00454247,0.0000437799
8642,0.00281577,0.0000437701
8643,0.00933832,0.0000437604
8644,0.00328557,0.0000437507
8645,0.00261820,0.0000437410
8646,0.01428503,0.0000437312
8647,0.01015722,0.0000437215
8648,0.00268866,0.0000437118
8649,0.00991619,0.0000437020
8650,0.00261957,0.0000436923
8651,0.00528525,0.0000436826
8652,0.00330819,0.0000436729
8653,0.00313660,0.0000436631
8654,0.00722172,0.0000436534
8655,0.12220198,0.0000436437
8656,0.00459370,0.0000436340
8657,0.00285600,0.0000436242
8658,0.00524059,0.0000436145
8659,0.00632251,0.0000436048
8660,0.00177310,0.0000435950
8661,0.00634961,0.0000435853
8662,0.00450917,0.0000435756
8663,0.00458661,0.0000435659
8664,0.00303037,0.0000435561
8665,0.00413676,0.0000435464
8666,0.00320795,0.0000435367
8667,0.00276937,0.0000435270
8668,0.00362205,0.0000435173
8669,0.00366140,0.0000435075
8670,0.00539939,0.0000434978
8671,0.00203335,0.0000434881
8672,0.00279290,0.0000434784
8673,0.01043053,0.0000434686
8674,0.00426401,0.0000434589
8675,0.00464459,0.0000434492
8676,0.06075511,0.0000434395
8677,0.02356966,0.0000434298
8678,0.00720632,0.0000434200
8679,0.00291422,0.0000434103
8680,0.00389474,0.0000434006
8681,0.00348294,0.0000433909
8682,0.02461920,0.0000433811
8683,0.00345291,0.0000433714
8684,0.00568149,0.0000433617
8685,0.00284659,0.0000433520
8686,0.00223731,0.0000433423
8687,0.00582426,0.0000433326
8688,0.00304660,0.0000433228
8689,0.00298907,0.0000433131
8690,0.00328220,0.0000433034
8691,0.00379541,0.0000432937
8692,0.00363514,0.0000432840
8693,0.00235880,0.0000432742
8694,0.00265846,0.0000432645
8695,0.02572259,0.0000432548
8696,0.00296802,0.0000432451
8697,0.00317348,0.0000432354
8698,0.00106796,0.0000432257
8699,0.00400005,0.0000432159
8700,0.00290836,0.0000432062
8701,0.00345430,0.0000431965
8702,0.00348274,0.0000431868
8703,0.00752479,0.0000431771
8704,0.36255553,0.0000431674
8705,0.00198699,0.0000431577
8706,0.00631441,0.0000431479
8707,0.00544834,0.0000431382
8708,0.05204547,0.0000431285
8709,0.00260569,0.0000431188
8710,0.00292553,0.0000431091
8711,0.01719600,0.0000430994
8712,0.00360993,0.0000430897
8713,0.00198879,0.0000430800
8714,0.00332221,0.0000430702
8715,0.00298485,0.0000430605
8716,0.00426558,0.0000430508
8717,0.03310927,0.0000430411
8718,0.00280466,0.0000430314
8719,0.00192735,0.0000430217
8720,0.00173502,0.0000430120
8721,0.08395551,0.0000430023
8722,0.00189262,0.0000429926
8723,0.00429135,0.0000429829
8724,0.00269202,0.0000429731
8725,0.00438370,0.0000429634
8726,0.00302290,0.0000429537
8727,0.00322210,0.0000429440
8728,0.00988571,0.0000429343
8729,0.00414506,0.0000429246
8730,0.00349613,0.0000429149
8731,0.00607710,0.0000429052
8732,0.00240546,0.0000428955
8733,0.00222981,0.0000428858
8734,0.00442593,0.0000428761
8735,0.00236200,0.0000428664
8736,0.00460347,0.0000428567
8737,0.00306313,0.0000428470
8738,0.00258007,0.0000428373
8739,0.00429132,0.0000428275
8740,0.00677017,0.0000428178
8741,0.00396340,0.0000428081
8742,0.00238261,0.0000427984
8743,0.39411730,0.0000427887
8744,0.00296941,0.0000427790
8745,0.00325437,0.0000427693
8746,0.00446575,0.0000427596
8747,0.00363314,0.0000427499
8748,0.00394557,0.0000427402
8749,0.08431202,0.0000427305
8750,0.00284738,0.0000427208
8751,0.00412496,0.0000427111
8752,0.02312468,0.0000427014
8753,0.00951143,0.0000426917
8754,0.00268899,0.0000426820
8755,0.00485209,0.0000426723
8756,0.00483384,0.0000426626
8757,0.00306649,0.0000426529
8758,0.00149518,0.0000426432
8759,0.00814442,0.0000426335
8760,0.00207863,0.0000426238
8761,0.00791562,0.0000426141
8762,0.00341203,0.0000426044
8763,0.00213760,0.0000425947
8764,0.00404939,0.0000425850
8765,0.00269274,0.0000425753
8766,0.00404769,0.0000425656
8767,0.00297813,0.0000425559
8768,0.00177831,0.0000425462
8769,0.00407286,0.0000425365
8770,0.00441732,0.0000425268
8771,0.00328883,0.0000425171
8772,0.00437311,0.0000425074
8773,0.00351812,0.0000424978
8774,0.00227404,0.0000424881
8775,0.01374193,0.0000424784
8776,0.00486860,0.0000424687
8777,0.00427528,0.0000424590
8778,0.00794952,0.0000424493
8779,0.00395518,0.0000424396
8780,0.00660537,0.0000424299
8781,0.00353791,0.0000424202
8782,0.00304610,0.0000424105
8783,0.00296618,0.0000424008
8784,0.00434182,0.0000423911
8785,0.00170587,0.0000423814
8786,0.00317692,0.0000423717
8787,0.00317794,0.0000423621
8788,0.00169158,0.0000423524
8789,0.00265916,0.0000423427
8790,0.00788962,0.0000423330
8791,0.00461114,0.0000423233
8792,0.01038967,0.0000423136
8793,0.00225574,0.0000423039
8794,0.00324482,0.0000422942
8795,0.00531873,0.0000422845
8796,0.00399259,0.0000422748
8797,0.00240434,0.0000422652
8798,0.00419867,0.0000422555
8799,0.00391542,0.0000422458
8800,0.00370233,0.0000422361
8801,0.00292749,0.0000422264
8802,0.01875912,0.0000422167
8803,0.00289849,0.0000422070
8804,0.00414857,0.0000421974
8805,0.00372867,0.0000421877
8806,0.00278229,0.0000421780
8807,0.00325155,0.0000421683
8808,0.00246347,0.0000421586
8809,0.00123295,0.0000421489
8810,0.00754429,0.0000421392
8811,0.00240979,0.0000421296
8812,0.06210540,0.0000421199
8813,0.00399404,0.0000421102
8814,0.00268468,0.0000421005
8815,0.07411932,0.0000420908
8816,0.00388981,0.0000420811
8817,0.00225716,0.0000420715
8818,0.00262056,0.0000420618
8819,0.00309829,0.0000420521
8820,0.00288066,0.0000420424
8821,0.00879675,0.0000420327
8822,0.00265617,0.0000420231
8823,0.00139454,0.0000420134
8824,0.00158536,0.0000420037
8825,0.00316994,0.0000419940
8826,0.00346492,0.0000419843
8827,0.00554980,0.0000419747
8828,0.00104685,0.0000419650
8829,0.00296042,0.0000419553
8830,0.12315906,0.0000419456
8831,0.00475075,0.0000419360
8832,0.00602940,0.0000419263
8833,0.02714458,0.0000419166
8834,0.00392133,0.0000419069
8835,0.00422389,0.0000418972
8836,0.00343036,0.0000418876
8837,0.00475406,0.0000418779
8838,0.00378236,0.0000418682
8839,0.00371016,0.0000418585
8840,0.00370232,0.0000418489
8841,0.00414016,0.0000418392
8842,0.14215888,0.0000418295
8843,0.00298816,0.0000418198
8844,0.01224487,0.0000418102
8845,0.00366513,0.0000418005
8846,0.02031264,0.0000417908
8847,0.00615467,0.0000417812
8848,0.00219756,0.0000417715
8849,0.36346379,0.0000417618
8850,0.00352559,0.0000417521
8851,0.00246592,0.0000417425
8852,0.00279323,0.0000417328
8853,0.05136181,0.0000417231
8854,0.00560118,0.0000417135
8855,0.00533921,0.0000417038
8856,0.00936878,0.0000416941
8857,0.00160380,0.0000416844
8858,0.00468050,0.0000416748
8859,0.00145142,0.0000416651
8860,0.03328397,0.0000416554
8861,0.00380066,0.0000416458
8862,0.00626355,0.0000416361
8863,0.00149494,0.0000416264
8864,0.00296845,0.0000416168
8865,0.00610323,0.0000416071
8866,0.00303650,0.0000415974
8867,0.00291280,0.0000415878
8868,0.00317633,0.0000415781
8869,0.00545608,0.0000415684
8870,0.12346046,0.0000415588
8871,0.00265112,0.0000415491
8872,0.00309155,0.0000415394
8873,0.00454220,0.0000415298
8874,0.00187644,0.0000415201
8875,0.02491325,0.0000415105
8876,0.00268194,0.0000415008
8877,0.00196494,0.0000414911
8878,0.00355826,0.0000414815
8879,0.00401462,0.0000414718
8880,0.00636815,0.0000414621
8881,0.00272742,0.0000414525
8882,0.00388193,0.0000414428
8883,0.02131062,0.0000414332
8884,0.00413660,0.0000414235
8885,0.00208263,0.0000414138
8886,0.00202244,0.0000414042
8887,0.00219382,0.0000413945
8888,0.00333638,0.0000413849
8889,0.00851727,0.0000413752
8890,0.00967029,0.0000413655
8891,0.01643051,0.0000413559
8892,0.00378138,0.0000413462
8893,0.00265164,0.0000413366
8894,0.00274066,0.0000413269
8895,0.00304416,0.0000413173
8896,0.00201367,0.0000413076
8897,0.00268435,0.0000412979
8898,0.01331980,0.0000412883
8899,0.01826279,0.0000412786
8900,0.00378590,0.0000412690
8901,0.00391218,0.0000412593
8902,0.00194442,0.0000412497
8903,0.00227409,0.0000412400
8904,0.00268505,0.0000412304
8905,0.00258390,0.0000412207
8906,0.00408386,0.0000412111
8907,0.00529658,0.0000412014
8908,0.00404989,0.0000411917
8909,0.00212328,0.0000411821
8910,0.00320465,0.0000411724
8911,0.00115978,0.0000411628
8912,0.00347343,0.0000411531
8913,0.00400092,0.0000411435
8914,0.00343104,0.0000411338
8915,0.00840251,0.0000411242
8916,0.00272207,0.0000411145
8917,0.00419715,0.0000411049
8918,0.00445683,0.0000410952
8919,0.00113371,0.0000410856
8920,0.00315920,0.0000410759
8921,0.00375991,0.0000410663
8922,0.00243192,0.0000410567
8923,0.00816343,0.0000410470
8924,0.00379719,0.0000410374
8925,0.00279075,0.0000410277
8926,0.00326571,0.0000410181
8927,0.00451865,0.0000410084
8928,0.00308815,0.0000409988
8929,0.00420761,0.0000409891
8930,0.00085819,0.0000409795
8931,0.00429585,0.0000409698
8932,0.00190619,0.0000409602
8933,0.00207475,0.0000409505
8934,0.00374047,0.0000409409
8935,0.00133926,0.0000409313
8936,0.00451723,0.0000409216
8937,0.00418202,0.0000409120
8938,0.00377163,0.0000409023
8939,0.00406153,0.0000408927
8940,0.00262020,0.0000408831
8941,0.00821599,0.0000408734
8942,0.00891918,0.0000408638
8943,0.00356962,0.0000408541
8944,0.02241915,0.0000408445
8945,0.00311650,0.0000408349
8946,0.00209712,0.0000408252
8947,0.00382420,0.0000408156
8948,0.00365828,0.0000408059
8949,0.00913357,0.0000407963
8950,0.00393784,0.0000407867
8951,0.01946497,0.0000407770
8952,0.36139685,0.0000407674
8953,0.00444087,0.0000407577
8954,0.00397786,0.0000407481
8955,0.00294117,0.0000407385
8956,0.00371194,0.0000407288
8957,0.00305477,0.0000407192
8958,0.00199497,0.0000407096
8959,0.00246451,0.0000406999
8960,0.00468465,0.0000406903
8961,0.00317040,0.0000406807
8962,0.00216227,0.0000406710
8963,0.00368292,0.0000406614
8964,0.00494098,0.0000406518
8965,0.00235351,0.0000406421
8966,0.00154128,0.0000406325
8967,0.00331199,0.0000406229
8968,0.00691292,0.0000406132
8969,0.00256201,0.0000406036
8970,0.00881082,0.0000405940
8971,0.00268044,0.0000405844
8972,0.00390325,0.0000405747
8973,0.00433151,0.0000405651
8974,0.06200308,0.0000405555
8975,0.00265667,0.0000405458
8976,0.00477299,0.0000405362
8977,0.03492270,0.0000405266
8978,0.00162834,0.0000405170
8979,0.00393941,0.0000405073
8980,0.00200056,0.0000404977
8981,0.00134515,0.0000404881
8982,0.00341205,0.0000404784
8983,0.00413160,0.0000404688
8984,0.00429600,0.0000404592
8985,0.00348573,0.0000404496
8986,0.00298527,0.0000404399
8987,0.00408039,0.0000404303
8988,0.00212470,0.0000404207
8989,0.02331143,0.0000404111
8990,0.00321534,0.0000404014
8991,0.00322777,0.0000403918
8992,0.00353560,0.0000403822
8993,0.00181092,0.0000403726
8994,0.00897438,0.0000403630
8995,0.00213902,0.0000403533
8996,0.05185566,0.0000403437
8997,0.00294030,0.0000403341
8998,0.00374465,0.0000403245
8999,0.01561406,0.0000403149
9000,0.00433323,0.0000403052
9001,0.00194588,0.0000402956
9002,0.08262768,0.0000402860
9003,0.00291101,0.0000402764
9004,0.01016246,0.0000402668
9005,0.00364478,0.0000402571
9006,0.00274855,0.0000402475
9007,0.00173964,0.0000402379
9008,0.00679414,0.0000402283
9009,0.00430882,0.0000402187
9010,0.12292781,0.0000402091
9011,0.00395108,0.0000401994
9012,0.00399534,0.0000401898
9013,0.00458194,0.0000401802
9014,0.00533712,0.0000401706
9015,0.00960688,0.0000401610
9016,0.00204130,0.0000401514
9017,0.00270004,0.0000401418
9018,0.00386757,0.0000401322
9019,0.00289343,0.0000401225
9020,0.00502592,0.0000401129
9021,0.01786476,0.0000401033
9022,0.01156191,0.0000400937
9023,0.00253900,0.0000400841
9024,0.00349819,0.0000400745
9025,0.00198562,0.0000400649
9026,0.00393512,0.0000400553
9027,0.00597712,0.0000400457
9028,0.00378404,0.0000400360
9029,0.06309935,0.0000400264
9030,0.00252135,0.0000400168
9031,0.00648799,0.0000400072
9032,0.00304178,0.0000399976
9033,0.00726246,0.0000399880
9034,0.00319656,0.0000399784
9035,0.08257682,0.0000399688
9036,0.00335322,0.0000399592
9037,0.00229064,0.0000399496
9038,0.00450124,0.0000399400
9039,0.00481538,0.0000399304
9040,0.00136726,0.0000399208
9041,0.00511384,0.0000399112
9042,0.05090804,0.0000399016
9043,0.00404101,0.0000398920
9044,0.02224950,0.0000398824
9045,0.01464680,0.0000398728
9046,0.00534109,0.0000398632
9047,0.00465470,0.0000398536
9048,0.00413611,0.0000398440
9049,0.00296012,0.0000398344
9050,0.00333765,0.0000398248
9051,0.00215691,0.0000398152
9052,0.00319003,0.0000398056
9053,0.36225802,0.0000397960
9054,0.01025189,0.0000397864
9055,0.00195130,0.0000397768
9056,0.00309649,0.0000397672
9057,0.00226557,0.0000397576
9058,0.00554151,0.0000397480
9059,0.00944028,0.0000397384
9060,0.00399819,0.0000397288
9061,0.00335539,0.0000397192
9062,0.00286509,0.0000397096
9063,0.00499297,0.0000397000
9064,0.00245908,0.0000396904
9065,0.00267281,0.0000396808
9066,0.00451651,0.0000396712
9067,0.00401880,0.0000396616
9068,0.00437778,0.0000396520
9069,0.00097999,0.0000396424
9070,0.00397915,0.0000396328
9071,0.01896795,0.0000396232
9072,0.00182596,0.0000396137
9073,0.02057793,0.0000396041
9074,0.00176589,0.0000395945
9075,0.00298494,0.0000395849
9076,0.00444428,0.0000395753
9077,0.00268467,0.0000395657
9078,0.00165026,0.0000395561
9079,0.00566532,0.0000395465
9080,0.03341204,0.0000395369
9081,0.00149636,0.0000395273
9082,0.00422388,0.0000395178
9083,0.00197651,0.0000395082
9084,0.00141998,0.0000394986
9085,0.00457763,0.0000394890
9086,0.01463013,0.0000394794
9087,0.00281067,0.0000394698
9088,0.00230000,0.0000394602
9089,0.00947429,0.0000394507
9090,0.00409419,0.0000394411
9091,0.00369459,0.0000394315
9092,0.00877877,0.0000394219
9093,0.00257344,0.0000394123
9094,0.00342819,0.0000394027
9095,0.00279971,0.0000393932
9096,0.00216515,0.0000393836
9097,0.00564370,0.0000393740
9098,0.00431547,0.0000393644
9099,0.00213174,0.0000393548
9100,0.00560099,0.0000393453
9101,0.00318442,0.0000393357
9102,0.00608659,0.0000393261
9103,0.00385656,0.0000393165
9104,0.00518972,0.0000393069
9105,0.00428016,0.0000392974
9106,0.02394008,0.0000392878
9107,0.00373550,0.0000392782
9108,0.12209517,0.0000392686
9109,0.00251247,0.0000392591
9110,0.00270140,0.0000392495
9111,0.00155383,0.0000392399
9112,0.00172039,0.0000392303
9113,0.00601611,0.0000392208
9114,0.00147892,0.0000392112
9115,0.00324710,0.0000392016
9116,0.00403574,0.0000391920
9117,0.00190739,0.0000391825
9118,0.00236305,0.0000391729
9119,0.00278062,0.0000391633
9120,0.00553801,0.0000391537
9121,0.00630418,0.0000391442
9122,0.01004036,0.0000391346
9123,0.00439841,0.0000391250
9124,0.00230188,0.0000391155
9125,0.00211995,0.0000391059
9126,0.36164856,0.0000390963
9127,0.00243586,0.0000390868
9128,0.00317622,0.0000390772
9129,0.00321924,0.0000390676
9130,0.00364965,0.0000390581
9131,0.00229678,0.0000390485
9132,0.00117012,0.0000390389
9133,0.00254238,0.0000390294
9134,0.00368712,0.0000390198
9135,0.00222270,0.0000390102
9136,0.00245281,0.0000390007
9137,0.00342899,0.0000389911
9138,0.00893744,0.0000389815
9139,0.00431332,0.0000389720
9140,0.00770990,0.0000389624
9141,0.00310578,0.0000389528
9142,0.00460176,0.0000389433
9143,0.00275963,0.0000389337
9144,0.00490545,0.0000389242
9145,0.00608668,0.0000389146
9146,0.01415558,0.0000389050
9147,0.00288634,0.0000388955
9148,0.00340079,0.0000388859
9149,0.00313158,0.0000388764
9150,0.00249618,0.0000388668
9151,0.00438844,0.0000388572
9152,0.00341604,0.0000388477
9153,0.00268201,0.0000388381
9154,0.00409291,0.0000388286
9155,0.00264735,0.0000388190
9156,0.00301348,0.0000388094
9157,0.00382555,0.0000387999
9158,0.02299804,0.0000387903
9159,0.00396123,0.0000387808
9160,0.00375021,0.0000387712
9161,0.00230887,0.0000387617
9162,0.00438094,0.0000387521
9163,0.06264831,0.0000387426
9164,0.00501130,0.0000387330
9165,0.00184162,0.0000387235
9166,0.00111857,0.0000387139
9167,0.00360072,0.0000387044
9168,0.00214482,0.0000386948
9169,0.00337861,0.0000386853
9170,0.00378064,0.0000386757
9171,0.00228726,0.0000386662
9172,0.00243914,0.0000386566
9173,0.00096417,0.0000386471
9174,0.00258234,0.0000386375
9175,0.02232288,0.0000386280
9176,0.00208371,0.0000386184
9177,0.00273531,0.0000386089
9178,0.00476932,0.0000385993
9179,0.00267998,0.0000385898
9180,0.00207698,0.0000385802
9181,0.00158576,0.0000385707
9182,0.00436795,0.0000385611
9183,0.00219347,0.0000385516
9184,0.11447447,0.0000385420
9185,0.00357651,0.0000385325
9186,0.00483181,0.0000385230
9187,0.00885507,0.0000385134
9188,0.00344000,0.0000385039
9189,0.00598615,0.0000384943
9190,0.00407498,0.0000384848
9191,0.01979334,0.0000384753
9192,0.00449724,0.0000384657
9193,0.00243713,0.0000384562
9194,0.05330811,0.0000384466
9195,0.00357414,0.0000384371
9196,0.00484280,0.0000384276
9197,0.00665174,0.0000384180
9198,0.00442802,0.0000384085
9199,0.01969726,0.0000383989
9200,0.00256434,0.0000383894
9201,0.00310992,0.0000383799
9202,0.00264838,0.0000383703
9203,0.00413235,0.0000383608
9204,0.00348247,0.0000383513
9205,0.00462734,0.0000383417
9206,0.00298192,0.0000383322
9207,0.00571986,0.0000383227
9208,0.12110471,0.0000383131
9209,0.00371845,0.0000383036
9210,0.00457748,0.0000382941
9211,0.00494348,0.0000382845
9212,0.00627194,0.0000382750
9213,0.00222568,0.0000382655
9214,0.02300794,0.0000382559
9215,0.00184044,0.0000382464
9216,0.00293057,0.0000382369
9217,0.00865648,0.0000382273
9218,0.00148417,0.0000382178
9219,0.00376122,0.0000382083
9220,0.00350795,0.0000381988
9221,0.00297399,0.0000381892
9222,0.00172604,0.0000381797
9223,0.07716544,0.0000381702
9224,0.00569495,0.0000381607
9225,0.00174534,0.0000381511
9226,0.00160602,0.0000381416
9227,0.00169200,0.0000381321
9228,0.00324137,0.0000381226
9229,0.00242697,0.0000381130
9230,0.00297596,0.0000381035
9231,0.00405151,0.0000380940
9232,0.05268558,0.0000380845
9233,0.00342248,0.0000380749
9234,0.08416186,0.0000380654
9235,0.01808950,0.0000380559
9236,0.00133599,0.0000380464
9237,0.00118290,0.0000380369
9238,0.00459033,0.0000380273
9239,0.00400478,0.0000380178
9240,0.00412395,0.0000380083
9241,0.00315018,0.0000379988
9242,0.00315852,0.0000379893
9243,0.02165781,0.0000379797
9244,0.00647750,0.0000379702
9245,0.00894206,0.0000379607
9246,0.36435312,0.0000379512
9247,0.00377947,0.0000379417
9248,0.00500228,0.0000379322
9249,0.00302683,0.0000379227
9250,0.00430538,0.0000379131
9251,0.00351272,0.0000379036
9252,0.00381691,0.0000378941
9253,0.00861928,0.0000378846
9254,0.00290257,0.0000378751
9255,0.00527900,0.0000378656
9256,0.00505464,0.0000378561
9257,0.00539304,0.0000378466
9258,0.00257562,0.0000378370
9259,0.00189521,0.0000378275
9260,0.00217973,0.0000378180
9261,0.00287663,0.0000378085
9262,0.00409219,0.0000377990
9263,0.00452523,0.0000377895
9264,0.00411906,0.0000377800
9265,0.00667534,0.0000377705
9266,0.00270866,0.0000377610
9267,0.00233196,0.0000377515
9268,0.00407786,0.0000377420
9269,0.12246775,0.0000377325
9270,0.00218305,0.0000377230
9271,0.00269618,0.0000377135
9272,0.00322120,0.0000377040
9273,0.00231375,0.0000376944
9274,0.00380843,0.0000376849
9275,0.00537798,0.0000376754
9276,0.01153878,0.0000376659
9277,0.03365465,0.0000376564
9278,0.00302452,0.0000376469
9279,0.00174525,0.0000376374
9280,0.00446413,0.0000376279
9281,0.00414508,0.0000376184
9282,0.00928000,0.0000376089
9283,0.00348275,0.0000375994
9284,0.00376800,0.0000375899
9285,0.00343943,0.0000375804
9286,0.00579407,0.0000375710
9287,0.00245823,0.0000375615
9288,0.00656554,0.0000375520
9289,0.03075423,0.0000375425
9290,0.00238003,0.0000375330
9291,0.00239424,0.0000375235
9292,0.00284715,0.0000375140
9293,0.00286996,0.0000375045
9294,0.00415484,0.0000374950
9295,0.00225630,0.0000374855
9296,0.00290009,0.0000374760
9297,0.00260673,0.0000374665
9298,0.00488732,0.0000374570
9299,0.00448665,0.0000374475
9300,0.00318192,0.0000374380
9301,0.02357425,0.0000374286
9302,0.00407023,0.0000374191
9303,0.00257959,0.0000374096
9304,0.00214030,0.0000374001
9305,0.00206067,0.0000373906
9306,0.00282317,0.0000373811
9307,0.00126547,0.0000373716
9308,0.00444393,0.0000373621
9309,0.00246592,0.0000373527
9310,0.00298133,0.0000373432
9311,0.06256884,0.0000373337
9312,0.00229997,0.0000373242
9313,0.00414043,0.0000373147
9314,0.01896707,0.0000373052
9315,0.00268580,0.0000372958
9316,0.00485155,0.0000372863
9317,0.00283117,0.0000372768
9318,0.00298212,0.0000372673
9319,0.00576091,0.0000372578
9320,0.01099048,0.0000372483
9321,0.00169109,0.0000372389
9322,0.00204041,0.0000372294
9323,0.00322034,0.0000372199
9324,0.00205132,0.0000372104
9325,0.00279880,0.0000372010
9326,0.00508210,0.0000371915
9327,0.00546715,0.0000371820
9328,0.00164114,0.0000371725
9329,0.00342644,0.0000371630
9330,0.00181400,0.0000371536
9331,0.00190699,0.0000371441
9332,0.00143518,0.0000371346
9333,0.00274776,0.0000371251
9334,0.00576279,0.0000371157
9335,0.00496386,0.0000371062
9336,0.05394823,0.0000370967
9337,0.00321476,0.0000370873
9338,0.12327196,0.0000370778
9339,0.00531322,0.0000370683
9340,0.00310859,0.0000370588
9341,0.00288133,0.0000370494
9342,0.00386740,0.0000370399
9343,0.00955221,0.0000370304
9344,0.00373198,0.0000370210
9345,0.00292620,0.0000370115
9346,0.00292347,0.0000370020
9347,0.00216519,0.0000369926
9348,0.00320370,0.0000369831
9349,0.00311288,0.0000369736
9350,0.00560530,0.0000369642
9351,0.02585334,0.0000369547
9352,0.00232086,0.0000369452
9353,0.00385842,0.0000369358
9354,0.00219373,0.0000369263
9355,0.00299702,0.0000369168
9356,0.00343040,0.0000369074
9357,0.08493096,0.0000368979
9358,0.00656237,0.0000368885
9359,0.00968646,0.0000368790
9360,0.01464438,0.0000368695
9361,0.00407175,0.0000368601
9362,0.00879198,0.0000368506
9363,0.00312462,0.0000368412
9364,0.00545845,0.0000368317
9365,0.00465405,0.0000368222
9366,0.00266066,0.0000368128
9367,0.00494903,0.0000368033
9368,0.00396451,0.0000367939
9369,0.00558955,0.0000367844
9370,0.00528504,0.0000367750
9371,0.00315059,0.0000367655
9372,0.00124564,0.0000367561
9373,0.00614320,0.0000367466
9374,0.00461224,0.0000367372
9375,0.05242312,0.0000367277
9376,0.00182282,0.0000367182
9377,0.00191553,0.0000367088
9378,0.02048798,0.0000366993
9379,0.00281279,0.0000366899
9380,0.00502446,0.0000366804
9381,0.00414018,0.0000366710
9382,0.00396975,0.0000366615
9383,0.00224340,0.0000366521
9384,0.00256126,0.0000366426
9385,0.01041600,0.0000366332
9386,0.00188510,0.0000366238
9387,0.00350262,0.0000366143
9388,0.36031729,0.0000366049
9389,0.00822318,0.0000365954
9390,0.00263137,0.0000365860
9391,0.00344869,0.0000365765
9392,0.00178705,0.0000365671
9393,0.00180747,0.0000365576
9394,0.00267463,0.0000365482
9395,0.00179296,0.0000365388
9396,0.00345751,0.0000365293
9397,0.00347821,0.0000365199
9398,0.00420579,0.0000365104
9399,0.00294892,0.0000365010
9400,0.00289536,0.0000364915
9401,0.00256096,0.0000364821
9402,0.00255882,0.0000364727
9403,0.00478194,0.0000364632
9404,0.00279839,0.0000364538
9405,0.00034604,0.0000364444
9406,0.00281263,0.0000364349
9407,0.00524893,0.0000364255
9408,0.03813311,0.0000364161
9409,0.00206710,0.0000364066
9410,0.00281224,0.0000363972
9411,0.00277749,0.0000363877
9412,0.00295046,0.0000363783
9413,0.01799693,0.0000363689
9414,0.00763635,0.0000363594
9415,0.00333309,0.0000363500
9416,0.01531987,0.0000363406
9417,0.00352988,0.0000363312
9418,0.00963030,0.0000363217
9419,0.12250746,0.0000363123
9420,0.00345313,0.0000363029
9421,0.00225819,0.0000362934
9422,0.00323241,0.0000362840
9423,0.00450836,0.0000362746
9424,0.00274895,0.0000362652
9425,0.05087797,0.0000362557
9426,0.00460924,0.0000362463
9427,0.00297367,0.0000362369
9428,0.00510792,0.0000362275
9429,0.00578478,0.0000362180
9430,0.00462620,0.0000362086
9431,0.00260372,0.0000361992
9432,0.00353780,0.0000361898
9433,0.00454469,0.0000361803
9434,0.00283862,0.0000361709
9435,0.00398563,0.0000361615
9436,0.00272739,0.0000361521
9437,0.00325565,0.0000361427
9438,0.00492308,0.0000361332
9439,0.00365468,0.0000361238
9440,0.00206977,0.0000361144
9441,0.00268524,0.0000361050
9442,0.02448323,0.0000360956
9443,0.00249935,0.0000360861
9444,0.00411409,0.0000360767
9445,0.00221082,0.0000360673
9446,0.00284463,0.0000360579
9447,0.01890435,0.0000360485
9448,0.00217192,0.0000360391
9449,0.00942639,0.0000360297
9450,0.00124699,0.0000360202
9451,0.00259789,0.0000360108
9452,0.00148851,0.0000360014
9453,0.00286840,0.0000359920
9454,0.00444585,0.0000359826
9455,0.00238912,0.0000359732
9456,0.36042368,0.0000359638
9457,0.00763474,0.0000359544
9458,0.00805339,0.0000359450
9459,0.02355791,0.0000359355
9460,0.00239296,0.0000359261
9461,0.00404660,0.0000359167
9462,0.00229297,0.0000359073
9463,0.00330822,0.0000358979
9464,0.00377582,0.0000358885
9465,0.00477564,0.0000358791
9466,0.00265937,0.0000358697
9467,0.00164970,0.0000358603
9468,0.00306298,0.0000358509
9469,0.00209138,0.0000358415
9470,0.00663672,0.0000358321
9471,0.00281496,0.0000358227
9472,0.00217397,0.0000358133
9473,0.00369873,0.0000358039
9474,0.00345886,0.0000357945
9475,0.00478119,0.0000357851
9476,0.00273293,0.0000357757
9477,0.00335496,0.0000357663
9478,0.00284405,0.0000357569
9479,0.00379781,0.0000357475
9480,0.00425187,0.0000357381
9481,0.00212556,0.0000357287
9482,0.00517075,0.0000357193
9483,0.00394581,0.0000357099
9484,0.00279763,0.0000357005
9485,0.00230886,0.0000356911
9486,0.08593189,0.0000356817
9487,0.00282086,0.0000356723
9488,0.00248162,0.0000356629
9489,0.00309976,0.0000356536
9490,0.00294242,0.0000356442
9491,0.00378290,0.0000356348
9492,0.00283986,0.0000356254
9493,0.00416854,0.0000356160
9494,0.00247780,0.0000356066
9495,0.00267540,0.0000355972
9496,0.00284439,0.0000355878
9497,0.00369424,0.0000355784
9498,0.01970979,0.0000355691
9499,0.00271428,0.0000355597
9500,0.09479942,0.0000355503
9501,0.00311239,0.0000355409
9502,0.00241612,0.0000355315
9503,0.00192122,0.0000355221
9504,0.00224086,0.0000355127
9505,0.00216957,0.0000355034
9506,0.00312104,0.0000354940
9507,0.00442029,0.0000354846
9508,0.00264486,0.0000354752
9509,0.00428512,0.0000354658
9510,0.00470862,0.0000354565
9511,0.00392597,0.0000354471
9512,0.00148172,0.0000354377
9513,0.00343736,0.0000354283
9514,0.00588688,0.0000354189
9515,0.00365175,0.0000354096
9516,0.02794565,0.0000354002
9517,0.00269476,0.0000353908
9518,0.00249072,0.0000353814
9519,0.00296176,0.0000353721
9520,0.00341005,0.0000353627
9521,0.36052647,0.0000353533
9522,0.00298226,0.0000353439
9523,0.00821116,0.0000353346
9524,0.00299103,0.0000353252
9525,0.00152540,0.0000353158
9526,0.00240730,0.0000353065
9527,0.00276754,0.0000352971
9528,0.00213397,0.0000352877
9529,0.00287003,0.0000352783
9530,0.01250467,0.0000352690
9531,0.00183984,0.0000352596
9532,0.00279712,0.0000352502
9533,0.02320825,0.0000352409
9534,0.00308135,0.0000352315
9535,0.06038473,0.0000352221
9536,0.00406856,0.0000352128
9537,0.00347365,0.0000352034
9538,0.00210553,0.0000351940
9539,0.00151948,0.0000351847
9540,0.00436433,0.0000351753
9541,0.00290358,0.0000351660
9542,0.01013941,0.0000351566
9543,0.00429919,0.0000351472
9544,0.00096187,0.0000351379
9545,0.00229762,0.0000351285
9546,0.00330468,0.0000351192
9547,0.00500896,0.0000351098
9548,0.00414900,0.0000351004
9549,0.02252933,0.0000350911
9550,0.01100322,0.0000350817
9551,0.00301334,0.0000350724
9552,0.00244840,0.0000350630
9553,0.00557344,0.0000350537
9554,0.00193257,0.0000350443
9555,0.00252324,0.0000350349
9556,0.00256912,0.0000350256
9557,0.00345435,0.0000350162
9558,0.00248018,0.0000350069
9559,0.00308458,0.0000349975
9560,0.00308392,0.0000349882
9561,0.00372955,0.0000349788
9562,0.00174385,0.0000349695
9563,0.00200976,0.0000349601
9564,0.05137535,0.0000349508
9565,0.01063293,0.0000349414
9566,0.00514850,0.0000349321
9567,0.00265848,0.0000349227
9568,0.00225583,0.0000349134
9569,0.00418387,0.0000349040
9570,0.00631887,0.0000348947
9571,0.00301464,0.0000348854
9572,0.08740188,0.0000348760
9573,0.00363898,0.0000348667
9574,0.01780487,0.0000348573
9575,0.00195813,0.0000348480
9576,0.00225158,0.0000348386
9577,0.00398090,0.0000348293
9578,0.00398728,0.0000348200
9579,0.00337456,0.0000348106
9580,0.00314122,0.0000348013
9581,0.00692155,0.0000347919
9582,0.00150523,0.0000347826
9583,0.00468814,0.0000347733
9584,0.00588032,0.0000347639
9585,0.00163350,0.0000347546
9586,0.03395285,0.0000347452
9587,0.12157026,0.0000347359
9588,0.01631516,0.0000347266
9589,0.00182121,0.0000347172
9590,0.00420399,0.0000347079
9591,0.00300966,0.0000346986
9592,0.00404892,0.0000346892
9593,0.00825366,0.0000346799
9594,0.00108089,0.0000346706
9595,0.00572070,0.0000346612
9596,0.00160153,0.0000346519
9597,0.00182768,0.0000346426
9598,0.00318162,0.0000346333
9599,0.00419679,0.0000346239
9600,0.00317294,0.0000346146
9601,0.01946872,0.0000346053
9602,0.00694216,0.0000345959
9603,0.00274439,0.0000345866
9604,0.36086705,0.0000345773
9605,0.02524038,0.0000345680
9606,0.00626447,0.0000345586
9607,0.00620185,0.0000345493
9608,0.00358645,0.0000345400
9609,0.00306603,0.0000345307
9610,0.00472792,0.0000345214
9611,0.00164380,0.0000345120
9612,0.00395442,0.0000345027
9613,0.01159731,0.0000344934
9614,0.00215953,0.0000344841
9615,0.01910443,0.0000344748
9616,0.00274207,0.0000344654
9617,0.00245368,0.0000344561
9618,0.00180679,0.0000344468
9619,0.00194734,0.0000344375
9620,0.00754177,0.0000344282
9621,0.00386908,0.0000344189
9622,0.00174723,0.0000344095
9623,0.00265515,0.0000344002
9624,0.00316970,0.0000343909
9625,0.00194756,0.0000343816
9626,0.00275552,0.0000343723
9627,0.00369205,0.0000343630
9628,0.00281804,0.0000343537
9629,0.00213209,0.0000343444
9630,0.00963362,0.0000343350
9631,0.00378588,0.0000343257
9632,0.00672365,0.0000343164
9633,0.00353618,0.0000343071
9634,0.00393928,0.0000342978
9635,0.00262423,0.0000342885
9636,0.00318715,0.0000342792
9637,0.00285964,0.0000342699
9638,0.00569545,0.0000342606
9639,0.00434079,0.0000342513
9640,0.05036110,0.0000342420
9641,0.00304331,0.0000342327
9642,0.00201216,0.0000342234
9643,0.03674579,0.0000342141
9644,0.00337663,0.0000342048
9645,0.00917202,0.0000341955
9646,0.00206022,0.0000341862
9647,0.00345588,0.0000341769
9648,0.00361521,0.0000341676
9649,0.00184620,0.0000341583
9650,0.06039657,0.0000341490
9651,0.00182312,0.0000341397
9652,0.00239967,0.0000341304
9653,0.00374593,0.0000341211
9654,0.00312357,0.0000341118
9655,0.00414018,0.0000341025
9656,0.00405557,0.0000340932
9657,0.08373558,0.0000340839
9658,0.00277036,0.0000340746
9659,0.00402071,0.0000340653
9660,0.00318433,0.0000340560
9661,0.00459750,0.0000340467
9662,0.00249808,0.0000340374
9663,0.12321568,0.0000340282
9664,0.00321613,0.0000340189
9665,0.00260999,0.0000340096
9666,0.01445736,0.0000340003
9667,0.00181302,0.0000339910
9668,0.00394847,0.0000339817
9669,0.00866536,0.0000339724
9670,0.00328575,0.0000339631
9671,0.00263487,0.0000339539
9672,0.00332397,0.0000339446
9673,0.00296889,0.0000339353
9674,0.00257849,0.0000339260
9675,0.00203106,0.0000339167
9676,0.00194489,0.0000339074
9677,0.00621938,0.0000338982
9678,0.00443815,0.0000338889
9679,0.00183080,0.0000338796
9680,0.00263906,0.0000338703
9681,0.00225182,0.0000338610
9682,0.02190854,0.0000338518
9683,0.00228648,0.0000338425
9684,0.00825705,0.0000338332
9685,0.00284483,0.0000338239
9686,0.00237733,0.0000338147
9687,0.01030111,0.0000338054
9688,0.00282159,0.0000337961
9689,0.00511234,0.0000337868
9690,0.00365839,0.0000337776
9691,0.00192936,0.0000337683
9692,0.00367357,0.0000337590
9693,0.06304177,0.0000337498
9694,0.00273880,0.0000337405
9695,0.00128863,0.0000337312
9696,0.00283869,0.0000337219
9697,0.00411027,0.0000337127
9698,0.00207908,0.0000337034
9699,0.00336066,0.0000336941
9700,0.00280329,0.0000336849
9701,0.02920510,0.0000336756
9702,0.00245090,0.0000336663
9703,0.00249689,0.0000336571
9704,0.00291779,0.0000336478
9705,0.36174121,0.0000336385
9706,0.00928337,0.0000336293
9707,0.00308572,0.0000336200
9708,0.00352547,0.0000336108
9709,0.00236132,0.0000336015
9710,0.00381245,0.0000335922
9711,0.00216815,0.0000335830
9712,0.00429023,0.0000335737
9713,0.00420567,0.0000335645
9714,0.00407595,0.0000335552
9715,0.00129584,0.0000335459
9716,0.00372973,0.0000335367
9717,0.00342831,0.0000335274
9718,0.00383112,0.0000335182
9719,0.00648618,0.0000335089
9720,0.00291892,0.0000334997
9721,0.00381129,0.0000334904
9722,0.00333903,0.0000334812
9723,0.00361992,0.0000334719
9724,0.00236968,0.0000334627
9725,0.00296690,0.0000334534
9726,0.00271998,0.0000334442
9727,0.00118419,0.0000334349
9728,0.00425194,0.0000334257
9729,0.00722120,0.0000334164
9730,0.00281839,0.0000334072
9731,0.00277220,0.0000333979
9732,0.05125016,0.0000333887
9733,0.00255470,0.0000333794
9734,0.00950763,0.0000333702
9735,0.00382950,0.0000333609
9736,0.00331649,0.0000333517
9737,0.12281942,0.0000333425
9738,0.00300519,0.0000333332
9739,0.00314520,0.0000333240
9740,0.00376183,0.0000333147
9741,0.00249596,0.0000333055
9742,0.00935751,0.0000332962
9743,0.00144966,0.0000332870
9744,0.00280119,0.0000332778
9745,0.00123588,0.0000332685
9746,0.00270631,0.0000332593
9747,0.03369869,0.0000332501
9748,0.00379301,0.0000332408
9749,0.00194217,0.0000332316
9750,0.00121212,0.0000332224
9751,0.02215626,0.0000332131
9752,0.00355771,0.0000332039
9753,0.08756837,0.0000331947
9754,0.01556659,0.0000331854
9755,0.02402470,0.0000331762
9756,0.00373871,0.0000331670
9757,0.00361513,0.0000331577
9758,0.00367931,0.0000331485
9759,0.00251765,0.0000331393
9760,0.00314050,0.0000331300
9761,0.00436089,0.0000331208
9762,0.00741366,0.0000331116
9763,0.00395066,0.0000331024
9764,0.01125886,0.0000330931
9765,0.00179921,0.0000330839
9766,0.00418124,0.0000330747
9767,0.00354449,0.0000330655
9768,0.00228908,0.0000330562
9769,0.00219804,0.0000330470
9770,0.00598217,0.0000330378
9771,0.00211196,0.0000330286
9772,0.01894387,0.0000330194
9773,0.00137901,0.0000330101
9774,0.00314439,0.0000330009
9775,0.00221285,0.0000329917
9776,0.00608297,0.0000329825
9777,0.00664195,0.0000329733
9778,0.00248657,0.0000329640
9779,0.00195467,0.0000329548
9780,0.00443235,0.0000329456
9781,0.00307398,0.0000329364
9782,0.00268919,0.0000329272
9783,0.00326345,0.0000329180
9784,0.00252819,0.0000329088
9785,0.00330842,0.0000328995
9786,0.00189039,0.0000328903
9787,0.00188137,0.0000328811
9788,0.00403497,0.0000328719
9789,0.00989053,0.0000328627
9790,0.00278106,0.0000328535
9791,0.01962424,0.0000328443
9792,0.00753328,0.0000328351
9793,0.00631155,0.0000328259
9794,0.03790908,0.0000328167
9795,0.00431518,0.0000328075
9796,0.00456175,0.0000327983
9797,0.00233430,0.0000327891
9798,0.00784498,0.0000327799
9799,0.00398865,0.0000327707
9800,0.00318831,0.0000327615
9801,0.01458755,0.0000327523
9802,0.00395762,0.0000327431
9803,0.00422024,0.0000327339
9804,0.00173110,0.0000327247
9805,0.00140228,0.0000327155
9806,0.00703573,0.0000327063
9807,0.00309162,0.0000326971
9808,0.00257233,0.0000326879
9809,0.00268708,0.0000326787
9810,0.00331805,0.0000326695
9811,0.00300598,0.0000326603
9812,0.00127896,0.0000326511
9813,0.01796126,0.0000326419
9814,0.00309470,0.0000326327
9815,0.00499543,0.0000326235
9816,0.00348884,0.0000326143
9817,0.00328281,0.0000326051
9818,0.00411084,0.0000325959
9819,0.00243709,0.0000325867
9820,0.00324848,0.0000325776
9821,0.06198658,0.0000325684
9822,0.00265618,0.0000325592
9823,0.00196911,0.0000325500
9824,0.00242686,0.0000325408
9825,0.00171975,0.0000325316
9826,0.00171942,0.0000325224
9827,0.00323969,0.0000325133
9828,0.00431115,0.0000325041
9829,0.00361416,0.0000324949
9830,0.00929288,0.0000324857
9831,0.00316432,0.0000324765
9832,0.00120142,0.0000324673
9833,0.00276027,0.0000324582
9834,0.00344882,0.0000324490
9835,0.00310989,0.0000324398
9836,0.02526456,0.0000324306
9837,0.00317905,0.0000324215
9838,0.00462458,0.0000324123
9839,0.00311049,0.0000324031
9840,0.00209887,0.0000323939
9841,0.00392836,0.0000323848
9842,0.00468091,0.0000323756
9843,0.36052495,0.0000323664
9844,0.00224154,0.0000323572
9845,0.00344946,0.0000323481
9846,0.12438953,0.0000323389
9847,0.00340857,0.0000323297
9848,0.00256670,0.0000323206
9849,0.00258427,0.0000323114
9850,0.00393411,0.0000323022
9851,0.00236430,0.0000322931
9852,0.02261539,0.0000322839
9853,0.00247422,0.0000322747
9854,0.01426896,0.0000322656
9855,0.00694295,0.0000322564
9856,0.00265200,0.0000322472
9857,0.00287595,0.0000322381
9858,0.00336002,0.0000322289
9859,0.00287578,0.0000322197
9860,0.00232122,0.0000322106
9861,0.00388334,0.0000322014
9862,0.00321367,0.0000321923
9863,0.00466258,0.0000321831
9864,0.00136377,0.0000321739
9865,0.00275450,0.0000321648
9866,0.08312671,0.0000321556
9867,0.00199313,0.0000321465
9868,0.00249011,0.0000321373
9869,0.00288000,0.0000321282
9870,0.00386725,0.0000321190
9871,0.00405496,0.0000321099
9872,0.00185866,0.0000321007
9873,0.00322430,0.0000320915
9874,0.00224540,0.0000320824
9875,0.05152319,0.0000320732
9876,0.00349936,0.0000320641
9877,0.00297144,0.0000320549
9878,0.00373778,0.0000320458
9879,0.01050441,0.0000320366
9880,0.00383117,0.0000320275
9881,0.00191151,0.0000320184
9882,0.00292222,0.0000320092
9883,0.00319067,0.0000320001
9884,0.00249779,0.0000319909
9885,0.00358506,0.0000319818
9886,0.00315904,0.0000319726
9887,0.00257569,0.0000319635
9888,0.00257791,0.0000319543
9889,0.00879471,0.0000319452
9890,0.00259250,0.0000319361
9891,0.00377814,0.0000319269
9892,0.00380798,0.0000319178
9893,0.00361447,0.0000319086
9894,0.00240651,0.0000318995
9895,0.00416887,0.0000318904
9896,0.00345829,0.0000318812
9897,0.00205504,0.0000318721
9898,0.00196378,0.0000318630
9899,0.00394922,0.0000318538
9900,0.00411943,0.0000318447
9901,0.01607818,0.0000318356
9902,0.08358692,0.0000318264
9903,0.00238375,0.0000318173
9904,0.00163897,0.0000318082
9905,0.36103186,0.0000317990
9906,0.01696455,0.0000317899
9907,0.00233481,0.0000317808
9908,0.00513645,0.0000317717
9909,0.00203122,0.0000317625
9910,0.01977641,0.0000317534
9911,0.00330004,0.0000317443
9912,0.00333011,0.0000317352
9913,0.00172042,0.0000317260
9914,0.00566834,0.0000317169
9915,0.00544789,0.0000317078
9916,0.00350331,0.0000316987
9917,0.00443928,0.0000316895
9918,0.00341526,0.0000316804
9919,0.00343092,0.0000316713
9920,0.00335757,0.0000316622
9921,0.00445766,0.0000316531
9922,0.00248174,0.0000316439
9923,0.00301880,0.0000316348
9924,0.00280447,0.0000316257
9925,0.00160165,0.0000316166
9926,0.01088862,0.0000316075
9927,0.00272235,0.0000315984
9928,0.00213376,0.0000315892
9929,0.00329980,0.0000315801
9930,0.00221297,0.0000315710
9931,0.00407739,0.0000315619
9932,0.00912065,0.0000315528
9933,0.06003398,0.0000315437
9934,0.02505515,0.0000315346
9935,0.00334114,0.0000315255
9936,0.00159039,0.0000315164
9937,0.00459078,0.0000315073
9938,0.00285507,0.0000314982
9939,0.00178409,0.0000314890
9940,0.00266898,0.0000314799
9941,0.00384683,0.0000314708
9942,0.00201082,0.0000314617
9943,0.05244999,0.0000314526
9944,0.00295999,0.0000314435
9945,0.00198783,0.0000314344
9946,0.00422731,0.0000314253
9947,0.00243340,0.0000314162
9948,0.00114290,0.0000314071
9949,0.00486269,0.0000313980
9950,0.00508836,0.0000313889
9951,0.00114839,0.0000313798
9952,0.00665177,0.0000313707
9953,0.00555733,0.0000313616
9954,0.00639173,0.0000313525
9955,0.03299138,0.0000313435
9956,0.12711243,0.0000313344
9957,0.00722541,0.0000313253
9958,0.01509888,0.0000313162
9959,0.00283743,0.0000313071
9960,0.02281434,0.0000312980
9961,0.00545999,0.0000312889
9962,0.00425564,0.0000312798
9963,0.00280702,0.0000312707
9964,0.00350800,0.0000312616
9965,0.00403746,0.0000312525
9966,0.00301024,0.0000312435
9967,0.00663870,0.0000312344
9968,0.00280807,0.0000312253
9969,0.00230736,0.0000312162
9970,0.00172237,0.0000312071
9971,0.00267164,0.0000311980
9972,0.00277499,0.0000311890
9973,0.00651599,0.0000311799
9974,0.00242096,0.0000311708
9975,0.00291913,0.0000311617
9976,0.00550307,0.0000311526
9977,0.00179823,0.0000311436
9978,0.00201283,0.0000311345
9979,0.00351489,0.0000311254
9980,0.00409840,0.0000311163
9981,0.00331671,0.0000311073
9982,0.03324210,0.0000310982
9983,0.00301306,0.0000310891
9984,0.00249698,0.0000310800
9985,0.12266425,0.0000310710
9986,0.00426913,0.0000310619
9987,0.05961520,0.0000310528
9988,0.00230013,0.0000310437
9989,0.00247731,0.0000310347
9990,0.00207591,0.0000310256
9991,0.00221029,0.0000310165
9992,0.00363576,0.0000310075
9993,0.02174920,0.0000309984
9994,0.00971581,0.0000309893
9995,0.00342502,0.0000309803
9996,0.01528778,0.0000309712
9997,0.00129073,0.0000309621
9998,0.00299391,0.0000309531
9999,0.00259641,0.0000309440
10000,0.02220589,0.0000309350
10001,0.05112950,0.0000309259
10002,0.00268320,0.0000309168
10003,0.00541638,0.0000309078
10004,0.00420628,0.0000308987
10005,0.00355501,0.0000308897
10006,0.00264474,0.0000308806
10007,0.00297487,0.0000308716
10008,0.00185185,0.0000308625
10009,0.00229557,0.0000308534
10010,0.00413590,0.0000308444
10011,0.00220793,0.0000308353
10012,0.00282941,0.0000308263
10013,0.00285666,0.0000308172
10014,0.08332472,0.0000308082
10015,0.00536119,0.0000307991
10016,0.00314038,0.0000307901
10017,0.01923624,0.0000307810
10018,0.00270614,0.0000307720
10019,0.00174454,0.0000307629
10020,0.02344022,0.0000307539
10021,0.00188298,0.0000307448
10022,0.00977328,0.0000307358
10023,0.00274508,0.0000307268
10024,0.00192285,0.0000307177
10025,0.00202949,0.0000307087
10026,0.00392100,0.0000306996
10027,0.00223489,0.0000306906
10028,0.00602960,0.0000306815
10029,0.00214085,0.0000306725
10030,0.00199594,0.0000306635
10031,0.00320644,0.0000306544
10032,0.00427709,0.0000306454
10033,0.00429286,0.0000306363
10034,0.00419015,0.0000306273
10035,0.00261440,0.0000306183
10036,0.00329177,0.0000306092
10037,0.00448536,0.0000306002
10038,0.00425103,0.0000305912
10039,0.00299852,0.0000305821
10040,0.00457215,0.0000305731
10041,0.00289947,0.0000305641
10042,0.00254626,0.0000305551
10043,0.00352213,0.0000305460
10044,0.00499442,0.0000305370
10045,0.00294679,0.0000305280
10046,0.00319644,0.0000305189
10047,0.00299007,0.0000305099
10048,0.00436640,0.0000305009
10049,0.36144120,0.0000304919
10050,0.00253725,0.0000304828
10051,0.00280323,0.0000304738
10052,0.02193032,0.0000304648
10053,0.00195710,0.0000304558
10054,0.00524115,0.0000304467
10055,0.00458121,0.0000304377
10056,0.00451407,0.0000304287
10057,0.00508518,0.0000304197
10058,0.00152107,0.0000304107
10059,0.00473619,0.0000304017
10060,0.00534355,0.0000303926
10061,0.00341718,0.0000303836
10062,0.00859652,0.0000303746
10063,0.00327493,0.0000303656
10064,0.00347231,0.0000303566
10065,0.00322230,0.0000303476
10066,0.00246391,0.0000303386
10067,0.00762990,0.0000303295
10068,0.00571336,0.0000303205
10069,0.00263657,0.0000303115
10070,0.00324576,0.0000303025
10071,0.00266913,0.0000302935
10072,0.00320924,0.0000302845
10073,0.00202974,0.0000302755
10074,0.00125528,0.0000302665
10075,0.08303414,0.0000302575
10076,0.00391273,0.0000302485
10077,0.00332758,0.0000302395
10078,0.00260844,0.0000302305
10079,0.00275925,0.0000302215
10080,0.01138858,0.0000302125
10081,0.00263980,0.0000302035
10082,0.00360039,0.0000301945
10083,0.00395198,0.0000301855
10084,0.01344928,0.0000301765
10085,0.00296597,0.0000301675
10086,0.00245234,0.0000301585
10087,0.00190745,0.0000301495
10088,0.00956844,0.0000301405
10089,0.00279692,0.0000301315
10090,0.00347730,0.0000301225
10091,0.00500648,0.0000301135
10092,0.12469190,0.0000301045
10093,0.00187241,0.0000300955
10094,0.00363936,0.0000300865
10095,0.00118668,0.0000300775
10096,0.05104465,0.0000300685
10097,0.00262257,0.0000300596
10098,0.00194091,0.0000300506
10099,0.01001151,0.0000300416
10100,0.03617239,0.0000300326
10101,0.00335046,0.0000300236
10102,0.00193459,0.0000300146
10103,0.00960820,0.0000300056
10104,0.00318249,0.0000299967
10105,0.00749998,0.0000299877
10106,0.00237021,0.0000299787
10107,0.00265099,0.0000299697
10108,0.01784008,0.0000299607
10109,0.00398806,0.0000299518
10110,0.00362367,0.0000299428
10111,0.06154493,0.0000299338
10112,0.03069142,0.0000299248
10113,0.00504054,0.0000299158
10114,0.00285355,0.0000299069
10115,0.00142438,0.0000298979
10116,0.00282055,0.0000298889
10117,0.00305272,0.0000298800
10118,0.00509169,0.0000298710
10119,0.00270010,0.0000298620
10120,0.00424606,0.0000298530
10121,0.00199833,0.0000298441
10122,0.00751868,0.0000298351
10123,0.00248387,0.0000298261
10124,0.00292075,0.0000298172
10125,0.00423758,0.0000298082
10126,0.00422388,0.0000297992
10127,0.00642368,0.0000297903
10128,0.36152956,0.0000297813
10129,0.00727379,0.0000297723
10130,0.00210128,0.0000297634
10131,0.00330296,0.0000297544
10132,0.00169496,0.0000297455
10133,0.00274486,0.0000297365
10134,0.00152300,0.0000297275
10135,0.00336165,0.0000297186
10136,0.00445030,0.0000297096
10137,0.00481095,0.0000297007
10138,0.00257285,0.0000296917
10139,0.00245893,0.0000296827
10140,0.01958634,0.0000296738
10141,0.00277386,0.0000296648
10142,0.00423692,0.0000296559
10143,0.00238596,0.0000296469
10144,0.00383395,0.0000296380
10145,0.00208754,0.0000296290
10146,0.00421854,0.0000296201
10147,0.00282547,0.0000296111
10148,0.00402756,0.0000296022
10149,0.02682562,0.0000295932
10150,0.00338296,0.0000295843
10151,0.00285750,0.0000295753
10152,0.00221023,0.0000295664
10153,0.00206140,0.0000295574
10154,0.00209437,0.0000295485
10155,0.00196274,0.0000295396
10156,0.00567882,0.0000295306
10157,0.00259690,0.0000295217
10158,0.00288519,0.0000295127
10159,0.00316597,0.0000295038
10160,0.00595647,0.0000294949
10161,0.00259370,0.0000294859
10162,0.00253862,0.0000294770
10163,0.00325897,0.0000294680
10164,0.00220279,0.0000294591
10165,0.00461213,0.0000294502
10166,0.00510970,0.0000294412
10167,0.00549971,0.0000294323
10168,0.00304986,0.0000294234
10169,0.00524745,0.0000294144
10170,0.00211683,0.0000294055
10171,0.00282638,0.0000293966
10172,0.00924750,0.0000293877
10173,0.00359365,0.0000293787
10174,0.00152235,0.0000293698
10175,0.00295686,0.0000293609
10176,0.00423736,0.0000293519
10177,0.00298960,0.0000293430
10178,0.00403356,0.0000293341
10179,0.00297888,0.0000293252
10180,0.00313531,0.0000293162
10181,0.08576337,0.0000293073
10182,0.00378869,0.0000292984
10183,0.00188658,0.0000292895
10184,0.00381752,0.0000292806
10185,0.00175765,0.0000292716
10186,0.00634858,0.0000292627
10187,0.00233894,0.0000292538
10188,0.00303791,0.0000292449
10189,0.00189356,0.0000292360
10190,0.00365079,0.0000292271
10191,0.00772905,0.0000292181
10192,0.00281963,0.0000292092
10193,0.00379844,0.0000292003
10194,0.00131612,0.0000291914
10195,0.00086740,0.0000291825
10196,0.00653912,0.0000291736
10197,0.00362532,0.0000291647
10198,0.00157152,0.0000291558
10199,0.00273084,0.0000291469
10200,0.00484703,0.0000291379
10201,0.00311130,0.0000291290
10202,0.35972106,0.0000291201
10203,0.00229879,0.0000291112
10204,0.00383393,0.0000291023
10205,0.00348454,0.0000290934
10206,0.01107040,0.0000290845
10207,0.00212604,0.0000290756
10208,0.00453489,0.0000290667
10209,0.00331808,0.0000290578
10210,0.00457251,0.0000290489
10211,0.00378128,0.0000290400
10212,0.00427420,0.0000290311
10213,0.00663672,0.0000290222
10214,0.00373014,0.0000290133
10215,0.01865910,0.0000290044
10216,0.00109154,0.0000289955
10217,0.00384961,0.0000289866
10218,0.00372968,0.0000289778
10219,0.06260518,0.0000289689
10220,0.00326634,0.0000289600
10221,0.00370924,0.0000289511
10222,0.00148493,0.0000289422
10223,0.00231972,0.0000289333
10224,0.00322684,0.0000289244
10225,0.00229964,0.0000289155
10226,0.00340902,0.0000289066
10227,0.01935522,0.0000288978
10228,0.00475047,0.0000288889
10229,0.00275033,0.0000288800
10230,0.00381289,0.0000288711
10231,0.00392019,0.0000288622
10232,0.00212782,0.0000288533
10233,0.00998188,0.0000288445
10234,0.07346514,0.0000288356
10235,0.00443645,0.0000288267
10236,0.03868084,0.0000288178
10237,0.13353226,0.0000288090
10238,0.00196898,0.0000288001
10239,0.00372796,0.0000287912
10240,0.00201977,0.0000287823
10241,0.00227253,0.0000287735
10242,0.00462481,0.0000287646
10243,0.00305939,0.0000287557
10244,0.00778480,0.0000287468
10245,0.00291936,0.0000287380
10246,0.00278538,0.0000287291
10247,0.00239094,0.0000287202
10248,0.00396754,0.0000287114
10249,0.00256282,0.0000287025
10250,0.00304083,0.0000286936
10251,0.00256869,0.0000286848
10252,0.00248318,0.0000286759
10253,0.00380046,0.0000286670
10254,0.00266343,0.0000286582
10255,0.00410713,0.0000286493
10256,0.00405180,0.0000286404
10257,0.02147964,0.0000286316
10258,0.00380278,0.0000286227
10259,0.00338588,0.0000286139
10260,0.00107844,0.0000286050
10261,0.00412261,0.0000285961
10262,0.00245809,0.0000285873
10263,0.00151587,0.0000285784
10264,0.01193868,0.0000285696
10265,0.00201739,0.0000285607
10266,0.00432085,0.0000285519
10267,0.00348262,0.0000285430
10268,0.06105463,0.0000285342
10269,0.00306694,0.0000285253
10270,0.00343062,0.0000285165
10271,0.00265103,0.0000285076
10272,0.01620903,0.0000284988
10273,0.00294792,0.0000284899
10274,0.00731481,0.0000284811
10275,0.00332874,0.0000284722
10276,0.00340912,0.0000284634
10277,0.00429880,0.0000284545
10278,0.00337355,0.0000284457
10279,0.05159502,0.0000284369
10280,0.00351831,0.0000284280
10281,0.00347127,0.0000284192
10282,0.00078211,0.0000284103
10283,0.01478643,0.0000284015
10284,0.02354848,0.0000283927
10285,0.00384288,0.0000283838
10286,0.00630869,0.0000283750
10287,0.00309210,0.0000283661
10288,0.00437896,0.0000283573
10289,0.00878018,0.0000283485
10290,0.00443383,0.0000283396
10291,0.00207870,0.0000283308
10292,0.00320683,0.0000283220
10293,0.00145081,0.0000283131
10294,0.00135911,0.0000283043
10295,0.00394475,0.0000282955
10296,0.00915099,0.0000282867
10297,0.00382778,0.0000282778
10298,0.00187878,0.0000282690
10299,0.00302406,0.0000282602
10300,0.00360504,0.0000282514
10301,0.00401012,0.0000282425
10302,0.00267261,0.0000282337
10303,0.00224623,0.0000282249
10304,0.01965424,0.0000282161
10305,0.00282375,0.0000282072
10306,0.00302215,0.0000281984
10307,0.00257811,0.0000281896
10308,0.00373438,0.0000281808
10309,0.00426135,0.0000281720
10310,0.00233725,0.0000281632
10311,0.00340318,0.0000281543
10312,0.00461519,0.0000281455
10313,0.00420268,0.0000281367
10314,0.00414665,0.0000281279
10315,0.00101414,0.0000281191
10316,0.00232075,0.0000281103
10317,0.00296056,0.0000281015
10318,0.08222798,0.0000280927
10319,0.00336209,0.0000280838
10320,0.00307338,0.0000280750
10321,0.00333644,0.0000280662
10322,0.36181942,0.0000280574
10323,0.00378033,0.0000280486
10324,0.00401590,0.0000280398
10325,0.00259372,0.0000280310
10326,0.00280950,0.0000280222
10327,0.00230634,0.0000280134
10328,0.00354529,0.0000280046
10329,0.00200553,0.0000279958
10330,0.03280908,0.0000279870
10331,0.00272940,0.0000279782
10332,0.00126487,0.0000279694
10333,0.00368124,0.0000279606
10334,0.02180145,0.0000279518
10335,0.00220622,0.0000279430
10336,0.00078860,0.0000279342
10337,0.00436182,0.0000279254
10338,0.00319731,0.0000279166
10339,0.01851721,0.0000279078
10340,0.00359651,0.0000278991
10341,0.00814222,0.0000278903
10342,0.00200948,0.0000278815
10343,0.00298028,0.0000278727
10344,0.00401814,0.0000278639
10345,0.00169757,0.0000278551
10346,0.00323962,0.0000278463
10347,0.12395152,0.0000278375
10348,0.00300487,0.0000278288
10349,0.00939767,0.0000278200
10350,0.00331666,0.0000278112
10351,0.00384483,0.0000278024
10352,0.00470704,0.0000277936
10353,0.00272112,0.0000277849
10354,0.00493760,0.0000277761
10355,0.00310756,0.0000277673
10356,0.00234868,0.0000277585
10357,0.00323081,0.0000277497
10358,0.00494707,0.0000277410
10359,0.12346801,0.0000277322
10360,0.00066992,0.0000277234
10361,0.00340761,0.0000277146
10362,0.00559998,0.0000277059
10363,0.00126302,0.0000276971
10364,0.00329631,0.0000276883
10365,0.00227202,0.0000276796
10366,0.00722879,0.0000276708
10367,0.00189162,0.0000276620
10368,0.00230348,0.0000276533
10369,0.00315596,0.0000276445
10370,0.00306639,0.0000276357
10371,0.00190051,0.0000276270
10372,0.00345230,0.0000276182
10373,0.00405182,0.0000276094
10374,0.00245444,0.0000276007
10375,0.00390316,0.0000275919
10376,0.00276648,0.0000275832
10377,0.02199175,0.0000275744
10378,0.00457407,0.0000275656
10379,0.36421016,0.0000275569
10380,0.00937713,0.0000275481
10381,0.00268894,0.0000275394
10382,0.01420046,0.0000275306
10383,0.00345078,0.0000275219
10384,0.00153930,0.0000275131
10385,0.00220791,0.0000275044
10386,0.00324576,0.0000274956
10387,0.00196118,0.0000274869
10388,0.00246364,0.0000274781
10389,0.00347520,0.0000274694
10390,0.00298002,0.0000274606
10391,0.03432551,0.0000274519
10392,0.00502623,0.0000274431
10393,0.00080694,0.0000274344
10394,0.00244880,0.0000274256
10395,0.00222835,0.0000274169
10396,0.02465144,0.0000274081
10397,0.00238096,0.0000273994
10398,0.00375400,0.0000273907
10399,0.00469756,0.0000273819
10400,0.00218701,0.0000273732
10401,0.00319197,0.0000273644
10402,0.05299753,0.0000273557
10403,0.00263836,0.0000273470
10404,0.00277600,0.0000273382
10405,0.00379124,0.0000273295
10406,0.00254689,0.0000273208
10407,0.01455126,0.0000273120
10408,0.00424223,0.0000273033
10409,0.00358731,0.0000272946
10410,0.01851211,0.0000272858
10411,0.00430121,0.0000272771
10412,0.00238682,0.0000272684
10413,0.00379227,0.0000272596
10414,0.00327295,0.0000272509
10415,0.00561087,0.0000272422
10416,0.00878893,0.0000272335
10417,0.02159077,0.0000272247
10418,0.00306937,0.0000272160
10419,0.00220452,0.0000272073
10420,0.00204492,0.0000271986
10421,0.00286179,0.0000271899
10422,0.06102930,0.0000271811
10423,0.00376437,0.0000271724
10424,0.00208309,0.0000271637
10425,0.00198331,0.0000271550
10426,0.00176835,0.0000271463
10427,0.00140820,0.0000271375
10428,0.00322150,0.0000271288
10429,0.00245392,0.0000271201
10430,0.01178537,0.0000271114
10431,0.00208251,0.0000271027
10432,0.00624274,0.0000270940
10433,0.00310644,0.0000270853
10434,0.00285740,0.0000270766
10435,0.00593871,0.0000270679
10436,0.00149726,0.0000270592
10437,0.08370387,0.0000270504
10438,0.00219270,0.0000270417
10439,0.00429781,0.0000270330
10440,0.00249272,0.0000270243
10441,0.01173130,0.0000270156
10442,0.00278354,0.0000270069
10443,0.00198633,0.0000269982
10444,0.00263903,0.0000269895
10445,0.00562185,0.0000269808
10446,0.00286371,0.0000269721
10447,0.00420059,0.0000269634
10448,0.00356773,0.0000269547
10449,0.00195590,0.0000269460
10450,0.00417778,0.0000269373
10451,0.00353820,0.0000269286
10452,0.01462049,0.0000269200
10453,0.00306521,0.0000269113
10454,0.00304539,0.0000269026
10455,0.00333646,0.0000268939
10456,0.00181480,0.0000268852
10457,0.00250565,0.0000268765
10458,0.00339831,0.0000268678
10459,0.00310081,0.0000268591
10460,0.00346019,0.0000268504
10461,0.00436824,0.0000268418
10462,0.05126915,0.0000268331
10463,0.00780601,0.0000268244
10464,0.00395505,0.0000268157
10465,0.00192123,0.0000268070
10466,0.00234772,0.0000267983
10467,0.00182915,0.0000267897
10468,0.00242400,0.0000267810
10469,0.00434079,0.0000267723
10470,0.00445684,0.0000267636
10471,0.00531772,0.0000267550
10472,0.00374812,0.0000267463
10473,0.00243803,0.0000267376
10474,0.00433971,0.0000267289
10475,0.00195511,0.0000267203
10476,0.00297388,0.0000267116
10477,0.00431376,0.0000267029
10478,0.00608967,0.0000266942
10479,0.00295627,0.0000266856
10480,0.00448799,0.0000266769
10481,0.00376467,0.0000266682
10482,0.00284526,0.0000266596
10483,0.00370373,0.0000266509
10484,0.00301979,0.0000266422
10485,0.00325236,0.0000266336
10486,0.00401655,0.0000266249
10487,0.00280493,0.0000266163
10488,0.00382814,0.0000266076
10489,0.00100682,0.0000265989
10490,0.00320180,0.0000265903
10491,0.00272145,0.0000265816
10492,0.00312863,0.0000265730
10493,0.00354174,0.0000265643
10494,0.00305427,0.0000265556
10495,0.00175109,0.0000265470
10496,0.01874696,0.0000265383
10497,0.01976327,0.0000265297
10498,0.00727869,0.0000265210
10499,0.00301221,0.0000265124
10500,0.08250995,0.0000265037
10501,0.01027055,0.0000264951
10502,0.02489965,0.0000264864
10503,0.00300593,0.0000264778
10504,0.00232606,0.0000264691
10505,0.01004541,0.0000264605
10506,0.00180371,0.0000264519
10507,0.00203102,0.0000264432
10508,0.06245694,0.0000264346
10509,0.00504756,0.0000264259
10510,0.00202180,0.0000264173
10511,0.00273584,0.0000264086
10512,0.00322013,0.0000264000
10513,0.00351106,0.0000263914
10514,0.02127078,0.0000263827
10515,0.00421521,0.0000263741
10516,0.00302577,0.0000263655
10517,0.00298543,0.0000263568
10518,0.00178950,0.0000263482
10519,0.00320828,0.0000263396
10520,0.00266504,0.0000263309
10521,0.00287504,0.0000263223
10522,0.00233552,0.0000263137
10523,0.00263769,0.0000263050
10524,0.00770076,0.0000262964
10525,0.00323494,0.0000262878
10526,0.00389846,0.0000262792
10527,0.00283844,0.0000262705
10528,0.00323476,0.0000262619
10529,0.00579924,0.0000262533
10530,0.00396068,0.0000262447
10531,0.01103398,0.0000262360
10532,0.00366290,0.0000262274
10533,0.00395743,0.0000262188
10534,0.00076159,0.0000262102
10535,0.00380155,0.0000262016
10536,0.00238485,0.0000261929
10537,0.00141507,0.0000261843
10538,0.00201546,0.0000261757
10539,0.00399205,0.0000261671
10540,0.00394308,0.0000261585
10541,0.36082703,0.0000261499
10542,0.00359456,0.0000261413
10543,0.04075493,0.0000261326
10544,0.12286262,0.0000261240
10545,0.00183313,0.0000261154
10546,0.00140457,0.0000261068
10547,0.00235745,0.0000260982
10548,0.00770416,0.0000260896
10549,0.00242825,0.0000260810
10550,0.00113940,0.0000260724
10551,0.00206793,0.0000260638
10552,0.01468073,0.0000260552
10553,0.00083265,0.0000260466
10554,0.01571693,0.0000260380
10555,0.00409275,0.0000260294
10556,0.00493092,0.0000260208
10557,0.00779251,0.0000260122
10558,0.00576036,0.0000260036
10559,0.00327525,0.0000259950
10560,0.00243419,0.0000259864
10561,0.00237089,0.0000259778
10562,0.00284779,0.0000259692
10563,0.00248708,0.0000259606
10564,0.00158775,0.0000259520
10565,0.00250932,0.0000259434
10566,0.01846549,0.0000259349
10567,0.00305224,0.0000259263
10568,0.00351600,0.0000259177
10569,0.00301912,0.0000259091
10570,0.00441025,0.0000259005
10571,0.00492051,0.0000258919
10572,0.00364514,0.0000258833
10573,0.00306267,0.0000258748
10574,0.00471578,0.0000258662
10575,0.05290822,0.0000258576
10576,0.01244583,0.0000258490
10577,0.00278385,0.0000258404
10578,0.00386995,0.0000258319
10579,0.02283503,0.0000258233
10580,0.00444712,0.0000258147
10581,0.00337336,0.0000258061
10582,0.00316337,0.0000257975
10583,0.00195192,0.0000257890
10584,0.01819080,0.0000257804
10585,0.00217725,0.0000257718
10586,0.00186105,0.0000257633
10587,0.00255392,0.0000257547
10588,0.06066009,0.0000257461
10589,0.00184080,0.0000257376
10590,0.00220831,0.0000257290
10591,0.12250160,0.0000257204
10592,0.00187694,0.0000257119
10593,0.00300409,0.0000257033
10594,0.00149125,0.0000256947
10595,0.00242329,0.0000256862
10596,0.00484203,0.0000256776
10597,0.00303410,0.0000256690
10598,0.00344403,0.0000256605
10599,0.00097073,0.0000256519
10600,0.00699402,0.0000256434
10601,0.00083004,0.0000256348
10602,0.00149406,0.0000256263
10603,0.00405540,0.0000256177
10604,0.03797325,0.0000256091
10605,0.00331277,0.0000256006
10606,0.00315492,0.0000255920
10607,0.00865250,0.0000255835
10608,0.00315617,0.0000255749
10609,0.00297638,0.0000255664
10610,0.00273131,0.0000255578
10611,0.08376142,0.0000255493
10612,0.00250144,0.0000255408
10613,0.00462260,0.0000255322
10614,0.00270919,0.0000255237
10615,0.00287524,0.0000255151
10616,0.00229347,0.0000255066
10617,0.00261658,0.0000254980
10618,0.00189531,0.0000254895
10619,0.02530306,0.0000254810
10620,0.00240686,0.0000254724
10621,0.00198846,0.0000254639
10622,0.00234681,0.0000254553
10623,0.00555451,0.0000254468
10624,0.00245333,0.0000254383
10625,0.01087184,0.0000254297
10626,0.00277653,0.0000254212
10627,0.36085850,0.0000254127
10628,0.00276977,0.0000254041
10629,0.00417985,0.0000253956
10630,0.00214031,0.0000253871
10631,0.00334547,0.0000253786
10632,0.00547027,0.0000253700
10633,0.00334900,0.0000253615
10634,0.00334280,0.0000253530
10635,0.00452705,0.0000253444
10636,0.00350288,0.0000253359
10637,0.00235660,0.0000253274
10638,0.00326298,0.0000253189
10639,0.00565956,0.0000253104
10640,0.00231117,0.0000253018
10641,0.00331038,0.0000252933
10642,0.00219716,0.0000252848
10643,0.00373219,0.0000252763
10644,0.00424676,0.0000252678
10645,0.00322207,0.0000252593
10646,0.00267859,0.0000252507
10647,0.00172886,0.0000252422
10648,0.00133464,0.0000252337
10649,0.00161432,0.0000252252
10650,0.00293386,0.0000252167
10651,0.00136999,0.0000252082
10652,0.00410062,0.0000251997
10653,0.00201980,0.0000251912
10654,0.02848789,0.0000251827
10655,0.00319606,0.0000251742
10656,0.00199483,0.0000251657
10657,0.00725064,0.0000251572
10658,0.00365381,0.0000251486
10659,0.00244782,0.0000251401
10660,0.00258076,0.0000251316
10661,0.00195148,0.0000251231
10662,0.00285017,0.0000251146
10663,0.00221992,0.0000251061
10664,0.00232016,0.0000250977
10665,0.00180378,0.0000250892
10666,0.06144345,0.0000250807
10667,0.00253259,0.0000250722
10668,0.00383561,0.0000250637
10669,0.00639712,0.0000250552
10670,0.37306303,0.0000250467
10671,0.00106896,0.0000250382
10672,0.00118263,0.0000250297
10673,0.09855998,0.0000250212
10674,0.00255741,0.0000250127
10675,0.02468920,0.0000250043
10676,0.00427305,0.0000249958
10677,0.00223554,0.0000249873
10678,0.00337260,0.0000249788
10679,0.00340241,0.0000249703
10680,0.03331965,0.0000249618
10681,0.00366845,0.0000249534
10682,0.00287812,0.0000249449
10683,0.00413366,0.0000249364
10684,0.00368417,0.0000249279
10685,0.00300584,0.0000249194
10686,0.00253420,0.0000249110
10687,0.00358135,0.0000249025
10688,0.00420962,0.0000248940
10689,0.00150272,0.0000248855
10690,0.00332952,0.0000248771
10691,0.00317386,0.0000248686
10692,0.00699090,0.0000248601
10693,0.00331260,0.0000248517
10694,0.00350371,0.0000248432
10695,0.00278876,0.0000248347
10696,0.00684003,0.0000248263
10697,0.02149660,0.0000248178
10698,0.01399432,0.0000248093
10699,0.00802015,0.0000248009
10700,0.00299987,0.0000247924
10701,0.00177438,0.0000247840
10702,0.00393143,0.0000247755
10703,0.00234987,0.0000247670
10704,0.00366158,0.0000247586
10705,0.00370265,0.0000247501
10706,0.00139291,0.0000247417
10707,0.00401531,0.0000247332
10708,0.00201236,0.0000247248
10709,0.00371585,0.0000247163
10710,0.00287472,0.0000247078
10711,0.00716553,0.0000246994
10712,0.00293160,0.0000246909
10713,0.00197595,0.0000246825
10714,0.00286973,0.0000246741
10715,0.00184358,0.0000246656
10716,0.00462081,0.0000246572
10717,0.00362711,0.0000246487
10718,0.00557612,0.0000246403
10719,0.00363130,0.0000246318
10720,0.00331462,0.0000246234
10721,0.00103042,0.0000246149
10722,0.05160009,0.0000246065
10723,0.00153207,0.0000245981
10724,0.00908178,0.0000245896
10725,0.00294181,0.0000245812
10726,0.00256545,0.0000245727
10727,0.00332213,0.0000245643
10728,0.12399172,0.0000245559
10729,0.00293879,0.0000245474
10730,0.00582266,0.0000245390
10731,0.00260508,0.0000245306
10732,0.00309832,0.0000245221
10733,0.01094961,0.0000245137
10734,0.00214676,0.0000245053
10735,0.00277157,0.0000244969
10736,0.00425904,0.0000244884
10737,0.00553008,0.0000244800
10738,0.00180430,0.0000244716
10739,0.00310537,0.0000244632
10740,0.00384076,0.0000244547
10741,0.00306395,0.0000244463
10742,0.00269105,0.0000244379
10743,0.00262419,0.0000244295
10744,0.00568594,0.0000244211
10745,0.09408991,0.0000244126
10746,0.00245424,0.0000244042
10747,0.00292362,0.0000243958
10748,0.00354822,0.0000243874
10749,0.00311158,0.0000243790
10750,0.00397276,0.0000243706
10751,0.00232339,0.0000243622
10752,0.00706184,0.0000243537
10753,0.00196106,0.0000243453
10754,0.00248117,0.0000243369
10755,0.00174069,0.0000243285
10756,0.00125937,0.0000243201
10757,0.00357284,0.0000243117
10758,0.00265805,0.0000243033
10759,0.00741632,0.0000242949
10760,0.00132402,0.0000242865
10761,0.00280759,0.0000242781
10762,0.00454886,0.0000242697
10763,0.00524385,0.0000242613
10764,0.00361888,0.0000242529
10765,0.00291328,0.0000242445
10766,0.00296021,0.0000242361
10767,0.00198575,0.0000242277
10768,0.00274648,0.0000242193
10769,0.00262234,0.0000242109
10770,0.00453384,0.0000242025
10771,0.00468438,0.0000241941
10772,0.00220894,0.0000241857
10773,0.00718620,0.0000241773
10774,0.00277801,0.0000241690
10775,0.00116891,0.0000241606
10776,0.00308722,0.0000241522
10777,0.00234306,0.0000241438
10778,0.00350777,0.0000241354
10779,0.01884785,0.0000241270
10780,0.00665328,0.0000241186
10781,0.00103648,0.0000241103
10782,0.00274995,0.0000241019
10783,0.00831850,0.0000240935
10784,0.00305044,0.0000240851
10785,0.00247808,0.0000240767
10786,0.00214178,0.0000240684
10787,0.01011086,0.0000240600
10788,0.02126064,0.0000240516
10789,0.00320505,0.0000240432
10790,0.00362038,0.0000240349
10791,0.12302508,0.0000240265
10792,0.00367012,0.0000240181
10793,0.00298763,0.0000240098
10794,0.00404048,0.0000240014
10795,0.00186716,0.0000239930
10796,0.02558603,0.0000239847
10797,0.00247705,0.0000239763
10798,0.08281441,0.0000239679
10799,0.00185939,0.0000239596
10800,0.00207051,0.0000239512
10801,0.00276747,0.0000239428
10802,0.00343222,0.0000239345
10803,0.01924878,0.0000239261
10804,0.00246011,0.0000239178
10805,0.00200003,0.0000239094
10806,0.00210172,0.0000239010
10807,0.00291591,0.0000238927
10808,0.00162628,0.0000238843
10809,0.00279598,0.0000238760
10810,0.00435045,0.0000238676
10811,0.00324312,0.0000238593
10812,0.00749339,0.0000238509
10813,0.00573477,0.0000238426
10814,0.05172392,0.0000238342
10815,0.00283196,0.0000238259
10816,0.00581020,0.0000238175
10817,0.36060551,0.0000238092
10818,0.00449873,0.0000238008
10819,0.00246734,0.0000237925
10820,0.00433918,0.0000237842
10821,0.01220835,0.0000237758
10822,0.00733367,0.0000237675
10823,0.00211255,0.0000237591
10824,0.00385987,0.0000237508
10825,0.01510920,0.0000237425
10826,0.00197779,0.0000237341
10827,0.00258231,0.0000237258
10828,0.00194670,0.0000237174
10829,0.00383210,0.0000237091
10830,0.00205697,0.0000237008
10831,0.03378352,0.0000236924
10832,0.00375141,0.0000236841
10833,0.02124312,0.0000236758
10834,0.00445926,0.0000236675
10835,0.00567685,0.0000236591
10836,0.00163860,0.0000236508
10837,0.00065353,0.0000236425
10838,0.00103434,0.0000236342
10839,0.00302880,0.0000236258
10840,0.00299295,0.0000236175
10841,0.00289823,0.0000236092
10842,0.06754388,0.0000236009
10843,0.00227698,0.0000235925
10844,0.00374302,0.0000235842
10845,0.00368728,0.0000235759
10846,0.00560713,0.0000235676
10847,0.00295698,0.0000235593
10848,0.00173853,0.0000235510
10849,0.00322112,0.0000235427
10850,0.01034523,0.0000235343
10851,0.00340438,0.0000235260
10852,0.00251183,0.0000235177
10853,0.00297244,0.0000235094
10854,0.00289515,0.0000235011
10855,0.00607142,0.0000234928
10856,0.01843849,0.0000234845
10857,0.00695231,0.0000234762
10858,0.00423455,0.0000234679
10859,0.00313433,0.0000234596
10860,0.00194209,0.0000234513
10861,0.00204852,0.0000234430
10862,0.00320181,0.0000234347
10863,0.00540887,0.0000234264
10864,0.00562529,0.0000234181
10865,0.00257189,0.0000234098
10866,0.00341624,0.0000234015
10867,0.00223799,0.0000233932
10868,0.00370855,0.0000233849
10869,0.00402700,0.0000233766
10870,0.01829603,0.0000233683
10871,0.00345894,0.0000233600
10872,0.00283778,0.0000233517
10873,0.00419462,0.0000233434
10874,0.00259559,0.0000233352
10875,0.00301033,0.0000233269
10876,0.00285209,0.0000233186
10877,0.00302065,0.0000233103
10878,0.00387775,0.0000233020
10879,0.00417465,0.0000232937
10880,0.00422132,0.0000232855
10881,0.02496844,0.0000232772
10882,0.00286816,0.0000232689
10883,0.00203937,0.0000232606
10884,0.00259836,0.0000232523
10885,0.00116778,0.0000232441
10886,0.00158697,0.0000232358
10887,0.00399599,0.0000232275
10888,0.00319020,0.0000232192
10889,0.00170901,0.0000232110
10890,0.00616021,0.0000232027
10891,0.12309079,0.0000231944
10892,0.00272666,0.0000231862
10893,0.00686337,0.0000231779
10894,0.00244821,0.0000231696
10895,0.02295387,0.0000231614
10896,0.00306203,0.0000231531
10897,0.00240609,0.0000231448
10898,0.00297485,0.0000231366
10899,0.00380497,0.0000231283
10900,0.05043779,0.0000231200
10901,0.08356880,0.0000231118
10902,0.00235703,0.0000231035
10903,0.00158225,0.0000230953
10904,0.00256071,0.0000230870
10905,0.00197856,0.0000230788
10906,0.00364368,0.0000230705
10907,0.00383065,0.0000230622
10908,0.00388241,0.0000230540
10909,0.00206120,0.0000230457
10910,0.00283985,0.0000230375
10911,0.00527469,0.0000230292
10912,0.00235028,0.0000230210
10913,0.00200490,0.0000230127
10914,0.01025740,0.0000230045
10915,0.00415786,0.0000229963
10916,0.00202898,0.0000229880
10917,0.00231762,0.0000229798
10918,0.00234559,0.0000229715
10919,0.36149141,0.0000229633
10920,0.00205079,0.0000229550
10921,0.00289465,0.0000229468
10922,0.00292724,0.0000229386
10923,0.01140980,0.0000229303
10924,0.00101391,0.0000229221
10925,0.00403135,0.0000229139
10926,0.00190399,0.0000229056
10927,0.00235447,0.0000228974
10928,0.00331194,0.0000228892
10929,0.00159904,0.0000228809
10930,0.00177377,0.0000228727
10931,0.00409983,0.0000228645
10932,0.00294913,0.0000228562
10933,0.00396247,0.0000228480
10934,0.00239709,0.0000228398
10935,0.00368673,0.0000228316
10936,0.00226703,0.0000228233
10937,0.00204889,0.0000228151
10938,0.00535079,0.0000228069
10939,0.00107030,0.0000227987
10940,0.00636121,0.0000227905
10941,0.00246987,0.0000227822
10942,0.00164570,0.0000227740
10943,0.00425250,0.0000227658
10944,0.00387924,0.0000227576
10945,0.00178728,0.0000227494
10946,0.12289782,0.0000227412
10947,0.00284134,0.0000227330
10948,0.02798245,0.0000227248
10949,0.00368886,0.0000227165
10950,0.00278434,0.0000227083
10951,0.00313494,0.0000227001
10952,0.01019659,0.0000226919
10953,0.00214282,0.0000226837
10954,0.00151870,0.0000226755
10955,0.00292756,0.0000226673
10956,0.00583014,0.0000226591
10957,0.06041697,0.0000226509
10958,0.00472880,0.0000226427
10959,0.00296098,0.0000226345
10960,0.35989255,0.0000226263
10961,0.00465973,0.0000226181
10962,0.08481275,0.0000226099
10963,0.00452834,0.0000226017
10964,0.00321138,0.0000225935
10965,0.03343343,0.0000225853
10966,0.02776927,0.0000225771
10967,0.01950422,0.0000225690
10968,0.00550263,0.0000225608
10969,0.00163935,0.0000225526
10970,0.00193794,0.0000225444
10971,0.00179303,0.0000225362
10972,0.00211379,0.0000225280
10973,0.00363008,0.0000225198
10974,0.00273682,0.0000225117
10975,0.00315234,0.0000225035
10976,0.00385292,0.0000224953
10977,0.00306889,0.0000224871
10978,0.00593070,0.0000224789
10979,0.00278420,0.0000224708
10980,0.00263298,0.0000224626
10981,0.00289544,0.0000224544
10982,0.00331799,0.0000224462
10983,0.00492031,0.0000224381
10984,0.00164892,0.0000224299
10985,0.00303604,0.0000224217
10986,0.00241004,0.0000224135
10987,0.00356647,0.0000224054
10988,0.00372497,0.0000223972
10989,0.00216937,0.0000223890
10990,0.00789938,0.0000223809
10991,0.00171656,0.0000223727
10992,0.00182754,0.0000223645
10993,0.00210503,0.0000223564
10994,0.00126193,0.0000223482
10995,0.01767101,0.0000223401
10996,0.00281223,0.0000223319
10997,0.01385115,0.0000223237
10998,0.05225588,0.0000223156
10999,0.00489544,0.0000223074
11000,0.00305503,0.0000222993
11001,0.00312690,0.0000222911
11002,0.00477181,0.0000222830
11003,0.00271939,0.0000222748
11004,0.00362182,0.0000222667
11005,0.00215796,0.0000222585
11006,0.00418859,0.0000222504
11007,0.00363536,0.0000222422
11008,0.00256345,0.0000222341
11009,0.00298409,0.0000222259
11010,0.01150954,0.0000222178
11011,0.00375326,0.0000222096
11012,0.00399376,0.0000222015
11013,0.00297838,0.0000221933
11014,0.00161994,0.0000221852
11015,0.00379425,0.0000221771
11016,0.00279172,0.0000221689
11017,0.00353037,0.0000221608
11018,0.01745057,0.0000221527
11019,0.00345181,0.0000221445
11020,0.00210319,0.0000221364
11021,0.00291698,0.0000221283
11022,0.00246027,0.0000221201
11023,0.00796900,0.0000221120
11024,0.00378388,0.0000221039
11025,0.00194686,0.0000220957
11026,0.00315226,0.0000220876
11027,0.00188076,0.0000220795
11028,0.00463368,0.0000220714
11029,0.00452197,0.0000220632
11030,0.00824723,0.0000220551
11031,0.00313255,0.0000220470
11032,0.00512380,0.0000220389
11033,0.00264926,0.0000220307
11034,0.00266462,0.0000220226
11035,0.36186236,0.0000220145
11036,0.00180635,0.0000220064
11037,0.00369615,0.0000219983
11038,0.06340151,0.0000219902
11039,0.00498846,0.0000219820
11040,0.00376612,0.0000219739
11041,0.01994962,0.0000219658
11042,0.00308259,0.0000219577
11043,0.00212357,0.0000219496
11044,0.00518277,0.0000219415
11045,0.00176286,0.0000219334
11046,0.00818699,0.0000219253
11047,0.00245994,0.0000219172
11048,0.00283288,0.0000219091
11049,0.00316420,0.0000219010
11050,0.00230140,0.0000218929
11051,0.00427055,0.0000218848
11052,0.00174298,0.0000218767
11053,0.00286356,0.0000218686
11054,0.12263041,0.0000218605
11055,0.00480276,0.0000218524
11056,0.00434081,0.0000218443
11057,0.01567331,0.0000218362
11058,0.00201799,0.0000218281
11059,0.00196582,0.0000218200
11060,0.00352405,0.0000218119
11061,0.00259999,0.0000218038
11062,0.00199724,0.0000217957
11063,0.00412362,0.0000217877
11064,0.00339538,0.0000217796
11065,0.00333678,0.0000217715
11066,0.00383974,0.0000217634
11067,0.00450033,0.0000217553
11068,0.00249633,0.0000217472
11069,0.00201857,0.0000217392
11070,0.10832805,0.0000217311
11071,0.00280656,0.0000217230
11072,0.00162827,0.0000217149
11073,0.00368545,0.0000217068
11074,0.00238427,0.0000216988
11075,0.00231286,0.0000216907
11076,0.00715827,0.0000216826
11077,0.00335386,0.0000216745
11078,0.00214676,0.0000216665
11079,0.00220758,0.0000216584
11080,0.00380650,0.0000216503
11081,0.00153596,0.0000216423
11082,0.00268936,0.0000216342
11083,0.00269557,0.0000216261
11084,0.00179940,0.0000216181
11085,0.01835219,0.0000216100
11086,0.00255972,0.0000216019
11087,0.00399172,0.0000215939
11088,0.00624879,0.0000215858
11089,0.00317129,0.0000215778
11090,0.00264899,0.0000215697
11091,0.00276861,0.0000215617
11092,0.00972947,0.0000215536
11093,0.00902609,0.0000215455
11094,0.01200479,0.0000215375
11095,0.00298566,0.0000215294
11096,0.00305201,0.0000215214
11097,0.03459488,0.0000215133
11098,0.00324897,0.0000215053
11099,0.00210093,0.0000214972
11100,0.02438613,0.0000214892
11101,0.00312858,0.0000214811
11102,0.00484034,0.0000214731
11103,0.00123927,0.0000214651
11104,0.00342151,0.0000214570
11105,0.00354514,0.0000214490
11106,0.00150826,0.0000214409
11107,0.00324560,0.0000214329
11108,0.00137027,0.0000214249
11109,0.00291337,0.0000214168
11110,0.05055306,0.0000214088
11111,0.00192109,0.0000214007
11112,0.00344792,0.0000213927
11113,0.00121490,0.0000213847
11114,0.00224418,0.0000213767
11115,0.00248697,0.0000213686
11116,0.00263057,0.0000213606
11117,0.00274078,0.0000213526
11118,0.00285871,0.0000213445
11119,0.00235695,0.0000213365
11120,0.00333996,0.0000213285
11121,0.01822042,0.0000213205
11122,0.00979069,0.0000213124
11123,0.00512092,0.0000213044
11124,0.00131072,0.0000212964
11125,0.00240348,0.0000212884
11126,0.00318905,0.0000212804
11127,0.00478320,0.0000212723
11128,0.00169995,0.0000212643
11129,0.00435810,0.0000212563
11130,0.00212851,0.0000212483
11131,0.00356616,0.0000212403
11132,0.00215384,0.0000212323
11133,0.00322966,0.0000212243
11134,0.00176997,0.0000212163
11135,0.00478864,0.0000212083
11136,0.00104187,0.0000212002
11137,0.00460751,0.0000211922
11138,0.00419473,0.0000211842
11139,0.02118841,0.0000211762
11140,0.00353777,0.0000211682
11141,0.00469971,0.0000211602
11142,0.00226245,0.0000211522
11143,0.00862136,0.0000211442
11144,0.00385403,0.0000211362
11145,0.00655663,0.0000211282
11146,0.00348721,0.0000211202
11147,0.00460750,0.0000211122
11148,0.00344465,0.0000211042
11149,0.00397680,0.0000210963
11150,0.00277721,0.0000210883
11151,0.00490357,0.0000210803
11152,0.00297565,0.0000210723
11153,0.00257554,0.0000210643
11154,0.00324576,0.0000210563
11155,0.03309287,0.0000210483
11156,0.00190279,0.0000210403
11157,0.00206829,0.0000210324
11158,0.00367182,0.0000210244
11159,0.02541217,0.0000210164
11160,0.00523659,0.0000210084
11161,0.00095081,0.0000210004
11162,0.06111511,0.0000209925
11163,0.00137520,0.0000209845
11164,0.00344311,0.0000209765
11165,0.00210813,0.0000209685
11166,0.00320671,0.0000209606
11167,0.00319701,0.0000209526
11168,0.01475960,0.0000209446
11169,0.00127094,0.0000209366
11170,0.00293570,0.0000209287
11171,0.00295116,0.0000209207
11172,0.00220938,0.0000209127
11173,0.00136769,0.0000209048
11174,0.00730837,0.0000208968
11175,0.00127945,0.0000208888
11176,0.02131241,0.0000208809
11177,0.00284844,0.0000208729
11178,0.00403565,0.0000208650
11179,0.00174715,0.0000208570
11180,0.00367288,0.0000208490
11181,0.08273444,0.0000208411
11182,0.00336948,0.0000208331
11183,0.00277023,0.0000208252
11184,0.00431575,0.0000208172
11185,0.00231393,0.0000208093
11186,0.00297357,0.0000208013
11187,0.00944715,0.0000207934
11188,0.00309258,0.0000207854
11189,0.00354516,0.0000207775
11190,0.00279567,0.0000207695
11191,0.35990435,0.0000207616
11192,0.00540609,0.0000207536
11193,0.00257212,0.0000207457
11194,0.00127384,0.0000207378
11195,0.00243133,0.0000207298
11196,0.12465036,0.0000207219
11197,0.00335431,0.0000207139
11198,0.00322098,0.0000207060
11199,0.00278125,0.0000206981
11200,0.00225902,0.0000206901
11201,0.00255073,0.0000206822
11202,0.00342541,0.0000206743
11203,0.01539987,0.0000206663
11204,0.00303864,0.0000206584
11205,0.00158948,0.0000206505
11206,0.05094277,0.0000206425
11207,0.00418618,0.0000206346
11208,0.00322907,0.0000206267
11209,0.00997942,0.0000206188
11210,0.00401847,0.0000206108
11211,0.00347594,0.0000206029
11212,0.00492103,0.0000205950
11213,0.00205629,0.0000205871
11214,0.00653670,0.0000205792
11215,0.00367989,0.0000205712
11216,0.00144004,0.0000205633
11217,0.00452378,0.0000205554
11218,0.00253544,0.0000205475
11219,0.00252014,0.0000205396
11220,0.00550080,0.0000205317
11221,0.00292820,0.0000205238
11222,0.00182708,0.0000205158
11223,0.00201467,0.0000205079
11224,0.00160086,0.0000205000
11225,0.00139216,0.0000204921
11226,0.00171206,0.0000204842
11227,0.00321383,0.0000204763
11228,0.00249556,0.0000204684
11229,0.00320927,0.0000204605
11230,0.00319446,0.0000204526
11231,0.00214134,0.0000204447
11232,0.00285390,0.0000204368
11233,0.00160233,0.0000204289
11234,0.00260290,0.0000204210
11235,0.00439224,0.0000204131
11236,0.36199296,0.0000204052
11237,0.00374567,0.0000203973
11238,0.00414052,0.0000203894
11239,0.00278960,0.0000203815
11240,0.00271386,0.0000203737
11241,0.00375359,0.0000203658
11242,0.00261559,0.0000203579
11243,0.00187330,0.0000203500
11244,0.03422374,0.0000203421
11245,0.00204196,0.0000203342
11246,0.00208048,0.0000203263
11247,0.00436668,0.0000203185
11248,0.00825427,0.0000203106
11249,0.00415214,0.0000203027
11250,0.00296345,0.0000202948
11251,0.00187920,0.0000202869
11252,0.00081210,0.0000202791
11253,0.00319449,0.0000202712
11254,0.00382789,0.0000202633
11255,0.00281808,0.0000202554
11256,0.00418563,0.0000202476
11257,0.00251244,0.0000202397
11258,0.00228183,0.0000202318
11259,0.01776035,0.0000202240
11260,0.00185361,0.0000202161
11261,0.00554006,0.0000202082
11262,0.00243981,0.0000202004
11263,0.00218229,0.0000201925
11264,0.00844535,0.0000201846
11265,0.00328886,0.0000201768
11266,0.00087137,0.0000201689
11267,0.00372301,0.0000201611
11268,0.03915062,0.0000201532
11269,0.00778352,0.0000201454
11270,0.00294880,0.0000201375
11271,0.00343921,0.0000201296
11272,0.00241911,0.0000201218
11273,0.00410536,0.0000201139
11274,0.00528788,0.0000201061
11275,0.00222440,0.0000200982
11276,0.05063348,0.0000200904
11277,0.00330674,0.0000200825
11278,0.00457480,0.0000200747
11279,0.00075430,0.0000200669
11280,0.00315296,0.0000200590
11281,0.00311696,0.0000200512
11282,0.00273769,0.0000200433
11283,0.00278549,0.0000200355
11284,0.00219429,0.0000200276
11285,0.20397547,0.0000200198
11286,0.00284100,0.0000200120
11287,0.00446983,0.0000200041
11288,0.00188835,0.0000199963
11289,0.00293280,0.0000199885
11290,0.00393579,0.0000199806
11291,0.00516743,0.0000199728
11292,0.00495080,0.0000199650
11293,0.01058466,0.0000199571
11294,0.00697516,0.0000199493
11295,0.00256513,0.0000199415
11296,0.00672307,0.0000199337
11297,0.00309343,0.0000199258
11298,0.00928661,0.0000199180
11299,0.01479577,0.0000199102
11300,0.06644566,0.0000199024
11301,0.00303594,0.0000198946
11302,0.02489023,0.0000198867
11303,0.00254558,0.0000198789
11304,0.00299712,0.0000198711
11305,0.00217202,0.0000198633
11306,0.00516894,0.0000198555
11307,0.00624725,0.0000198477
11308,0.00291881,0.0000198399
11309,0.00188934,0.0000198320
11310,0.00332353,0.0000198242
11311,0.00355311,0.0000198164
11312,0.00297022,0.0000198086
11313,0.00149201,0.0000198008
11314,0.00270391,0.0000197930
11315,0.00292215,0.0000197852
11316,0.00117602,0.0000197774
11317,0.00142997,0.0000197696
11318,0.02076540,0.0000197618
11319,0.00320796,0.0000197540
11320,0.00304188,0.0000197462
11321,0.00248616,0.0000197384
11322,0.00249192,0.0000197306
11323,0.00287396,0.0000197228
11324,0.02351091,0.0000197150
11325,0.02215356,0.0000197072
11326,0.00340760,0.0000196995
11327,0.00245638,0.0000196917
11328,0.00236129,0.0000196839
11329,0.00339856,0.0000196761
11330,0.00322076,0.0000196683
11331,0.00309533,0.0000196605
11332,0.00232371,0.0000196527
11333,0.00181817,0.0000196450
11334,0.00225846,0.0000196372
11335,0.00435550,0.0000196294
11336,0.00253004,0.0000196216
11337,0.00221166,0.0000196138
11338,0.00380919,0.0000196061
11339,0.00351362,0.0000195983
11340,0.00438312,0.0000195905
11341,0.00364018,0.0000195827
11342,0.00354805,0.0000195750
11343,0.00390281,0.0000195672
11344,0.00388540,0.0000195594
11345,0.00438736,0.0000195517
11346,0.00217015,0.0000195439
11347,0.00442608,0.0000195361
11348,0.00209866,0.0000195284
11349,0.00321605,0.0000195206
11350,0.00369307,0.0000195128
11351,0.00187909,0.0000195051
11352,0.00319102,0.0000194973
11353,0.00240939,0.0000194896
11354,0.00429748,0.0000194818
11355,0.00222030,0.0000194741
11356,0.00248931,0.0000194663
11357,0.00163779,0.0000194585
11358,0.00323678,0.0000194508
11359,0.00398275,0.0000194430
11360,0.00862590,0.0000194353
11361,0.00135648,0.0000194275
11362,0.00236613,0.0000194198
11363,0.00393712,0.0000194120
11364,0.00297269,0.0000194043
11365,0.00366955,0.0000193966
11366,0.00166754,0.0000193888
11367,0.00795737,0.0000193811
11368,0.00181579,0.0000193733
11369,0.00187010,0.0000193656
11370,0.00134451,0.0000193579
11371,0.00424389,0.0000193501
11372,0.00221968,0.0000193424
11373,0.06255722,0.0000193346
11374,0.00870093,0.0000193269
11375,0.00316994,0.0000193192
11376,0.05085192,0.0000193115
11377,0.00231527,0.0000193037
11378,0.01824676,0.0000192960
11379,0.00192330,0.0000192883
11380,0.00465311,0.0000192805
11381,0.01384944,0.0000192728
11382,0.03554355,0.0000192651
11383,0.00314752,0.0000192574
11384,0.00152993,0.0000192496
11385,0.00218115,0.0000192419
11386,0.20204012,0.0000192342
11387,0.02321094,0.0000192265
11388,0.00969282,0.0000192188
11389,0.00249022,0.0000192111
11390,0.00138447,0.0000192033
11391,0.00265264,0.0000191956
11392,0.00638721,0.0000191879
11393,0.00455281,0.0000191802
11394,0.00344856,0.0000191725
11395,0.00359659,0.0000191648
11396,0.00244054,0.0000191571
11397,0.36012852,0.0000191494
11398,0.00152558,0.0000191417
11399,0.00306177,0.0000191340
11400,0.01256252,0.0000191263
11401,0.00270504,0.0000191186
11402,0.00320080,0.0000191109
11403,0.08452145,0.0000191032
11404,0.00239260,0.0000190955
11405,0.00401806,0.0000190878
11406,0.00221231,0.0000190801
11407,0.00905013,0.0000190724
11408,0.00374072,0.0000190647
11409,0.00127529,0.0000190570
11410,0.00249069,0.0000190493
11411,0.00389786,0.0000190416
11412,0.00218332,0.0000190339
11413,0.00291763,0.0000190262
11414,0.00372060,0.0000190185
11415,0.00360993,0.0000190109
11416,0.01002879,0.0000190032
11417,0.00165241,0.0000189955
11418,0.00355826,0.0000189878
11419,0.00891020,0.0000189801
11420,0.00287084,0.0000189725
11421,0.00282421,0.0000189648
11422,0.00251668,0.0000189571
11423,0.00564119,0.0000189494
11424,0.05045260,0.0000189418
11425,0.01970132,0.0000189341
11426,0.00207023,0.0000189264
11427,0.00245326,0.0000189187
11428,0.00228225,0.0000189111
11429,0.02236570,0.0000189034
11430,0.00106356,0.0000188957
11431,0.00263870,0.0000188881
11432,0.00280337,0.0000188804
11433,0.00281841,0.0000188727
11434,0.01142945,0.0000188651
11435,0.36951706,0.0000188574
11436,0.00563802,0.0000188498
11437,0.12169564,0.0000188421
11438,0.00268668,0.0000188344
11439,0.00300227,0.0000188268
11440,0.00910210,0.0000188191
11441,0.00185322,0.0000188115
11442,0.00385098,0.0000188038
11443,0.06023155,0.0000187962
11444,0.00334888,0.0000187885
11445,0.00130852,0.0000187809
11446,0.00149204,0.0000187732
11447,0.00212144,0.0000187656
11448,0.00447744,0.0000187579
11449,0.00342598,0.0000187503
11450,0.00135539,0.0000187426
11451,0.00297395,0.0000187350
11452,0.00345476,0.0000187274
11453,0.00544579,0.0000187197
11454,0.00212359,0.0000187121
11455,0.00195253,0.0000187045
11456,0.00282899,0.0000186968
11457,0.00228169,0.0000186892
11458,0.00365775,0.0000186815
11459,0.00174004,0.0000186739
11460,0.00328991,0.0000186663
11461,0.00189223,0.0000186587
11462,0.00297126,0.0000186510
11463,0.00283872,0.0000186434
11464,0.00504107,0.0000186358
11465,0.00274232,0.0000186282
11466,0.01366274,0.0000186205
11467,0.00629431,0.0000186129
11468,0.03473319,0.0000186053
11469,0.00089802,0.0000185977
11470,0.00197774,0.0000185900
11471,0.00310360,0.0000185824
11472,0.00354323,0.0000185748
11473,0.02331020,0.0000185672
11474,0.00413674,0.0000185596
11475,0.00379973,0.0000185520
11476,0.00186390,0.0000185444
11477,0.00543491,0.0000185368
11478,0.00413565,0.0000185291
11479,0.00412425,0.0000185215
11480,0.01755171,0.0000185139
11481,0.00214375,0.0000185063
11482,0.00295257,0.0000184987
11483,0.00223514,0.0000184911
11484,0.00303976,0.0000184835
11485,0.00179331,0.0000184759
11486,0.00261564,0.0000184683
11487,0.00267297,0.0000184607
11488,0.00240904,0.0000184531
11489,0.00608158,0.0000184455
11490,0.00240766,0.0000184379
11491,0.00371902,0.0000184303
11492,0.00445826,0.0000184227
11493,0.00361334,0.0000184152
11494,0.00727104,0.0000184076
11495,0.00163345,0.0000184000
11496,0.00356155,0.0000183924
11497,0.00365408,0.0000183848
11498,0.00404251,0.0000183772
11499,0.00131687,0.0000183696
11500,0.00162950,0.0000183621
11501,0.00311316,0.0000183545
11502,0.05078282,0.0000183469
11503,0.00665089,0.0000183393
11504,0.00299246,0.0000183317
11505,0.00274210,0.0000183242
11506,0.00504658,0.0000183166
11507,0.00372173,0.0000183090
11508,0.00311201,0.0000183014
11509,0.02198651,0.0000182939
11510,0.00272931,0.0000182863
11511,0.00946062,0.0000182787
11512,0.00370809,0.0000182712
11513,0.00584839,0.0000182636
11514,0.00149435,0.0000182560
11515,0.00362124,0.0000182485
11516,0.00374907,0.0000182409
11517,0.00301277,0.0000182333
11518,0.00313319,0.0000182258
11519,0.00918575,0.0000182182
11520,0.00300199,0.0000182107
11521,0.00034202,0.0000182031
11522,0.00126857,0.0000181956
11523,0.00206996,0.0000181880
11524,0.00284813,0.0000181805
11525,0.00100030,0.0000181729
11526,0.00199241,0.0000181654
11527,0.00692501,0.0000181578
11528,0.00218640,0.0000181503
11529,0.00218737,0.0000181427
11530,0.00174253,0.0000181352
11531,0.00446755,0.0000181276
11532,0.00464089,0.0000181201
11533,0.03388492,0.0000181125
11534,0.00401336,0.0000181050
11535,0.00317833,0.0000180975
11536,0.08302367,0.0000180899
11537,0.00186140,0.0000180824
11538,0.02539164,0.0000180748
11539,0.00306224,0.0000180673
11540,0.00326323,0.0000180598
11541,0.00341002,0.0000180522
11542,0.00534112,0.0000180447
11543,0.00497410,0.0000180372
11544,0.06151598,0.0000180297
11545,0.00866825,0.0000180221
11546,0.01385724,0.0000180146
11547,0.00267980,0.0000180071
11548,0.00197996,0.0000179996
11549,0.00300941,0.0000179920
11550,0.00136618,0.0000179845
11551,0.00158173,0.0000179770
11552,0.01064943,0.0000179695
11553,0.00254536,0.0000179620
11554,0.00147733,0.0000179544
11555,0.00454699,0.0000179469
11556,0.00356624,0.0000179394
11557,0.00367359,0.0000179319
11558,0.00218988,0.0000179244
11559,0.00312890,0.0000179169
11560,0.01880680,0.0000179094
11561,0.00356507,0.0000179019
11562,0.00268156,0.0000178944
11563,0.00966690,0.0000178869
11564,0.00638224,0.0000178794
11565,0.00340731,0.0000178719
11566,0.01734983,0.0000178644
11567,0.00309033,0.0000178569
11568,0.00303361,0.0000178494
11569,0.00190151,0.0000178419
11570,0.00268553,0.0000178344
11571,0.01043747,0.0000178269
11572,0.00165097,0.0000178194
11573,0.00329342,0.0000178119
11574,0.00348082,0.0000178044
11575,0.00295464,0.0000177969
11576,0.00134664,0.0000177894
11577,0.00253319,0.0000177819
11578,0.00312242,0.0000177744
11579,0.00338138,0.0000177670
11580,0.12549901,0.0000177595
11581,0.00372712,0.0000177520
11582,0.00310856,0.0000177445
11583,0.00223685,0.0000177370
11584,0.36088410,0.0000177296
11585,0.00256506,0.0000177221
11586,0.00243547,0.0000177146
11587,0.00337052,0.0000177071
11588,0.00219940,0.0000176997
11589,0.00178730,0.0000176922
11590,0.00243516,0.0000176847
11591,0.00273399,0.0000176772
11592,0.02138194,0.0000176698
11593,0.00420525,0.0000176623
11594,0.00326713,0.0000176548
11595,0.00234111,0.0000176474
11596,0.00270792,0.0000176399
11597,0.00219305,0.0000176324
11598,0.00390655,0.0000176250
11599,0.00294038,0.0000176175
11600,0.00178286,0.0000176101
11601,0.03373503,0.0000176026
11602,0.00173325,0.0000175952
11603,0.02241656,0.0000175877
11604,0.00243869,0.0000175802
11605,0.00202593,0.0000175728
11606,0.00410522,0.0000175653
11607,0.00304451,0.0000175579
11608,0.00838981,0.0000175504
11609,0.00685325,0.0000175430
11610,0.00352073,0.0000175356
11611,0.00151047,0.0000175281
11612,0.00182951,0.0000175207
11613,0.00206654,0.0000175132
11614,0.00160964,0.0000175058
11615,0.05199956,0.0000174983
11616,0.00351472,0.0000174909
11617,0.00204847,0.0000174835
11618,0.00257320,0.0000174760
11619,0.00201876,0.0000174686
11620,0.00456961,0.0000174612
11621,0.00277937,0.0000174537
11622,0.00055825,0.0000174463
11623,0.00365031,0.0000174389
11624,0.00110519,0.0000174314
11625,0.00340305,0.0000174240
11626,0.00373507,0.0000174166
11627,0.00675959,0.0000174092
11628,0.00393951,0.0000174017
11629,0.00940277,0.0000173943
11630,0.03129495,0.0000173869
11631,0.00286700,0.0000173795
11632,0.00196880,0.0000173721
11633,0.00173694,0.0000173646
11634,0.00176807,0.0000173572
11635,0.00335628,0.0000173498
11636,0.00162906,0.0000173424
11637,0.00230640,0.0000173350
11638,0.00808281,0.0000173276
11639,0.00266096,0.0000173202
11640,0.00284912,0.0000173128
11641,0.08411035,0.0000173054
11642,0.00364612,0.0000172979
11643,0.00329654,0.0000172905
11644,0.00283045,0.0000172831
11645,0.00276193,0.0000172757
11646,0.00301581,0.0000172683
11647,0.00247239,0.0000172609
11648,0.00276587,0.0000172535
11649,0.00322566,0.0000172461
11650,0.00433694,0.0000172387
11651,0.01537257,0.0000172314
11652,0.00153999,0.0000172240
11653,0.00596344,0.0000172166
11654,0.00328843,0.0000172092
11655,0.00150341,0.0000172018
11656,0.00409577,0.0000171944
11657,0.00208085,0.0000171870
11658,0.36088297,0.0000171796
11659,0.00458276,0.0000171722
11660,0.00229482,0.0000171649
11661,0.00218769,0.0000171575
11662,0.00890917,0.0000171501
11663,0.00647021,0.0000171427
11664,0.00360117,0.0000171353
11665,0.00574469,0.0000171280
11666,0.00214472,0.0000171206
11667,0.00319595,0.0000171132
11668,0.00502130,0.0000171058
11669,0.00426174,0.0000170985
11670,0.00842972,0.0000170911
11671,0.00245067,0.0000170837
11672,0.06134924,0.0000170764
11673,0.00389275,0.0000170690
11674,0.00245493,0.0000170616
11675,0.00462786,0.0000170543
11676,0.00228786,0.0000170469
11677,0.00284235,0.0000170395
11678,0.00413059,0.0000170322
11679,0.12126106,0.0000170248
11680,0.00308606,0.0000170175
11681,0.01831695,0.0000170101
11682,0.00295056,0.0000170028
11683,0.00151638,0.0000169954
11684,0.00355693,0.0000169881
11685,0.00476286,0.0000169807
11686,0.00199914,0.0000169734
11687,0.00198351,0.0000169660
11688,0.00492128,0.0000169587
11689,0.00869024,0.0000169513
11690,0.00492728,0.0000169440
11691,0.00160404,0.0000169366
11692,0.00226949,0.0000169293
11693,0.00447155,0.0000169219
11694,0.03209450,0.0000169146
11695,0.00223708,0.0000169073
11696,0.00247213,0.0000168999
11697,0.00100610,0.0000168926
11698,0.00146273,0.0000168853
11699,0.00349806,0.0000168779
11700,0.00637650,0.0000168706
11701,0.01808188,0.0000168633
11702,0.00209098,0.0000168559
11703,0.00307552,0.0000168486
11704,0.00565600,0.0000168413
11705,0.00241449,0.0000168340
11706,0.00358688,0.0000168266
11707,0.00373394,0.0000168193
11708,0.00253930,0.0000168120
11709,0.00945348,0.0000168047
11710,0.00221527,0.0000167973
11711,0.00156138,0.0000167900
11712,0.00333356,0.0000167827
11713,0.00149406,0.0000167754
11714,0.00402142,0.0000167681
11715,0.00241697,0.0000167608
11716,0.00484732,0.0000167535
11717,0.00347306,0.0000167461
11718,0.01128436,0.0000167388
11719,0.00412281,0.0000167315
11720,0.00284613,0.0000167242
11721,0.00535084,0.0000167169
11722,0.00257875,0.0000167096
11723,0.01038533,0.0000167023
11724,0.35971594,0.0000166950
11725,0.00425693,0.0000166877
11726,0.00251806,0.0000166804
11727,0.00394235,0.0000166731
11728,0.00255744,0.0000166658
11729,0.00304934,0.0000166585
11730,0.00346259,0.0000166512
11731,0.00314753,0.0000166439
11732,0.01887118,0.0000166366
11733,0.00160252,0.0000166294
11734,0.00608466,0.0000166221
11735,0.00397977,0.0000166148
11736,0.01599036,0.0000166075
11737,0.00063875,0.0000166002
11738,0.00218409,0.0000165929
11739,0.01096008,0.0000165856
11740,0.00204080,0.0000165784
11741,0.00121834,0.0000165711
11742,0.00234521,0.0000165638
11743,0.00338277,0.0000165565
11744,0.00284477,0.0000165493
11745,0.00374866,0.0000165420
11746,0.00162934,0.0000165347
11747,0.00315083,0.0000165274
11748,0.00441752,0.0000165202
11749,0.06198886,0.0000165129
11750,0.02205403,0.0000165056
11751,0.00266153,0.0000164984
11752,0.00632560,0.0000164911
11753,0.00260621,0.0000164838
11754,0.08340805,0.0000164766
11755,0.00186294,0.0000164693
11756,0.00287239,0.0000164621
11757,0.00313001,0.0000164548
11758,0.00142450,0.0000164475
11759,0.00688966,0.0000164403
11760,0.00383235,0.0000164330
11761,0.00159807,0.0000164258
11762,0.00419015,0.0000164185
11763,0.00927570,0.0000164113
11764,0.00293418,0.0000164040
11765,0.00301323,0.0000163968
11766,0.12157464,0.0000163895
11767,0.00263837,0.0000163823
11768,0.00205431,0.0000163750
11769,0.00212917,0.0000163678
11770,0.04980827,0.0000163605
11771,0.00379627,0.0000163533
11772,0.02397361,0.0000163461
11773,0.00256791,0.0000163388
11774,0.00223293,0.0000163316
11775,0.00223757,0.0000163244
11776,0.00330688,0.0000163171
11777,0.00222497,0.0000163099
11778,0.00349664,0.0000163027
11779,0.00485037,0.0000162954
11780,0.00310109,0.0000162882
11781,0.00730176,0.0000162810
11782,0.00283672,0.0000162737
11783,0.00506533,0.0000162665
11784,0.00196597,0.0000162593
11785,0.00226600,0.0000162521
11786,0.12188195,0.0000162449
11787,0.00202452,0.0000162376
11788,0.00311982,0.0000162304
11789,0.00699571,0.0000162232
11790,0.00311440,0.0000162160
11791,0.00129651,0.0000162088
11792,0.00270983,0.0000162016
11793,0.00490051,0.0000161943
11794,0.00329931,0.0000161871
11795,0.00114644,0.0000161799
11796,0.00163375,0.0000161727
11797,0.00353655,0.0000161655
11798,0.00232265,0.0000161583
11799,0.00355161,0.0000161511
11800,0.00282114,0.0000161439
11801,0.00673051,0.0000161367
11802,0.01526126,0.0000161295
11803,0.02194179,0.0000161223
11804,0.00124801,0.0000161151
11805,0.00316577,0.0000161079
11806,0.00530302,0.0000161007
11807,0.00213096,0.0000160935
11808,0.00424158,0.0000160863
11809,0.00625686,0.0000160791
11810,0.00348547,0.0000160719
11811,0.00382756,0.0000160648
11812,0.00118028,0.0000160576
11813,0.36081818,0.0000160504
11814,0.00137604,0.0000160432
11815,0.00322744,0.0000160360
11816,0.00183770,0.0000160288
11817,0.06201361,0.0000160217
11818,0.00218805,0.0000160145
11819,0.00119514,0.0000160073
11820,0.00635545,0.0000160001
11821,0.00098652,0.0000159929
11822,0.00252708,0.0000159858
11823,0.00134852,0.0000159786
11824,0.00198758,0.0000159714
11825,0.00459735,0.0000159643
11826,0.00338353,0.0000159571
11827,0.00693839,0.0000159499
11828,0.00346611,0.0000159428
11829,0.00219191,0.0000159356
11830,0.00222217,0.0000159284
11831,0.00320763,0.0000159213
11832,0.08536011,0.0000159141
11833,0.00874590,0.0000159070
11834,0.00380365,0.0000158998
11835,0.00251299,0.0000158926
11836,0.00506417,0.0000158855
11837,0.00332742,0.0000158783
11838,0.00230964,0.0000158712
11839,0.00335265,0.0000158640
11840,0.01067866,0.0000158569
11841,0.00237852,0.0000158497
11842,0.00153843,0.0000158426
11843,0.00309175,0.0000158354
11844,0.00212303,0.0000158283
11845,0.00371677,0.0000158211
11846,0.00213327,0.0000158140
11847,0.00381888,0.0000158069
11848,0.00135730,0.0000157997
11849,0.00223551,0.0000157926
11850,0.00176197,0.0000157854
11851,0.00333732,0.0000157783
11852,0.00319458,0.0000157712
11853,0.00294476,0.0000157640
11854,0.00236256,0.0000157569
11855,0.00113737,0.0000157498
11856,0.00141900,0.0000157426
11857,0.00502698,0.0000157355
11858,0.00506201,0.0000157284
11859,0.00179601,0.0000157213
11860,0.00421476,0.0000157141
11861,0.00285605,0.0000157070
11862,0.00372545,0.0000156999
11863,0.00386037,0.0000156928
11864,0.00471481,0.0000156857
11865,0.01770428,0.0000156785
11866,0.00251951,0.0000156714
11867,0.03528993,0.0000156643
11868,0.03301036,0.0000156572
11869,0.00224693,0.0000156501
11870,0.05165524,0.0000156430
11871,0.00841077,0.0000156359
11872,0.00360694,0.0000156288
11873,0.00249547,0.0000156217
11874,0.02192703,0.0000156146
11875,0.00180676,0.0000156074
11876,0.00697749,0.0000156003
11877,0.00249417,0.0000155932
11878,0.37649879,0.0000155861
11879,0.00275688,0.0000155790
11880,0.00276866,0.0000155720
11881,0.00320072,0.0000155649
11882,0.00494545,0.0000155578
11883,0.00411043,0.0000155507
11884,0.00225222,0.0000155436
11885,0.00351947,0.0000155365
11886,0.00985896,0.0000155294
11887,0.00210858,0.0000155223
11888,0.00438987,0.0000155152
11889,0.12080726,0.0000155081
11890,0.02344793,0.0000155011
11891,0.00443427,0.0000154940
11892,0.00223463,0.0000154869
11893,0.00600428,0.0000154798
11894,0.00256963,0.0000154727
11895,0.00351319,0.0000154657
11896,0.00259639,0.0000154586
11897,0.00185025,0.0000154515
11898,0.00138249,0.0000154444
11899,0.00229104,0.0000154374
11900,0.00390964,0.0000154303
11901,0.00157083,0.0000154232
11902,0.00252216,0.0000154161
11903,0.02340540,0.0000154091
11904,0.00073391,0.0000154020
11905,0.00309514,0.0000153950
11906,0.03402593,0.0000153879
11907,0.01340450,0.0000153808
11908,0.00324817,0.0000153738
11909,0.00192104,0.0000153667
11910,0.00426171,0.0000153597
11911,0.00737634,0.0000153526
11912,0.00125073,0.0000153455
11913,0.00289345,0.0000153385
11914,0.00366698,0.0000153314
11915,0.05942536,0.0000153244
11916,0.00333611,0.0000153173
11917,0.00332352,0.0000153103
11918,0.00486626,0.0000153032
11919,0.00108598,0.0000152962
11920,0.00256802,0.0000152892
11921,0.00282164,0.0000152821
11922,0.00434392,0.0000152751
11923,0.00462852,0.0000152680
11924,0.00498383,0.0000152610
11925,0.00299670,0.0000152540
11926,0.00243208,0.0000152469
11927,0.00455808,0.0000152399
11928,0.00125330,0.0000152329
11929,0.00178061,0.0000152258
11930,0.00908619,0.0000152188
11931,0.08208892,0.0000152118
11932,0.00159807,0.0000152047
11933,0.00346582,0.0000151977
11934,0.00285227,0.0000151907
11935,0.00350709,0.0000151837
11936,0.00295679,0.0000151766
11937,0.01835319,0.0000151696
11938,0.00332150,0.0000151626
11939,0.00423684,0.0000151556
11940,0.00293140,0.0000151486
11941,0.04965810,0.0000151415
11942,0.00337580,0.0000151345
11943,0.00505903,0.0000151275
11944,0.00257996,0.0000151205
11945,0.00990727,0.0000151135
11946,0.00261450,0.0000151065
11947,0.00133716,0.0000150995
11948,0.00217425,0.0000150925
11949,0.00877420,0.0000150855
11950,0.00105148,0.0000150785
11951,0.00269466,0.0000150715
11952,0.00223626,0.0000150645
11953,0.00703479,0.0000150575
11954,0.01362642,0.0000150505
11955,0.00421047,0.0000150435
11956,0.00339599,0.0000150365
11957,0.00287805,0.0000150295
11958,0.00347679,0.0000150225
11959,0.00333269,0.0000150155
11960,0.00290242,0.0000150085
11961,0.00334468,0.0000150015
11962,0.00198979,0.0000149945
11963,0.00217800,0.0000149875
11964,0.00434601,0.0000149806
11965,0.00125794,0.0000149736
11966,0.00419072,0.0000149666
11967,0.00229009,0.0000149596
11968,0.00476583,0.0000149526
11969,0.00247348,0.0000149457
11970,0.00220266,0.0000149387
11971,0.02219576,0.0000149317
11972,0.00182214,0.0000149247
11973,0.01080634,0.0000149178
11974,0.00062571,0.0000149108
11975,0.00286853,0.0000149038
11976,0.00627119,0.0000148968
11977,0.00282144,0.0000148899
11978,0.00439354,0.0000148829
11979,0.00366765,0.0000148760
11980,0.00453361,0.0000148690
11981,0.00330218,0.0000148620
11982,0.03418770,0.0000148551
11983,0.00453856,0.0000148481
11984,0.00201156,0.0000148412
11985,0.00257408,0.0000148342
11986,0.00180132,0.0000148272
11987,0.00371583,0.0000148203
11988,0.36028579,0.0000148133
11989,0.00342731,0.0000148064
11990,0.00428250,0.0000147994
11991,0.00160563,0.0000147925
11992,0.00281751,0.0000147855
11993,0.12244590,0.0000147786
11994,0.00161623,0.0000147717
11995,0.00320828,0.0000147647
11996,0.00260432,0.0000147578
11997,0.00332604,0.0000147508
11998,0.00250752,0.0000147439
11999,0.00783052,0.0000147370
12000,0.00432068,0.0000147300
12001,0.00292889,0.0000147231
12002,0.01155463,0.0000147161
12003,0.00173436,0.0000147092
12004,0.00243224,0.0000147023
12005,0.01562899,0.0000146954
12006,0.00508376,0.0000146884
12007,0.00329293,0.0000146815
12008,0.00328363,0.0000146746
12009,0.00142958,0.0000146677
12010,0.00221351,0.0000146607
12011,0.00402318,0.0000146538
12012,0.00351004,0.0000146469
12013,0.00203489,0.0000146400
12014,0.00217191,0.0000146331
12015,0.00269698,0.0000146261
12016,0.00210911,0.0000146192
12017,0.00352506,0.0000146123
12018,0.00525712,0.0000146054
12019,0.00951705,0.0000145985
12020,0.00197527,0.0000145916
12021,0.00488974,0.0000145847
12022,0.05153596,0.0000145778
12023,0.00295278,0.0000145709
12024,0.00512789,0.0000145640
12025,0.00407506,0.0000145571
12026,0.00171389,0.0000145502
12027,0.00207261,0.0000145433
12028,0.00288018,0.0000145364
12029,0.00431100,0.0000145295
12030,0.00189019,0.0000145226
12031,0.00290397,0.0000145157
12032,0.00130268,0.0000145088
12033,0.00301321,0.0000145019
12034,0.00375176,0.0000144950
12035,0.00178377,0.0000144881
12036,0.00208918,0.0000144812
12037,0.00243023,0.0000144744
12038,0.00301573,0.0000144675
12039,0.03951795,0.0000144606
12040,0.00337145,0.0000144537
12041,0.00268002,0.0000144468
12042,0.00237286,0.0000144399
12043,0.00395514,0.0000144331
12044,0.00557980,0.0000144262
12045,0.00188148,0.0000144193
12046,0.00437766,0.0000144124
12047,0.00243062,0.0000144056
12048,0.00596212,0.0000143987
12049,0.00136406,0.0000143918
12050,0.00790024,0.0000143850
12051,0.09995730,0.0000143781
12052,0.00421164,0.0000143712
12053,0.00472887,0.0000143644
12054,0.00144118,0.0000143575
12055,0.00241321,0.0000143507
12056,0.00844625,0.0000143438
12057,0.00154910,0.0000143369
12058,0.00292503,0.0000143301
12059,0.06104947,0.0000143232
12060,0.00142024,0.0000143164
12061,0.00335109,0.0000143095
12062,0.00180997,0.0000143027
12063,0.00291526,0.0000142958
12064,0.00268912,0.0000142890
12065,0.00247572,0.0000142821
12066,0.03565758,0.0000142753
12067,0.00174355,0.0000142684
12068,0.00240705,0.0000142616
12069,0.00294790,0.0000142548
12070,0.00181519,0.0000142479
12071,0.00232211,0.0000142411
12072,0.00472005,0.0000142342
12073,0.00423960,0.0000142274
12074,0.00217620,0.0000142206
12075,0.00381755,0.0000142137
12076,0.00549631,0.0000142069
12077,0.00308121,0.0000142001
12078,0.00399452,0.0000141932
12079,0.00437060,0.0000141864
12080,0.00157799,0.0000141796
12081,0.00241700,0.0000141728
12082,0.00318659,0.0000141659
12083,0.00289365,0.0000141591
12084,0.00554491,0.0000141523
12085,0.00541960,0.0000141455
12086,0.00228374,0.0000141387
12087,0.00208653,0.0000141318
12088,0.00271593,0.0000141250
12089,0.00665278,0.0000141182
12090,0.00342692,0.0000141114
12091,0.00388937,0.0000141046
12092,0.00196435,0.0000140978
12093,0.00213904,0.0000140910
12094,0.08195139,0.0000140842
12095,0.00258166,0.0000140774
12096,0.00298784,0.0000140706
12097,0.00517972,0.0000140638
12098,0.00433908,0.0000140570
12099,0.00391864,0.0000140502
12100,0.00937513,0.0000140434
12101,0.00244665,0.0000140366
12102,0.00205677,0.0000140298
12103,0.01006102,0.0000140230
12104,0.01156789,0.0000140162
12105,0.00165639,0.0000140094
12106,0.00206286,0.0000140026
12107,0.00418120,0.0000139958
12108,0.00236736,0.0000139890
12109,0.00257578,0.0000139822
12110,0.00508578,0.0000139755
12111,0.01942674,0.0000139687
12112,0.00154691,0.0000139619
12113,0.00179188,0.0000139551
12114,0.00152612,0.0000139483
12115,0.00308272,0.0000139416
12116,0.00288397,0.0000139348
12117,0.00283039,0.0000139280
12118,0.12366623,0.0000139212
12119,0.06516639,0.0000139145
12120,0.00278515,0.0000139077
12121,0.00209325,0.0000139009
12122,0.00263536,0.0000138942
12123,0.01919336,0.0000138874
12124,0.00279866,0.0000138806
12125,0.00285221,0.0000138739
12126,0.00384934,0.0000138671
12127,0.00280493,0.0000138603
12128,0.00285433,0.0000138536
12129,0.00360353,0.0000138468
12130,0.00195317,0.0000138401
12131,0.36078793,0.0000138333
12132,0.00208640,0.0000138266
12133,0.00158080,0.0000138198
12134,0.00189226,0.0000138130
12135,0.01325425,0.0000138063
12136,0.00271242,0.0000137996
12137,0.00431644,0.0000137928
12138,0.00287528,0.0000137861
12139,0.05043632,0.0000137793
12140,0.00634279,0.0000137726
12141,0.00443600,0.0000137658
12142,0.02131657,0.0000137591
12143,0.02368525,0.0000137524
12144,0.00529388,0.0000137456
12145,0.00282090,0.0000137389
12146,0.00140207,0.0000137321
12147,0.00246713,0.0000137254
12148,0.00344253,0.0000137187
12149,0.00192836,0.0000137120
12150,0.00389812,0.0000137052
12151,0.00410895,0.0000136985
12152,0.00858250,0.0000136918
12153,0.00155459,0.0000136850
12154,0.00255398,0.0000136783
12155,0.00395410,0.0000136716
12156,0.00249997,0.0000136649
12157,0.00113188,0.0000136582
12158,0.00206090,0.0000136514
12159,0.00767773,0.0000136447
12160,0.00275090,0.0000136380
12161,0.00344847,0.0000136313
12162,0.01052824,0.0000136246
12163,0.00232792,0.0000136179
12164,0.00423965,0.0000136112
12165,0.00370662,0.0000136045
12166,0.00177298,0.0000135978
12167,0.00224043,0.0000135911
12168,0.00257804,0.0000135844
12169,0.00106937,0.0000135776
12170,0.00270745,0.0000135709
12171,0.00284036,0.0000135643
12172,0.00267538,0.0000135576
12173,0.00269696,0.0000135509
12174,0.00912711,0.0000135442
12175,0.00528745,0.0000135375
12176,0.00940316,0.0000135308
12177,0.00312358,0.0000135241
12178,0.00295797,0.0000135174
12179,0.00198996,0.0000135107
12180,0.00243338,0.0000135040
12181,0.12157959,0.0000134973
12182,0.00232220,0.0000134907
12183,0.00512868,0.0000134840
12184,0.00395707,0.0000134773
12185,0.00386135,0.0000134706
12186,0.00283897,0.0000134639
12187,0.00079689,0.0000134573
12188,0.00398519,0.0000134506
12189,0.00357615,0.0000134439
12190,0.00246235,0.0000134372
12191,0.00389867,0.0000134306
12192,0.00930063,0.0000134239
12193,0.00248753,0.0000134172
12194,0.00357524,0.0000134106
12195,0.00308910,0.0000134039
12196,0.00322313,0.0000133972
12197,0.00316618,0.0000133906
12198,0.02148640,0.0000133839
12199,0.06061074,0.0000133772
12200,0.00226592,0.0000133706
12201,0.00199834,0.0000133639
12202,0.00512696,0.0000133573
12203,0.00725013,0.0000133506
12204,0.00347722,0.0000133440
12205,0.00366664,0.0000133373
12206,0.00354695,0.0000133307
12207,0.00256505,0.0000133240
12208,0.00114543,0.0000133174
12209,0.00345327,0.0000133107
12210,0.00326736,0.0000133041
12211,0.00566468,0.0000132974
12212,0.00181007,0.0000132908
12213,0.00194301,0.0000132842
12214,0.00219386,0.0000132775
12215,0.00263607,0.0000132709
12216,0.00616764,0.0000132643
12217,0.00339260,0.0000132576
12218,0.00220301,0.0000132510
12219,0.00337796,0.0000132444
12220,0.00322797,0.0000132377
12221,0.02601825,0.0000132311
12222,0.03435212,0.0000132245
12223,0.00399459,0.0000132178
12224,0.00126650,0.0000132112
12225,0.00624535,0.0000132046
12226,0.00875208,0.0000131980
12227,0.00315847,0.0000131914
12228,0.00500984,0.0000131847
12229,0.09976071,0.0000131781
12230,0.00424244,0.0000131715
12231,0.00185773,0.0000131649
12232,0.00247168,0.0000131583
12233,0.00165698,0.0000131517
12234,0.36101305,0.0000131451
12235,0.00266335,0.0000131384
12236,0.00392362,0.0000131318
12237,0.00337706,0.0000131252
12238,0.01704066,0.0000131186
12239,0.00181766,0.0000131120
12240,0.00390919,0.0000131054
12241,0.04980258,0.0000130988
12242,0.00238349,0.0000130922
12243,0.00259690,0.0000130856
12244,0.00200293,0.0000130790
12245,0.00221809,0.0000130724
12246,0.00353650,0.0000130658
12247,0.00175218,0.0000130593
12248,0.01376038,0.0000130527
12249,0.00201934,0.0000130461
12250,0.00053841,0.0000130395
12251,0.00213636,0.0000130329
12252,0.00173944,0.0000130263
12253,0.00560533,0.0000130197
12254,0.00744645,0.0000130132
12255,0.00341132,0.0000130066
12256,0.00286659,0.0000130000
12257,0.00325150,0.0000129934
12258,0.00190601,0.0000129868
12259,0.00336036,0.0000129803
12260,0.00258070,0.0000129737
12261,0.00263202,0.0000129671
12262,0.00303380,0.0000129606
12263,0.00286216,0.0000129540
12264,0.00371594,0.0000129474
12265,0.00202375,0.0000129409
12266,0.00666834,0.0000129343
12267,0.00308663,0.0000129277
12268,0.00501788,0.0000129212
12269,0.00236398,0.0000129146
12270,0.00352396,0.0000129080
12271,0.00206800,0.0000129015
12272,0.00282025,0.0000128949
12273,0.00142768,0.0000128884
12274,0.01012026,0.0000128818
12275,0.00284221,0.0000128753
12276,0.00396491,0.0000128687
12277,0.00373051,0.0000128622
12278,0.00185839,0.0000128556
12279,0.00339613,0.0000128491
12280,0.00506119,0.0000128425
12281,0.00210370,0.0000128360
12282,0.00329344,0.0000128295
12283,0.00217424,0.0000128229
12284,0.00160091,0.0000128164
12285,0.00185974,0.0000128098
12286,0.00356174,0.0000128033
12287,0.00106287,0.0000127968
12288,0.00221362,0.0000127902
12289,0.00126450,0.0000127837
12290,0.00325966,0.0000127772
12291,0.00328602,0.0000127707
12292,0.00408273,0.0000127641
12293,0.00158427,0.0000127576
12294,0.00193146,0.0000127511
12295,0.02261684,0.0000127446
12296,0.00257215,0.0000127380
12297,0.00314093,0.0000127315
12298,0.00307775,0.0000127250
12299,0.00263609,0.0000127185
12300,0.00449224,0.0000127120
12301,0.00371385,0.0000127054
12302,0.00450929,0.0000126989
12303,0.00156625,0.0000126924
12304,0.00257067,0.0000126859
12305,0.12357998,0.0000126794
12306,0.00623869,0.0000126729
12307,0.00304115,0.0000126664
12308,0.00601261,0.0000126599
12309,0.00608588,0.0000126534
12310,0.00191240,0.0000126469
12311,0.00166345,0.0000126404
12312,0.00154021,0.0000126339
12313,0.00318269,0.0000126274
12314,0.00966692,0.0000126209
12315,0.00092205,0.0000126144
12316,0.00243922,0.0000126079
12317,0.00206011,0.0000126014
12318,0.00248979,0.0000125949
12319,0.00607162,0.0000125884
12320,0.00265720,0.0000125820
12321,0.05134674,0.0000125755
12322,0.08306230,0.0000125690
12323,0.00196927,0.0000125625
12324,0.00310460,0.0000125560
12325,0.00152955,0.0000125495
12326,0.02779187,0.0000125431
12327,0.00242041,0.0000125366
12328,0.00263107,0.0000125301
12329,0.00368318,0.0000125236
12330,0.02940096,0.0000125172
12331,0.00157966,0.0000125107
12332,0.00482565,0.0000125042
12333,0.00359463,0.0000124978
12334,0.00863411,0.0000124913
12335,0.01361096,0.0000124848
12336,0.00324824,0.0000124784
12337,0.00165157,0.0000124719
12338,0.36228245,0.0000124654
12339,0.06205362,0.0000124590
12340,0.00286945,0.0000124525
12341,0.00364995,0.0000124461
12342,0.00263763,0.0000124396
12343,0.01775136,0.0000124332
12344,0.00523549,0.0000124267
12345,0.00085025,0.0000124203
12346,0.00276278,0.0000124138
12347,0.03352483,0.0000124074
12348,0.00248697,0.0000124009
12349,0.00985303,0.0000123945
12350,0.00160033,0.0000123880
12351,0.00439172,0.0000123816
12352,0.00224845,0.0000123751
12353,0.00437585,0.0000123687
12354,0.00235740,0.0000123623
12355,0.00375549,0.0000123558
12356,0.00383494,0.0000123494
12357,0.00375224,0.0000123430
12358,0.00382560,0.0000123365
12359,0.01430309,0.0000123301
12360,0.00263662,0.0000123237
12361,0.00089269,0.0000123172
12362,0.00417920,0.0000123108
12363,0.00317910,0.0000123044
12364,0.00155359,0.0000122980
12365,0.00604155,0.0000122916
12366,0.01768441,0.0000122851
12367,0.00322560,0.0000122787
12368,0.00721611,0.0000122723
12369,0.00295614,0.0000122659
12370,0.00115110,0.0000122595
12371,0.00302621,0.0000122531
12372,0.00298369,0.0000122466
12373,0.00061760,0.0000122402
12374,0.00703380,0.0000122338
12375,0.04980344,0.0000122274
12376,0.00377756,0.0000122210
12377,0.00344761,0.0000122146
12378,0.00275506,0.0000122082
12379,0.01189040,0.0000122018
12380,0.00238828,0.0000121954
12381,0.00169655,0.0000121890
12382,0.00766134,0.0000121826
12383,0.00556780,0.0000121762
12384,0.00281585,0.0000121698
12385,0.00766576,0.0000121634
12386,0.36214033,0.0000121570
12387,0.00247411,0.0000121507
12388,0.00291845,0.0000121443
12389,0.00466083,0.0000121379
12390,0.00181375,0.0000121315
12391,0.00147005,0.0000121251
12392,0.00272178,0.0000121187
12393,0.00329299,0.0000121123
12394,0.00384327,0.0000121060
12395,0.00210294,0.0000120996
12396,0.12250059,0.0000120932
12397,0.00234550,0.0000120868
12398,0.00191068,0.0000120805
12399,0.06033460,0.0000120741
12400,0.00329539,0.0000120677
12401,0.00313430,0.0000120614
12402,0.00445481,0.0000120550
12403,0.00274502,0.0000120486
12404,0.00355028,0.0000120423
12405,0.00199063,0.0000120359
12406,0.00263232,0.0000120295
12407,0.00340634,0.0000120232
12408,0.00655682,0.0000120168
12409,0.00302815,0.0000120105
12410,0.00212126,0.0000120041
12411,0.00215907,0.0000119977
12412,0.03324944,0.0000119914
12413,0.00302188,0.0000119850
12414,0.00197072,0.0000119787
12415,0.00276486,0.0000119723
12416,0.00110075,0.0000119660
12417,0.00147643,0.0000119597
12418,0.08302817,0.0000119533
12419,0.00284089,0.0000119470
12420,0.00313777,0.0000119406
12421,0.00570391,0.0000119343
12422,0.00384273,0.0000119279
12423,0.00340495,0.0000119216
12424,0.02184711,0.0000119153
12425,0.00176409,0.0000119089
12426,0.00236519,0.0000119026
12427,0.00392943,0.0000118963
12428,0.00444827,0.0000118899
12429,0.01065997,0.0000118836
12430,0.00859576,0.0000118773
12431,0.00273755,0.0000118710
12432,0.00220202,0.0000118646
12433,0.00405273,0.0000118583
12434,0.00266929,0.0000118520
12435,0.00124957,0.0000118457
12436,0.00545453,0.0000118394
12437,0.00391864,0.0000118331
12438,0.00258212,0.0000118267
12439,0.01805640,0.0000118204
12440,0.00570475,0.0000118141
12441,0.00307216,0.0000118078
12442,0.00089803,0.0000118015
12443,0.00337181,0.0000117952
12444,0.02416351,0.0000117889
12445,0.00204647,0.0000117826
12446,0.00240438,0.0000117763
12447,0.00909992,0.0000117700
12448,0.00204075,0.0000117637
12449,0.00325683,0.0000117574
12450,0.00285956,0.0000117511
12451,0.12162334,0.0000117448
12452,0.01533647,0.0000117385
12453,0.00292148,0.0000117322
12454,0.08496492,0.0000117259
12455,0.00066609,0.0000117196
12456,0.00244402,0.0000117133
12457,0.00495862,0.0000117070
12458,0.00260082,0.0000117008
12459,0.00680909,0.0000116945
12460,0.00775289,0.0000116882
12461,0.03449345,0.0000116819
12462,0.00107058,0.0000116756
12463,0.00373194,0.0000116694
12464,0.00336570,0.0000116631
12465,0.00039870,0.0000116568
12466,0.00199559,0.0000116505
12467,0.00430234,0.0000116443
12468,0.00465965,0.0000116380
12469,0.00304276,0.0000116317
12470,0.02538092,0.0000116255
12471,0.00345451,0.0000116192
12472,0.00313103,0.0000116129
12473,0.00580827,0.0000116067
12474,0.00185525,0.0000116004
12475,0.00456077,0.0000115941
12476,0.00388258,0.0000115879
12477,0.01218177,0.0000115816
12478,0.06350093,0.0000115754
12479,0.00119189,0.0000115691
12480,0.00962344,0.0000115629
12481,0.00418207,0.0000115566
12482,0.00238410,0.0000115504
12483,0.00187685,0.0000115441
12484,0.01280465,0.0000115379
12485,0.00484198,0.0000115316
12486,0.00136665,0.0000115254
12487,0.00314891,0.0000115191
12488,0.00248281,0.0000115129
12489,0.00249014,0.0000115067
12490,0.00966150,0.0000115004
12491,0.00430442,0.0000114942
12492,0.00357816,0.0000114880
12493,0.00295919,0.0000114817
12494,0.00275317,0.0000114755
12495,0.00256933,0.0000114693
12496,0.00294109,0.0000114630
12497,0.01939329,0.0000114568
12498,0.00344519,0.0000114506
12499,0.00240533,0.0000114444
12500,0.00395294,0.0000114381
12501,0.00450418,0.0000114319
12502,0.02172560,0.0000114257
12503,0.00224909,0.0000114195
12504,0.00277494,0.0000114133
12505,0.00321610,0.0000114070
12506,0.00230372,0.0000114008
12507,0.00090677,0.0000113946
12508,0.00228496,0.0000113884
12509,0.00434280,0.0000113822
12510,0.01811676,0.0000113760
12511,0.00492353,0.0000113698
12512,0.00208022,0.0000113636
12513,0.00406614,0.0000113574
12514,0.00446101,0.0000113512
12515,0.00195159,0.0000113450
12516,0.00111607,0.0000113388
12517,0.00156254,0.0000113326
12518,0.00164782,0.0000113264
12519,0.00332449,0.0000113202
12520,0.00285198,0.0000113140
12521,0.00226879,0.0000113078
12522,0.00247945,0.0000113016
12523,0.05033956,0.0000112954
12524,0.00219933,0.0000112892
12525,0.00178857,0.0000112830
12526,0.00452786,0.0000112769
12527,0.00219568,0.0000112707
12528,0.00257868,0.0000112645
12529,0.00177325,0.0000112583
12530,0.00272041,0.0000112521
12531,0.00161008,0.0000112460
12532,0.00255131,0.0000112398
12533,0.00171409,0.0000112336
12534,0.36069900,0.0000112274
12535,0.00116262,0.0000112213
12536,0.00359835,0.0000112151
12537,0.00399009,0.0000112089
12538,0.00225597,0.0000112028
12539,0.00289312,0.0000111966
12540,0.00246727,0.0000111904
12541,0.00296919,0.0000111843
12542,0.00340524,0.0000111781
12543,0.00211502,0.0000111720
12544,0.00256072,0.0000111658
12545,0.00244148,0.0000111597
12546,0.00294998,0.0000111535
12547,0.00216634,0.0000111473
12548,0.05022715,0.0000111412
12549,0.03211700,0.0000111350
12550,0.00165270,0.0000111289
12551,0.00146298,0.0000111228
12552,0.00212149,0.0000111166
12553,0.00259413,0.0000111105
12554,0.00247220,0.0000111043
12555,0.12191201,0.0000110982
12556,0.00346599,0.0000110920
12557,0.00480778,0.0000110859
12558,0.06006518,0.0000110798
12559,0.00181174,0.0000110736
12560,0.00286840,0.0000110675
12561,0.00330140,0.0000110614
12562,0.00410323,0.0000110552
12563,0.00232652,0.0000110491
12564,0.00329781,0.0000110430
12565,0.00140489,0.0000110369
12566,0.00218312,0.0000110307
12567,0.00420825,0.0000110246
12568,0.00217355,0.0000110185
12569,0.00251279,0.0000110124
12570,0.02323618,0.0000110063
12571,0.00254089,0.0000110001
12572,0.00254259,0.0000109940
12573,0.00421419,0.0000109879
12574,0.02210325,0.0000109818
12575,0.00426197,0.0000109757
12576,0.00249209,0.0000109696
12577,0.00335155,0.0000109635
12578,0.00378957,0.0000109574
12579,0.00403468,0.0000109513
12580,0.00164072,0.0000109452
12581,0.00229922,0.0000109391
12582,0.00151849,0.0000109330
12583,0.00409399,0.0000109269
12584,0.00504895,0.0000109208
12585,0.00097433,0.0000109147
12586,0.00356154,0.0000109086
12587,0.00324294,0.0000109025
12588,0.00925670,0.0000108964
12589,0.00747977,0.0000108903
12590,0.00100926,0.0000108842
12591,0.00525327,0.0000108781
12592,0.35995942,0.0000108720
12593,0.00287011,0.0000108660
12594,0.00184449,0.0000108599
12595,0.00083221,0.0000108538
12596,0.00224481,0.0000108477
12597,0.00178018,0.0000108416
12598,0.00164759,0.0000108356
12599,0.00252605,0.0000108295
12600,0.03123997,0.0000108234
12601,0.00358388,0.0000108173
12602,0.00574059,0.0000108113
12603,0.00222906,0.0000108052
12604,0.00254305,0.0000107991
12605,0.00120567,0.0000107931
12606,0.00249657,0.0000107870
12607,0.00253902,0.0000107810
12608,0.08312979,0.0000107749
12609,0.01273431,0.0000107688
12610,0.00634369,0.0000107628
12611,0.00460458,0.0000107567
12612,0.00219020,0.0000107507
12613,0.00680009,0.0000107446
12614,0.00324953,0.0000107386
12615,0.00749710,0.0000107325
12616,0.00241530,0.0000107265
12617,0.00281227,0.0000107204
12618,0.00461862,0.0000107144
12619,0.00483543,0.0000107083
12620,0.00963384,0.0000107023
12621,0.00342696,0.0000106962
12622,0.00174267,0.0000106902
12623,0.00336657,0.0000106842
12624,0.00260157,0.0000106781
12625,0.00230626,0.0000106721
12626,0.00342547,0.0000106661
12627,0.00796316,0.0000106600
12628,0.00211007,0.0000106540
12629,0.00326106,0.0000106480
12630,0.00216430,0.0000106419
12631,0.00230571,0.0000106359
12632,0.02150607,0.0000106299
12633,0.01038121,0.0000106239
12634,0.00313558,0.0000106179
12635,0.00561120,0.0000106118
12636,0.00492753,0.0000106058
12637,0.00281298,0.0000105998
12638,0.00082369,0.0000105938
12639,0.00117425,0.0000105878
12640,0.00612940,0.0000105818
12641,0.00343059,0.0000105757
12642,0.02003148,0.0000105697
12643,0.00291444,0.0000105637
12644,0.08273555,0.0000105577
12645,0.00265050,0.0000105517
12646,0.00631682,0.0000105457
12647,0.00300232,0.0000105397
12648,0.00205408,0.0000105337
12649,0.00178821,0.0000105277
12650,0.00369561,0.0000105217
12651,0.00173873,0.0000105157
12652,0.00357108,0.0000105097
12653,0.00363341,0.0000105037
12654,0.00383788,0.0000104977
12655,0.36133465,0.0000104918
12656,0.00784268,0.0000104858
12657,0.00251665,0.0000104798
12658,0.00142998,0.0000104738
12659,0.00327063,0.0000104678
12660,0.02329928,0.0000104618
12661,0.00125678,0.0000104559
12662,0.00198446,0.0000104499
12663,0.00868247,0.0000104439
12664,0.00359824,0.0000104379
12665,0.12288313,0.0000104320
12666,0.00264779,0.0000104260
12667,0.00307168,0.0000104200
12668,0.01096352,0.0000104140
12669,0.00250800,0.0000104081
12670,0.00219149,0.0000104021
12671,0.00228712,0.0000103961
12672,0.00352128,0.0000103902
12673,0.00190164,0.0000103842
12674,0.00151193,0.0000103783
12675,0.00525906,0.0000103723
12676,0.00089211,0.0000103663
12677,0.00370168,0.0000103604
12678,0.00125973,0.0000103544
12679,0.00247875,0.0000103485
12680,0.00859676,0.0000103425
12681,0.00353587,0.0000103366
12682,0.00284599,0.0000103306
12683,0.00286388,0.0000103247
12684,0.00158130,0.0000103187
12685,0.00203620,0.0000103128
12686,0.00972087,0.0000103069
12687,0.00355386,0.0000103009
12688,0.00252123,0.0000102950
12689,0.00207291,0.0000102890
12690,0.00171236,0.0000102831
12691,0.03394170,0.0000102772
12692,0.00362621,0.0000102712
12693,0.00223863,0.0000102653
12694,0.00703974,0.0000102594
12695,0.00374132,0.0000102534
12696,0.00420151,0.0000102475
12697,0.00446112,0.0000102416
12698,0.06396086,0.0000102357
12699,0.00393644,0.0000102298
12700,0.00644371,0.0000102238
12701,0.00216343,0.0000102179
12702,0.00350034,0.0000102120
12703,0.00178715,0.0000102061
12704,0.00207353,0.0000102002
12705,0.00087373,0.0000101943
12706,0.00141627,0.0000101883
12707,0.00220470,0.0000101824
12708,0.00886794,0.0000101765
12709,0.00293324,0.0000101706
12710,0.00247156,0.0000101647
12711,0.00142554,0.0000101588
12712,0.00738437,0.0000101529
12713,0.00534384,0.0000101470
12714,0.00314179,0.0000101411
12715,0.00440849,0.0000101352
12716,0.00154352,0.0000101293
12717,0.01898778,0.0000101234
12718,0.00301890,0.0000101175
12719,0.00144309,0.0000101116
12720,0.00521548,0.0000101058
12721,0.00176043,0.0000100999
12722,0.06133946,0.0000100940
12723,0.00302218,0.0000100881
12724,0.00259388,0.0000100822
12725,0.00186722,0.0000100763
12726,0.00297141,0.0000100704
12727,0.00293826,0.0000100646
12728,0.02252255,0.0000100587
12729,0.00324575,0.0000100528
12730,0.00291148,0.0000100469
12731,0.00929434,0.0000100411
12732,0.01379272,0.0000100352
12733,0.00315728,0.0000100293
12734,0.00177536,0.0000100235
12735,0.00204601,0.0000100176
12736,0.02409037,0.0000100117
12737,0.00392949,0.0000100059
12738,0.00259098,0.0000100000
12739,0.01198556,0.0000099941
12740,0.00264126,0.0000099883
12741,0.00511106,0.0000099824
12742,0.00225872,0.0000099766
12743,0.00282639,0.0000099707
12744,0.00214638,0.0000099649
12745,0.08286902,0.0000099590
12746,0.00316113,0.0000099532
12747,0.00825390,0.0000099473
12748,0.00296571,0.0000099415
12749,0.00458901,0.0000099356
12750,0.00431251,0.0000099298
12751,0.00261510,0.0000099239
12752,0.00332998,0.0000099181
12753,0.00258748,0.0000099123
12754,0.00411782,0.0000099064
12755,0.05973595,0.0000099006
12756,0.00624615,0.0000098948
12757,0.00351007,0.0000098889
12758,0.00286898,0.0000098831
12759,0.00248532,0.0000098773
12760,0.00238366,0.0000098714
12761,0.00201323,0.0000098656
12762,0.00349614,0.0000098598
12763,0.00161133,0.0000098540
12764,0.00249376,0.0000098481
12765,0.00251031,0.0000098423
12766,0.00349216,0.0000098365
12767,0.00277487,0.0000098307
12768,0.00371585,0.0000098249
12769,0.36068708,0.0000098191
12770,0.00244407,0.0000098132
12771,0.00289157,0.0000098074
12772,0.00321624,0.0000098016
12773,0.00288071,0.0000097958
12774,0.00315773,0.0000097900
12775,0.00413351,0.0000097842
12776,0.00520509,0.0000097784
12777,0.00267527,0.0000097726
12778,0.12450451,0.0000097668
12779,0.00576528,0.0000097610
12780,0.00281536,0.0000097552
12781,0.00241715,0.0000097494
12782,0.00273164,0.0000097436
12783,0.00983276,0.0000097378
12784,0.00193029,0.0000097320
12785,0.00309818,0.0000097262
12786,0.00270540,0.0000097205
12787,0.00206628,0.0000097147
12788,0.00252490,0.0000097089
12789,0.00327064,0.0000097031
12790,0.00309123,0.0000096973
12791,0.00380823,0.0000096915
12792,0.00715774,0.0000096858
12793,0.00213406,0.0000096800
12794,0.00337122,0.0000096742
12795,0.00390757,0.0000096684
12796,0.00347517,0.0000096627
12797,0.00299052,0.0000096569
12798,0.00294960,0.0000096511
12799,0.00125061,0.0000096454
12800,0.00444448,0.0000096396
12801,0.00311336,0.0000096338
12802,0.00202941,0.0000096281
12803,0.00857875,0.0000096223
12804,0.05080587,0.0000096166
12805,0.00170125,0.0000096108
12806,0.00045810,0.0000096050
12807,0.00164475,0.0000095993
12808,0.00870211,0.0000095935
12809,0.00292868,0.0000095878
12810,0.00479549,0.0000095820
12811,0.00179000,0.0000095763
12812,0.00157748,0.0000095705
12813,0.02190123,0.0000095648
12814,0.00182013,0.0000095590
12815,0.01960893,0.0000095533
12816,0.01761621,0.0000095476
12817,0.00206736,0.0000095418
12818,0.00110936,0.0000095361
12819,0.00215245,0.0000095304
12820,0.00356230,0.0000095246
12821,0.00244378,0.0000095189
12822,0.00132607,0.0000095132
12823,0.03460640,0.0000095074
12824,0.00574962,0.0000095017
12825,0.00110553,0.0000094960
12826,0.00251123,0.0000094902
12827,0.00257272,0.0000094845
12828,0.00455741,0.0000094788
12829,0.00282666,0.0000094731
12830,0.00228242,0.0000094674
12831,0.00744051,0.0000094616
12832,0.00365097,0.0000094559
12833,0.00327945,0.0000094502
12834,0.00333249,0.0000094445
12835,0.02344287,0.0000094388
12836,0.00437160,0.0000094331
12837,0.06422140,0.0000094274
12838,0.00760448,0.0000094217
12839,0.00618291,0.0000094160
12840,0.00376771,0.0000094103
12841,0.00344045,0.0000094046
12842,0.00414761,0.0000093989
12843,0.00202431,0.0000093932
12844,0.00090740,0.0000093875
12845,0.00234501,0.0000093818
12846,0.00395593,0.0000093761
12847,0.00132031,0.0000093704
12848,0.03439040,0.0000093647
12849,0.00309078,0.0000093590
12850,0.01695936,0.0000093533
12851,0.00106402,0.0000093476
12852,0.00222905,0.0000093419
12853,0.01418737,0.0000093363
12854,0.00120089,0.0000093306
12855,0.00419901,0.0000093249
12856,0.00956315,0.0000093192
12857,0.00249854,0.0000093135
12858,0.36050335,0.0000093079
12859,0.00314052,0.0000093022
12860,0.00215945,0.0000092965
12861,0.00280227,0.0000092909
12862,0.00189124,0.0000092852
12863,0.00368202,0.0000092795
12864,0.00289790,0.0000092739
12865,0.00399734,0.0000092682
12866,0.00131982,0.0000092625
12867,0.00218223,0.0000092569
12868,0.00169071,0.0000092512
12869,0.00353235,0.0000092456
12870,0.00181337,0.0000092399
12871,0.00282060,0.0000092342
12872,0.00386331,0.0000092286
12873,0.00864044,0.0000092229
12874,0.02086847,0.0000092173
12875,0.00191542,0.0000092116
12876,0.00431054,0.0000092060
12877,0.00449896,0.0000092003
12878,0.00258734,0.0000091947
12879,0.00235206,0.0000091891
12880,0.00194540,0.0000091834
12881,0.00299797,0.0000091778
12882,0.00252751,0.0000091721
12883,0.00290194,0.0000091665
12884,0.00138175,0.0000091609
12885,0.00370679,0.0000091552
12886,0.00117037,0.0000091496
12887,0.00376666,0.0000091440
12888,0.08386314,0.0000091384
12889,0.00460638,0.0000091327
12890,0.00202563,0.0000091271
12891,0.00870318,0.0000091215
12892,0.00217384,0.0000091159
12893,0.00232346,0.0000091102
12894,0.00248858,0.0000091046
12895,0.12142306,0.0000090990
12896,0.00262375,0.0000090934
12897,0.01772624,0.0000090878
12898,0.00196035,0.0000090822
12899,0.00325554,0.0000090766
12900,0.00942117,0.0000090709
12901,0.00192705,0.0000090653
12902,0.00308682,0.0000090597
12903,0.00249838,0.0000090541
12904,0.00333571,0.0000090485
12905,0.00332346,0.0000090429
12906,0.00142679,0.0000090373
12907,0.00779909,0.0000090317
12908,0.00231220,0.0000090261
12909,0.00079274,0.0000090205
12910,0.02096968,0.0000090149
12911,0.00396444,0.0000090094
12912,0.00237790,0.0000090038
12913,0.05152833,0.0000089982
12914,0.00255615,0.0000089926
12915,0.00271197,0.0000089870
12916,0.00183015,0.0000089814
12917,0.00166525,0.0000089758
12918,0.00215601,0.0000089703
12919,0.00253670,0.0000089647
12920,0.00468647,0.0000089591
12921,0.00128164,0.0000089535
12922,0.00380526,0.0000089480
12923,0.08151442,0.0000089424
12924,0.13076729,0.0000089368
12925,0.00534136,0.0000089312
12926,0.00650236,0.0000089257
12927,0.00223054,0.0000089201
12928,0.00245794,0.0000089145
12929,0.00392126,0.0000089090
12930,0.00192469,0.0000089034
12931,0.00273028,0.0000088979
12932,0.00189712,0.0000088923
12933,0.00265623,0.0000088867
12934,0.00523831,0.0000088812
12935,0.00257797,0.0000088756
12936,0.01081240,0.0000088701
12937,0.00479782,0.0000088645
12938,0.00113252,0.0000088590
12939,0.00277251,0.0000088534
12940,0.00170631,0.0000088479
12941,0.36234903,0.0000088424
12942,0.00248640,0.0000088368
12943,0.00447690,0.0000088313
12944,0.00270403,0.0000088257
12945,0.00237214,0.0000088202
12946,0.01460402,0.0000088147
12947,0.04991248,0.0000088091
12948,0.00272148,0.0000088036
12949,0.00437706,0.0000087981
12950,0.00260588,0.0000087925
12951,0.00294883,0.0000087870
12952,0.00262320,0.0000087815
12953,0.02331852,0.0000087760
12954,0.00308102,0.0000087704
12955,0.00125259,0.0000087649
12956,0.00402775,0.0000087594
12957,0.00133135,0.0000087539
12958,0.00306704,0.0000087484
12959,0.00477858,0.0000087428
12960,0.08311342,0.0000087373
12961,0.00147025,0.0000087318
12962,0.00272397,0.0000087263
12963,0.00114389,0.0000087208
12964,0.00179032,0.0000087153
12965,0.00366918,0.0000087098
12966,0.00136826,0.0000087043
12967,0.00400956,0.0000086988
12968,0.00199566,0.0000086933
12969,0.00130686,0.0000086878
12970,0.00239457,0.0000086823
12971,0.00235922,0.0000086768
12972,0.00880003,0.0000086713
12973,0.00283326,0.0000086658
12974,0.00170704,0.0000086603
12975,0.00456819,0.0000086548
12976,0.00345380,0.0000086493
12977,0.00208671,0.0000086438
12978,0.03434968,0.0000086384
12979,0.00161989,0.0000086329
12980,0.00427978,0.0000086274
12981,0.00530453,0.0000086219
12982,0.00365857,0.0000086164
12983,0.00843057,0.0000086110
12984,0.00089943,0.0000086055
12985,0.01892642,0.0000086000
12986,0.00219005,0.0000085945
12987,0.00165237,0.0000085891
12988,0.00888543,0.0000085836
12989,0.00217033,0.0000085781
12990,0.00128339,0.0000085727
12991,0.00259026,0.0000085672
12992,0.00252741,0.0000085617
12993,0.00815297,0.0000085563
12994,0.00350669,0.0000085508
12995,0.00760797,0.0000085454
12996,0.00251439,0.0000085399
12997,0.00233152,0.0000085344
12998,0.00346408,0.0000085290
12999,0.00322047,0.0000085235
13000,0.00220693,0.0000085181
13001,0.00490293,0.0000085126
13002,0.00305174,0.0000085072
13003,0.00222442,0.0000085018
13004,0.00755469,0.0000084963
13005,0.01846039,0.0000084909
13006,0.00325264,0.0000084854
13007,0.00244362,0.0000084800
13008,0.00207684,0.0000084746
13009,0.00212533,0.0000084691
13010,0.00451362,0.0000084637
13011,0.00458168,0.0000084583
13012,0.00240701,0.0000084528
13013,0.00126790,0.0000084474
13014,0.00232255,0.0000084420
13015,0.00368648,0.0000084365
13016,0.00233930,0.0000084311
13017,0.01986344,0.0000084257
13018,0.00299927,0.0000084203
13019,0.02414179,0.0000084149
13020,0.00790447,0.0000084094
13021,0.00371032,0.0000084040
13022,0.00356903,0.0000083986
13023,0.00244524,0.0000083932
13024,0.00134493,0.0000083878
13025,0.00533720,0.0000083824
13026,0.13122417,0.0000083770
13027,0.00246944,0.0000083716
13028,0.08203025,0.0000083662
13029,0.00352183,0.0000083608
13030,0.00208849,0.0000083553
13031,0.00247375,0.0000083499
13032,0.00476471,0.0000083446
13033,0.01074843,0.0000083392
13034,0.00100597,0.0000083338
13035,0.00377965,0.0000083284
13036,0.00244378,0.0000083230
13037,0.00397001,0.0000083176
13038,0.00358537,0.0000083122
13039,0.00331370,0.0000083068
13040,0.00436403,0.0000083014
13041,0.00277194,0.0000082960
13042,0.00546845,0.0000082907
13043,0.00234846,0.0000082853
13044,0.00209320,0.0000082799
13045,0.36030126,0.0000082745
13046,0.00329660,0.0000082691
13047,0.00187092,0.0000082638
13048,0.00212811,0.0000082584
13049,0.00295167,0.0000082530
13050,0.03353044,0.0000082477
13051,0.00142914,0.0000082423
13052,0.00469605,0.0000082369
13053,0.00592904,0.0000082316
13054,0.00347747,0.0000082262
13055,0.05992463,0.0000082208
13056,0.00322024,0.0000082155
13057,0.00288331,0.0000082101
13058,0.00201126,0.0000082048
13059,0.00494765,0.0000081994
13060,0.00243172,0.0000081941
13061,0.00221860,0.0000081887
13062,0.00553303,0.0000081834
13063,0.00332048,0.0000081780
13064,0.00168334,0.0000081727
13065,0.00290386,0.0000081673
13066,0.00350120,0.0000081620
13067,0.00268919,0.0000081566
13068,0.00110674,0.0000081513
13069,0.00281038,0.0000081459
13070,0.00719348,0.0000081406
13071,0.00356172,0.0000081353
13072,0.00484829,0.0000081299
13073,0.00336405,0.0000081246
13074,0.01498442,0.0000081193
13075,0.00208654,0.0000081139
13076,0.00265810,0.0000081086
13077,0.00963598,0.0000081033
13078,0.00129333,0.0000080980
13079,0.00073022,0.0000080926
13080,0.00832502,0.0000080873
13081,0.00453049,0.0000080820
13082,0.00235543,0.0000080767
13083,0.00334398,0.0000080714
13084,0.00286873,0.0000080661
13085,0.00114763,0.0000080607
13086,0.00146376,0.0000080554
13087,0.00137380,0.0000080501
13088,0.00167665,0.0000080448
13089,0.00391780,0.0000080395
13090,0.00283582,0.0000080342
13091,0.01021260,0.0000080289
13092,0.00248599,0.0000080236
13093,0.05143998,0.0000080183
13094,0.00199140,0.0000080130
13095,0.00255241,0.0000080077
13096,0.00337825,0.0000080024
13097,0.00219019,0.0000079971
13098,0.00161066,0.0000079918
13099,0.00224563,0.0000079865
13100,0.00188779,0.0000079812
13101,0.00269959,0.0000079760
13102,0.00281370,0.0000079707
13103,0.01805861,0.0000079654
13104,0.00156941,0.0000079601
13105,0.00306655,0.0000079548
13106,0.00647822,0.0000079496
13107,0.02322486,0.0000079443
13108,0.00221281,0.0000079390
13109,0.00130138,0.0000079337
13110,0.00376627,0.0000079285
13111,0.00285107,0.0000079232
13112,0.00278649,0.0000079179
13113,0.00195379,0.0000079126
13114,0.00260652,0.0000079074
13115,0.00143076,0.0000079021
13116,0.00191808,0.0000078969
13117,0.00076558,0.0000078916
13118,0.15357679,0.0000078863
13119,0.00134496,0.0000078811
13120,0.00450288,0.0000078758
13121,0.06096660,0.0000078706
13122,0.01854032,0.0000078653
13123,0.00972941,0.0000078601
13124,0.00439587,0.0000078548
13125,0.00401197,0.0000078496
13126,0.00246466,0.0000078443
13127,0.00597182,0.0000078391
13128,0.00587203,0.0000078338
13129,0.00325790,0.0000078286
13130,0.00283145,0.0000078233
13131,0.02558037,0.0000078181
13132,0.00309218,0.0000078129
13133,0.00149966,0.0000078076
13134,0.00374362,0.0000078024
13135,0.00808822,0.0000077972
13136,0.00154313,0.0000077919
13137,0.00185277,0.0000077867
13138,0.00188058,0.0000077815
13139,0.00325014,0.0000077763
13140,0.00298512,0.0000077710
13141,0.00232153,0.0000077658
13142,0.00395333,0.0000077606
13143,0.00286745,0.0000077554
13144,0.05599009,0.0000077502
13145,0.00321892,0.0000077449
13146,0.00270186,0.0000077397
13147,0.00301485,0.0000077345
13148,0.00385021,0.0000077293
13149,0.00301437,0.0000077241
13150,0.00333858,0.0000077189
13151,0.00222065,0.0000077137
13152,0.00272543,0.0000077085
13153,0.00293370,0.0000077033
13154,0.00144145,0.0000076981
13155,0.00207019,0.0000076929
13156,0.08220161,0.0000076877
13157,0.00423872,0.0000076825
13158,0.00342370,0.0000076773
13159,0.00210060,0.0000076721
13160,0.00453849,0.0000076669
13161,0.00262726,0.0000076617
13162,0.00282596,0.0000076565
13163,0.00199987,0.0000076514
13164,0.00144568,0.0000076462
13165,0.00375411,0.0000076410
13166,0.00396549,0.0000076358
13167,0.00385329,0.0000076306
13168,0.00189149,0.0000076254
13169,0.00185401,0.0000076203
13170,0.02125480,0.0000076151
13171,0.00192520,0.0000076099
13172,0.00424151,0.0000076048
13173,0.00291477,0.0000075996
13174,0.00217703,0.0000075944
13175,0.00657671,0.0000075892
13176,0.00325407,0.0000075841
13177,0.00219847,0.0000075789
13178,0.00741383,0.0000075738
13179,0.00855059,0.0000075686
13180,0.00178431,0.0000075634
13181,0.00135150,0.0000075583
13182,0.00215295,0.0000075531
13183,0.00427819,0.0000075480
13184,0.00433871,0.0000075428
13185,0.36034137,0.0000075377
13186,0.00265269,0.0000075325
13187,0.00149593,0.0000075274
13188,0.00316136,0.0000075222
13189,0.00600270,0.0000075171
13190,0.00320676,0.0000075120
13191,0.00357773,0.0000075068
13192,0.00485081,0.0000075017
13193,0.00322167,0.0000074965
13194,0.00233761,0.0000074914
13195,0.00117262,0.0000074863
13196,0.00213886,0.0000074811
13197,0.00155042,0.0000074760
13198,0.01311737,0.0000074709
13199,0.00160548,0.0000074657
13200,0.00775924,0.0000074606
13201,0.00263287,0.0000074555
13202,0.00285040,0.0000074504
13203,0.01053219,0.0000074453
13204,0.00379811,0.0000074401
13205,0.03616997,0.0000074350
13206,0.00175422,0.0000074299
13207,0.00157876,0.0000074248
13208,0.00215243,0.0000074197
13209,0.00161277,0.0000074146
13210,0.00458825,0.0000074095
13211,0.00331277,0.0000074044
13212,0.00258951,0.0000073992
13213,0.00532592,0.0000073941
13214,0.01171370,0.0000073890
13215,0.00261013,0.0000073839
13216,0.00225425,0.0000073788
13217,0.00250068,0.0000073737
13218,0.00181069,0.0000073686
13219,0.00151112,0.0000073636
13220,0.00162008,0.0000073585
13221,0.06213922,0.0000073534
13222,0.00336197,0.0000073483
13223,0.00107272,0.0000073432
13224,0.00686871,0.0000073381
13225,0.00233652,0.0000073330
13226,0.00669293,0.0000073279
13227,0.00331967,0.0000073229
13228,0.00262944,0.0000073178
13229,0.00361411,0.0000073127
13230,0.00375719,0.0000073076
13231,0.00290875,0.0000073026
13232,0.00192675,0.0000072975
13233,0.00485677,0.0000072924
13234,0.00232376,0.0000072873
13235,0.00223334,0.0000072823
13236,0.00591069,0.0000072772
13237,0.00435054,0.0000072721
13238,0.00762531,0.0000072671
13239,0.12399013,0.0000072620
13240,0.00368319,0.0000072570
13241,0.00342879,0.0000072519
13242,0.00185514,0.0000072468
13243,0.00144241,0.0000072418
13244,0.00235412,0.0000072367
13245,0.00199718,0.0000072317
13246,0.00150936,0.0000072266
13247,0.00661195,0.0000072216
13248,0.00111830,0.0000072165
13249,0.00154235,0.0000072115
13250,0.02593453,0.0000072065
13251,0.00605169,0.0000072014
13252,0.00126160,0.0000071964
13253,0.00179260,0.0000071913
13254,0.00496495,0.0000071863
13255,0.00432092,0.0000071813
13256,0.00259757,0.0000071762
13257,0.00352548,0.0000071712
13258,0.10269122,0.0000071662
13259,0.00276882,0.0000071611
13260,0.00272027,0.0000071561
13261,0.00239362,0.0000071511
13262,0.00264952,0.0000071461
13263,0.00314737,0.0000071410
13264,0.00204481,0.0000071360
13265,0.00329401,0.0000071310
13266,0.00265634,0.0000071260
13267,0.00599806,0.0000071210
13268,0.00212981,0.0000071160
13269,0.00308600,0.0000071110
13270,0.00157997,0.0000071059
13271,0.00317613,0.0000071009
13272,0.00331661,0.0000070959
13273,0.00192106,0.0000070909
13274,0.00852409,0.0000070859
13275,0.01809917,0.0000070809
13276,0.01286187,0.0000070759
13277,0.00162572,0.0000070709
13278,0.00133523,0.0000070659
13279,0.00221083,0.0000070609
13280,0.00193963,0.0000070559
13281,0.00446445,0.0000070509
13282,0.36065286,0.0000070460
13283,0.05079291,0.0000070410
13284,0.03334822,0.0000070360
13285,0.00197312,0.0000070310
13286,0.00262180,0.0000070260
13287,0.01774266,0.0000070210
13288,0.00402822,0.0000070160
13289,0.00929628,0.0000070111
13290,0.00134149,0.0000070061
13291,0.00208576,0.0000070011
13292,0.00543504,0.0000069961
13293,0.00270118,0.0000069912
13294,0.00441544,0.0000069862
13295,0.00310352,0.0000069812
13296,0.00387016,0.0000069763
13297,0.00398464,0.0000069713
13298,0.00272805,0.0000069663
13299,0.01408696,0.0000069614
13300,0.00128430,0.0000069564
13301,0.00298551,0.0000069515
13302,0.00345991,0.0000069465
13303,0.00302937,0.0000069415
13304,0.00563682,0.0000069366
13305,0.00243135,0.0000069316
13306,0.00342808,0.0000069267
13307,0.00163854,0.0000069217
13308,0.00307408,0.0000069168
13309,0.00223630,0.0000069119
13310,0.36659569,0.0000069069
13311,0.00446138,0.0000069020
13312,0.03332582,0.0000068970
13313,0.00331070,0.0000068921
13314,0.00222009,0.0000068871
13315,0.00274834,0.0000068822
13316,0.00226930,0.0000068773
13317,0.00188136,0.0000068723
13318,0.00161234,0.0000068674
13319,0.00201508,0.0000068625
13320,0.00643107,0.0000068576
13321,0.02067451,0.0000068526
13322,0.00261463,0.0000068477
13323,0.00370032,0.0000068428
13324,0.00279864,0.0000068379
13325,0.00225669,0.0000068330
13326,0.00406018,0.0000068280
13327,0.00668838,0.0000068231
13328,0.00160907,0.0000068182
13329,0.00175556,0.0000068133
13330,0.00887447,0.0000068084
13331,0.00351907,0.0000068035
13332,0.00349835,0.0000067986
13333,0.00214033,0.0000067937
13334,0.00172971,0.0000067888
13335,0.02470715,0.0000067839
13336,0.12155212,0.0000067790
13337,0.00650339,0.0000067741
13338,0.00218540,0.0000067692
13339,0.00130842,0.0000067643
13340,0.00161827,0.0000067594
13341,0.01067563,0.0000067545
13342,0.00240951,0.0000067496
13343,0.00173952,0.0000067447
13344,0.06017798,0.0000067398
13345,0.00147599,0.0000067349
13346,0.00268045,0.0000067300
13347,0.00445087,0.0000067252
13348,0.00316176,0.0000067203
13349,0.00151002,0.0000067154
13350,0.00351888,0.0000067105
13351,0.08163611,0.0000067057
13352,0.00233313,0.0000067008
13353,0.00286609,0.0000066959
13354,0.00302284,0.0000066910
13355,0.01884036,0.0000066862
13356,0.00190269,0.0000066813
13357,0.00404007,0.0000066764
13358,0.00323306,0.0000066716
13359,0.00329002,0.0000066667
13360,0.00130725,0.0000066619
13361,0.00407665,0.0000066570
13362,0.00327815,0.0000066521
13363,0.00274482,0.0000066473
13364,0.00171289,0.0000066424
13365,0.00296704,0.0000066376
13366,0.00176214,0.0000066327
13367,0.05232893,0.0000066279
13368,0.00330334,0.0000066230
13369,0.00330746,0.0000066182
13370,0.01704346,0.0000066133
13371,0.00216524,0.0000066085
13372,0.00253835,0.0000066037
13373,0.00287453,0.0000065988
13374,0.00288513,0.0000065940
13375,0.00397113,0.0000065892
13376,0.00369020,0.0000065843
13377,0.00350874,0.0000065795
13378,0.02254444,0.0000065747
13379,0.00524868,0.0000065698
13380,0.00399951,0.0000065650
13381,0.00420846,0.0000065602
13382,0.00677056,0.0000065554
13383,0.00486217,0.0000065505
13384,0.00321757,0.0000065457
13385,0.00254113,0.0000065409
13386,0.00318954,0.0000065361
13387,0.00435973,0.0000065313
13388,0.00206336,0.0000065265
13389,0.00291995,0.0000065216
13390,0.00305143,0.0000065168
13391,0.00473027,0.0000065120
13392,0.00379217,0.0000065072
13393,0.00798373,0.0000065024
13394,0.00233053,0.0000064976
13395,0.00243908,0.0000064928
13396,0.35909656,0.0000064880
13397,0.00317975,0.0000064832
13398,0.00399438,0.0000064784
13399,0.02022951,0.0000064736
13400,0.05310725,0.0000064688
13401,0.00415774,0.0000064640
13402,0.00332795,0.0000064592
13403,0.00294079,0.0000064545
13404,0.00324368,0.0000064497
13405,0.00370710,0.0000064449
13406,0.00292830,0.0000064401
13407,0.05999280,0.0000064353
13408,0.00259833,0.0000064305
13409,0.03442080,0.0000064258
13410,0.00665577,0.0000064210
13411,0.00931676,0.0000064162
13412,0.00651335,0.0000064114
13413,0.00352366,0.0000064067
13414,0.00637560,0.0000064019
13415,0.00344612,0.0000063971
13416,0.00162885,0.0000063924
13417,0.00289639,0.0000063876
13418,0.00336361,0.0000063828
13419,0.00179568,0.0000063781
13420,0.00432721,0.0000063733
13421,0.00302418,0.0000063686
13422,0.00352940,0.0000063638
13423,0.00368910,0.0000063590
13424,0.01182236,0.0000063543
13425,0.00216984,0.0000063495
13426,0.00208272,0.0000063448
13427,0.00296266,0.0000063400
13428,0.00494465,0.0000063353
13429,0.00269249,0.0000063306
13430,0.00694019,0.0000063258
13431,0.00572387,0.0000063211
13432,0.00244704,0.0000063163
13433,0.00206201,0.0000063116
13434,0.00249852,0.0000063069
13435,0.00396841,0.0000063021
13436,0.00120483,0.0000062974
13437,0.00941902,0.0000062927
13438,0.00220230,0.0000062879
13439,0.00221577,0.0000062832
13440,0.01799767,0.0000062785
13441,0.00281534,0.0000062738
13442,0.00400862,0.0000062690
13443,0.00114642,0.0000062643
13444,0.00240150,0.0000062596
13445,0.00371990,0.0000062549
13446,0.00222011,0.0000062502
13447,0.00253938,0.0000062454
13448,0.00189856,0.0000062407
13449,0.00169563,0.0000062360
13450,0.00219755,0.0000062313
13451,0.00227311,0.0000062266
13452,0.02271546,0.0000062219
13453,0.00169595,0.0000062172
13454,0.00229128,0.0000062125
13455,0.00159327,0.0000062078
13456,0.00783259,0.0000062031
13457,0.00170377,0.0000061984
13458,0.00439847,0.0000061937
13459,0.02359908,0.0000061890
13460,0.01714999,0.0000061843
13461,0.00192291,0.0000061796
13462,0.00192173,0.0000061749
13463,0.00258616,0.0000061703
13464,0.00289809,0.0000061656
13465,0.00193500,0.0000061609
13466,0.00788470,0.0000061562
13467,0.00091163,0.0000061515
13468,0.00257863,0.0000061468
13469,0.00336215,0.0000061422
13470,0.00189035,0.0000061375
13471,0.00314897,0.0000061328
13472,0.00241373,0.0000061282
13473,0.00171961,0.0000061235
13474,0.00191735,0.0000061188
13475,0.00262688,0.0000061141
13476,0.00174601,0.0000061095
13477,0.00798239,0.0000061048
13478,0.00329547,0.0000061002
13479,0.08318297,0.0000060955
13480,0.00376838,0.0000060908
13481,0.12487010,0.0000060862
13482,0.00149073,0.0000060815
13483,0.00119626,0.0000060769
13484,0.00310557,0.0000060722
13485,0.00181316,0.0000060676
13486,0.00427669,0.0000060629
13487,0.00351443,0.0000060583
13488,0.00234710,0.0000060536
13489,0.00138545,0.0000060490
13490,0.00343999,0.0000060444
13491,0.00188945,0.0000060397
13492,0.00317088,0.0000060351
13493,0.00635785,0.0000060304
13494,0.00232284,0.0000060258
13495,0.00393538,0.0000060212
13496,0.00083594,0.0000060165
13497,0.00322459,0.0000060119
13498,0.00699425,0.0000060073
13499,0.00127469,0.0000060027
13500,0.08324313,0.0000059980
13501,0.00617462,0.0000059934
13502,0.03815796,0.0000059888
13503,0.00421936,0.0000059842
13504,0.00370150,0.0000059796
13505,0.00148371,0.0000059749
13506,0.00237413,0.0000059703
13507,0.00329648,0.0000059657
13508,0.00237795,0.0000059611
13509,0.00177639,0.0000059565
13510,0.00182566,0.0000059519
13511,0.00195089,0.0000059473
13512,0.02007470,0.0000059427
13513,0.00222079,0.0000059381
13514,0.00355948,0.0000059335
13515,0.00226145,0.0000059289
13516,0.01452455,0.0000059243
13517,0.00366409,0.0000059197
13518,0.00213936,0.0000059151
13519,0.00339476,0.0000059105
13520,0.06242318,0.0000059059
13521,0.00585714,0.0000059013
13522,0.00312891,0.0000058967
13523,0.00346900,0.0000058921
13524,0.00263295,0.0000058876
13525,0.00149854,0.0000058830
13526,0.00398802,0.0000058784
13527,0.00256525,0.0000058738
13528,0.00252570,0.0000058692
13529,0.00304821,0.0000058647
13530,0.00333715,0.0000058601
13531,0.00244103,0.0000058555
13532,0.00106297,0.0000058510
13533,0.01045039,0.0000058464
13534,0.00091978,0.0000058418
13535,0.00268741,0.0000058373
13536,0.01256621,0.0000058327
13537,0.02195633,0.0000058281
13538,0.00245654,0.0000058236
13539,0.00142253,0.0000058190
13540,0.00260358,0.0000058145
13541,0.00351836,0.0000058099
13542,0.00296006,0.0000058054
13543,0.00424394,0.0000058008
13544,0.00153907,0.0000057963
13545,0.35959709,0.0000057917
13546,0.02455802,0.0000057872
13547,0.00354440,0.0000057826
13548,0.00403645,0.0000057781
13549,0.00275545,0.0000057735
13550,0.00371694,0.0000057690
13551,0.00227665,0.0000057645
13552,0.00275206,0.0000057599
13553,0.00095281,0.0000057554
13554,0.00385449,0.0000057509
13555,0.05002833,0.0000057463
13556,0.00147837,0.0000057418
13557,0.01711339,0.0000057373
13558,0.00314238,0.0000057327
13559,0.00230935,0.0000057282
13560,0.00671738,0.0000057237
13561,0.00180059,0.0000057192
13562,0.01016672,0.0000057147
13563,0.00136754,0.0000057101
13564,0.00249370,0.0000057056
13565,0.00728570,0.0000057011
13566,0.00315326,0.0000056966
13567,0.00326176,0.0000056921
13568,0.00250438,0.0000056876
13569,0.00309670,0.0000056831
13570,0.00848561,0.0000056786
13571,0.00662750,0.0000056741
13572,0.00163797,0.0000056696
13573,0.00233786,0.0000056651
13574,0.00360886,0.0000056606
13575,0.00190362,0.0000056561
13576,0.00249981,0.0000056516
13577,0.00237464,0.0000056471
13578,0.00217895,0.0000056426
13579,0.00442896,0.0000056381
13580,0.00176146,0.0000056336
13581,0.12157075,0.0000056291
13582,0.00402563,0.0000056246
13583,0.00296054,0.0000056202
13584,0.00669627,0.0000056157
13585,0.00187278,0.0000056112
13586,0.00395572,0.0000056067
13587,0.00237452,0.0000056023
13588,0.00171953,0.0000055978
13589,0.00197340,0.0000055933
13590,0.05121507,0.0000055888
13591,0.00288890,0.0000055844
13592,0.00399683,0.0000055799
13593,0.00342847,0.0000055754
13594,0.00297787,0.0000055710
13595,0.00147513,0.0000055665
13596,0.00261583,0.0000055620
13597,0.01150313,0.0000055576
13598,0.00279322,0.0000055531
13599,0.00200087,0.0000055487
13600,0.00282278,0.0000055442
13601,0.02191905,0.0000055398
13602,0.00305744,0.0000055353
13603,0.00330010,0.0000055309
13604,0.08152676,0.0000055264
13605,0.00263158,0.0000055220
13606,0.03285104,0.0000055175
13607,0.00141125,0.0000055131
13608,0.00526012,0.0000055087
13609,0.00359587,0.0000055042
13610,0.00667778,0.0000054998
13611,0.00255299,0.0000054953
13612,0.00172690,0.0000054909
13613,0.00281519,0.0000054865
13614,0.00224550,0.0000054821
13615,0.00809057,0.0000054776
13616,0.00387945,0.0000054732
13617,0.00182330,0.0000054688
13618,0.00684939,0.0000054644
13619,0.00618884,0.0000054599
13620,0.00406526,0.0000054555
13621,0.00225677,0.0000054511
13622,0.12159317,0.0000054467
13623,0.00291786,0.0000054423
13624,0.00160713,0.0000054379
13625,0.00196444,0.0000054334
13626,0.00384143,0.0000054290
13627,0.00320969,0.0000054246
13628,0.00333845,0.0000054202
13629,0.00230056,0.0000054158
13630,0.01865147,0.0000054114
13631,0.00990842,0.0000054070
13632,0.00337307,0.0000054026
13633,0.00807073,0.0000053982
13634,0.00252146,0.0000053938
13635,0.00251979,0.0000053894
13636,0.00358580,0.0000053850
13637,0.00159749,0.0000053807
13638,0.00157496,0.0000053763
13639,0.00227225,0.0000053719
13640,0.00220137,0.0000053675
13641,0.00615830,0.0000053631
13642,0.00214397,0.0000053587
13643,0.00226944,0.0000053544
13644,0.00250075,0.0000053500
13645,0.00445471,0.0000053456
13646,0.00185035,0.0000053412
13647,0.00669000,0.0000053369
13648,0.00651648,0.0000053325
13649,0.00387326,0.0000053281
13650,0.00430182,0.0000053237
13651,0.00151605,0.0000053194
13652,0.00910707,0.0000053150
13653,0.00268766,0.0000053107
13654,0.00303728,0.0000053063
13655,0.00336902,0.0000053019
13656,0.00439057,0.0000052976
13657,0.00247244,0.0000052932
13658,0.00376409,0.0000052889
13659,0.00180167,0.0000052845
13660,0.00502246,0.0000052802
13661,0.00368797,0.0000052758
13662,0.01733076,0.0000052715
13663,0.00333737,0.0000052671
13664,0.00128643,0.0000052628
13665,0.01472626,0.0000052584
13666,0.00281396,0.0000052541
13667,0.00201898,0.0000052498
13668,0.00246006,0.0000052454
13669,0.00231736,0.0000052411
13670,0.00087800,0.0000052368
13671,0.06440858,0.0000052324
13672,0.00102264,0.0000052281
13673,0.00467561,0.0000052238
13674,0.00297308,0.0000052194
13675,0.00181864,0.0000052151
13676,0.02419370,0.0000052108
13677,0.00297009,0.0000052065
13678,0.36061820,0.0000052022
13679,0.00298911,0.0000051978
13680,0.00285120,0.0000051935
13681,0.00353517,0.0000051892
13682,0.00460806,0.0000051849
13683,0.00189537,0.0000051806
13684,0.00190913,0.0000051763
13685,0.00191438,0.0000051720
13686,0.00396290,0.0000051677
13687,0.00362480,0.0000051634
13688,0.00189048,0.0000051591
13689,0.00287985,0.0000051548
13690,0.00398650,0.0000051505
13691,0.00310446,0.0000051462
13692,0.09569862,0.0000051419
13693,0.00153620,0.0000051376
13694,0.00418029,0.0000051333
13695,0.00211059,0.0000051290
13696,0.00334731,0.0000051247
13697,0.00489529,0.0000051204
13698,0.00331295,0.0000051161
13699,0.01927422,0.0000051119
13700,0.00845153,0.0000051076
13701,0.00425782,0.0000051033
13702,0.00282200,0.0000050990
13703,0.00236233,0.0000050947
13704,0.00405840,0.0000050905
13705,0.00247193,0.0000050862
13706,0.00119567,0.0000050819
13707,0.00173069,0.0000050777
13708,0.00208410,0.0000050734
13709,0.06043509,0.0000050691
13710,0.00962419,0.0000050649
13711,0.00229698,0.0000050606
13712,0.12332313,0.0000050563
13713,0.00684212,0.0000050521
13714,0.00190297,0.0000050478
13715,0.00170452,0.0000050436
13716,0.00471642,0.0000050393
13717,0.00245041,0.0000050351
13718,0.00226597,0.0000050308
13719,0.00270464,0.0000050266
13720,0.00405889,0.0000050223
13721,0.00390176,0.0000050181
13722,0.00338309,0.0000050138
13723,0.00276785,0.0000050096
13724,0.00221095,0.0000050053
13725,0.00185510,0.0000050011
13726,0.00333452,0.0000049969
13727,0.00112981,0.0000049926
13728,0.00245130,0.0000049884
13729,0.00427856,0.0000049842
13730,0.00724784,0.0000049799
13731,0.00250072,0.0000049757
13732,0.01773352,0.0000049715
13733,0.00206335,0.0000049673
13734,0.00619424,0.0000049631
13735,0.00197577,0.0000049588
13736,0.00213554,0.0000049546
13737,0.01455928,0.0000049504
13738,0.00153885,0.0000049462
13739,0.00200258,0.0000049420
13740,0.00418246,0.0000049378
13741,0.00145697,0.0000049335
13742,0.00700987,0.0000049293
13743,0.00470414,0.0000049251
13744,0.00288946,0.0000049209
13745,0.00190670,0.0000049167
13746,0.02405830,0.0000049125
13747,0.03243532,0.0000049083
13748,0.00281498,0.0000049041
13749,0.00195440,0.0000048999
13750,0.00410309,0.0000048957
13751,0.00215363,0.0000048915
13752,0.00249062,0.0000048874
13753,0.05232642,0.0000048832
13754,0.00250911,0.0000048790
13755,0.00291549,0.0000048748
13756,0.00136191,0.0000048706
13757,0.00710074,0.0000048664
13758,0.00338539,0.0000048622
13759,0.00248225,0.0000048581
13760,0.00125015,0.0000048539
13761,0.00160566,0.0000048497
13762,0.00174788,0.0000048455
13763,0.00293216,0.0000048414
13764,0.36027113,0.0000048372
13765,0.02194330,0.0000048330
13766,0.00242576,0.0000048289
13767,0.00670655,0.0000048247
13768,0.00309190,0.0000048205
13769,0.00347742,0.0000048164
13770,0.00301396,0.0000048122
13771,0.00291192,0.0000048081
13772,0.00632345,0.0000048039
13773,0.00584728,0.0000047997
13774,0.00262117,0.0000047956
13775,0.00396861,0.0000047914
13776,0.00199532,0.0000047873
13777,0.00161302,0.0000047832
13778,0.00227309,0.0000047790
13779,0.00198609,0.0000047749
13780,0.00394926,0.0000047707
13781,0.00153920,0.0000047666
13782,0.00092091,0.0000047624
13783,0.00161935,0.0000047583
13784,0.00149943,0.0000047542
13785,0.00345648,0.0000047500
13786,0.00815070,0.0000047459
13787,0.01778034,0.0000047418
13788,0.08264736,0.0000047376
13789,0.00106727,0.0000047335
13790,0.00820305,0.0000047294
13791,0.00207839,0.0000047253
13792,0.00219821,0.0000047212
13793,0.00340823,0.0000047170
13794,0.00253625,0.0000047129
13795,0.00237068,0.0000047088
13796,0.00468723,0.0000047047
13797,0.00216392,0.0000047006
13798,0.00538812,0.0000046965
13799,0.02076602,0.0000046924
13800,0.00103238,0.0000046882
13801,0.00359800,0.0000046841
13802,0.02461524,0.0000046800
13803,0.00370785,0.0000046759
13804,0.00323880,0.0000046718
13805,0.00611235,0.0000046677
13806,0.00351135,0.0000046636
13807,0.00629980,0.0000046595
13808,0.00410953,0.0000046555
13809,0.00268615,0.0000046514
13810,0.00458732,0.0000046473
13811,0.00195828,0.0000046432
13812,0.00501137,0.0000046391
13813,0.06099380,0.0000046350
13814,0.00354279,0.0000046309
13815,0.00230335,0.0000046269
13816,0.00225893,0.0000046228
13817,0.00367111,0.0000046187
13818,0.00131713,0.0000046146
13819,0.00423014,0.0000046105
13820,0.00239046,0.0000046065
13821,0.00365312,0.0000046024
13822,0.12976258,0.0000045983
13823,0.00898533,0.0000045943
13824,0.00213857,0.0000045902
13825,0.00384772,0.0000045861
13826,0.00112158,0.0000045821
13827,0.00318288,0.0000045780
13828,0.00223100,0.0000045740
13829,0.00362230,0.0000045699
13830,0.00297607,0.0000045659
13831,0.00212607,0.0000045618
13832,0.00359940,0.0000045578
13833,0.03303204,0.0000045537
13834,0.00308039,0.0000045497
13835,0.00190581,0.0000045456
13836,0.00544876,0.0000045416
13837,0.36109290,0.0000045375
13838,0.00307719,0.0000045335
13839,0.00371243,0.0000045294
13840,0.00703867,0.0000045254
13841,0.01282232,0.0000045214
13842,0.00279382,0.0000045173
13843,0.00323933,0.0000045133
13844,0.00283372,0.0000045093
13845,0.00314936,0.0000045052
13846,0.00217809,0.0000045012
13847,0.00925225,0.0000044972
13848,0.00390608,0.0000044932
13849,0.05168971,0.0000044892
13850,0.00345512,0.0000044851
13851,0.00368727,0.0000044811
13852,0.00326949,0.0000044771
13853,0.00319397,0.0000044731
13854,0.00300884,0.0000044691
13855,0.00140677,0.0000044651
13856,0.00151786,0.0000044611
13857,0.00226359,0.0000044570
13858,0.00123914,0.0000044530
13859,0.00269386,0.0000044490
13860,0.00266447,0.0000044450
13861,0.00274529,0.0000044410
13862,0.00992442,0.0000044370
13863,0.00173670,0.0000044330
13864,0.00769515,0.0000044290
13865,0.00198135,0.0000044251
13866,0.00179377,0.0000044211
13867,0.00277727,0.0000044171
13868,0.02293939,0.0000044131
13869,0.00107634,0.0000044091
13870,0.00213302,0.0000044051
13871,0.00287752,0.0000044011
13872,0.00382647,0.0000043972
13873,0.05014914,0.0000043932
13874,0.12507977,0.0000043892
13875,0.00231675,0.0000043852
13876,0.00324948,0.0000043812
13877,0.00267864,0.0000043773
13878,0.01012360,0.0000043733
13879,0.00300778,0.0000043693
13880,0.00274706,0.0000043654
13881,0.00227889,0.0000043614
13882,0.00311204,0.0000043574
13883,0.00294167,0.0000043535
13884,0.00323725,0.0000043495
13885,0.00640804,0.0000043456
13886,0.01060649,0.0000043416
13887,0.00242848,0.0000043377
13888,0.00366200,0.0000043337
13889,0.00235298,0.0000043298
13890,0.00218928,0.0000043258
13891,0.00581406,0.0000043219
13892,0.00149835,0.0000043179
13893,0.02017376,0.0000043140
13894,0.00330840,0.0000043100
13895,0.00236590,0.0000043061
13896,0.01503186,0.0000043021
13897,0.00851301,0.0000042982
13898,0.00437000,0.0000042943
13899,0.00147773,0.0000042903
13900,0.00440431,0.0000042864
13901,0.00634220,0.0000042825
13902,0.00159330,0.0000042786
13903,0.00425813,0.0000042746
13904,0.00222695,0.0000042707
13905,0.00253181,0.0000042668
13906,0.00166030,0.0000042629
13907,0.06075951,0.0000042589
13908,0.00418361,0.0000042550
13909,0.03262194,0.0000042511
13910,0.00509760,0.0000042472
13911,0.00209134,0.0000042433
13912,0.02242475,0.0000042394
13913,0.00285615,0.0000042355
13914,0.00210323,0.0000042316
13915,0.00448540,0.0000042277
13916,0.00161510,0.0000042238
13917,0.00345864,0.0000042198
13918,0.08381911,0.0000042160
13919,0.00273753,0.0000042121
13920,0.00222123,0.0000042082
13921,0.00127144,0.0000042043
13922,0.00910178,0.0000042004
13923,0.00174849,0.0000041965
13924,0.00370192,0.0000041926
13925,0.00277740,0.0000041887
13926,0.00354216,0.0000041848
13927,0.00201099,0.0000041809
13928,0.00406477,0.0000041771
13929,0.00213631,0.0000041732
13930,0.00270226,0.0000041693
13931,0.00207565,0.0000041654
13932,0.00580274,0.0000041615
13933,0.02540900,0.0000041577
13934,0.00171497,0.0000041538
13935,0.35998538,0.0000041499
13936,0.00154157,0.0000041461
13937,0.00808700,0.0000041422
13938,0.00105097,0.0000041383
13939,0.00195170,0.0000041345
13940,0.00148872,0.0000041306
13941,0.00269192,0.0000041267
13942,0.00253751,0.0000041229
13943,0.00272684,0.0000041190
13944,0.00351488,0.0000041152
13945,0.00585782,0.0000041113
13946,0.00505663,0.0000041075
13947,0.00330199,0.0000041036
13948,0.00694839,0.0000040998
13949,0.00206308,0.0000040959
13950,0.00144169,0.0000040921
13951,0.00091784,0.0000040883
13952,0.00226277,0.0000040844
13953,0.00305369,0.0000040806
13954,0.00489620,0.0000040767
13955,0.01793150,0.0000040729
13956,0.00292843,0.0000040691
13957,0.00260241,0.0000040652
13958,0.00216016,0.0000040614
13959,0.00334279,0.0000040576
13960,0.00386850,0.0000040538
13961,0.00401166,0.0000040499
13962,0.00238887,0.0000040461
13963,0.00215071,0.0000040423
13964,0.00156285,0.0000040385
13965,0.00240002,0.0000040347
13966,0.00254843,0.0000040309
13967,0.00292173,0.0000040270
13968,0.00157268,0.0000040232
13969,0.00424266,0.0000040194
13970,0.00220788,0.0000040156
13971,0.00181894,0.0000040118
13972,0.02359731,0.0000040080
13973,0.01116790,0.0000040042
13974,0.00378482,0.0000040004
13975,0.00815800,0.0000039966
13976,0.00233296,0.0000039928
13977,0.36025918,0.0000039890
13978,0.00331022,0.0000039852
13979,0.00323573,0.0000039814
13980,0.00287577,0.0000039776
13981,0.00759923,0.0000039738
13982,0.00266548,0.0000039701
13983,0.07239882,0.0000039663
13984,0.00168207,0.0000039625
13985,0.00331412,0.0000039587
13986,0.00334762,0.0000039549
13987,0.00296169,0.0000039512
13988,0.00317286,0.0000039474
13989,0.00339592,0.0000039436
13990,0.00321544,0.0000039398
13991,0.00070046,0.0000039361
13992,0.00267407,0.0000039323
13993,0.00373720,0.0000039285
13994,0.00333324,0.0000039248
13995,0.00364272,0.0000039210
13996,0.00247282,0.0000039172
13997,0.00587263,0.0000039135
13998,0.00353628,0.0000039097
13999,0.00304390,0.0000039060
14000,0.00130685,0.0000039022
14001,0.00149661,0.0000038985
14002,0.00264312,0.0000038947
14003,0.00250937,0.0000038910
14004,0.00254551,0.0000038872
14005,0.00064598,0.0000038835
14006,0.00791544,0.0000038797
14007,0.00329909,0.0000038760
14008,0.00309971,0.0000038722
14009,0.00401421,0.0000038685
14010,0.00281797,0.0000038648
14011,0.00256315,0.0000038610
14012,0.00595370,0.0000038573
14013,0.00152765,0.0000038536
14014,0.00082262,0.0000038498
14015,0.00156717,0.0000038461
14016,0.00972585,0.0000038424
14017,0.00304080,0.0000038387
14018,0.00193854,0.0000038349
14019,0.02182758,0.0000038312
14020,0.00312039,0.0000038275
14021,0.00288696,0.0000038238
14022,0.00299810,0.0000038201
14023,0.12159062,0.0000038164
14024,0.00749357,0.0000038127
14025,0.00500202,0.0000038089
14026,0.01481685,0.0000038052
14027,0.00345051,0.0000038015
14028,0.00160946,0.0000037978
14029,0.00478950,0.0000037941
14030,0.08419202,0.0000037904
14031,0.00118860,0.0000037867
14032,0.00168685,0.0000037830
14033,0.00363614,0.0000037793
14034,0.00277269,0.0000037756
14035,0.00356185,0.0000037719
14036,0.02119192,0.0000037683
14037,0.00170661,0.0000037646
14038,0.06227433,0.0000037609
14039,0.00188835,0.0000037572
14040,0.00142766,0.0000037535
14041,0.00880395,0.0000037498
14042,0.00309354,0.0000037462
14043,0.00457445,0.0000037425
14044,0.00337422,0.0000037388
14045,0.00082204,0.0000037351
14046,0.00310496,0.0000037315
14047,0.00243768,0.0000037278
14048,0.00252137,0.0000037241
14049,0.00394324,0.0000037204
14050,0.00816896,0.0000037168
14051,0.00330389,0.0000037131
14052,0.03322697,0.0000037095
14053,0.00297487,0.0000037058
14054,0.00250343,0.0000037021
14055,0.00297876,0.0000036985
14056,0.00309054,0.0000036948
14057,0.00129795,0.0000036912
14058,0.00122897,0.0000036875
14059,0.00149948,0.0000036839
14060,0.00123034,0.0000036802
14061,0.00289757,0.0000036766
14062,0.00284506,0.0000036729
14063,0.01810199,0.0000036693
14064,0.05035944,0.0000036657
14065,0.00263599,0.0000036620
14066,0.00315292,0.0000036584
14067,0.00919348,0.0000036548
14068,0.00270428,0.0000036511
14069,0.00418433,0.0000036475
14070,0.02369089,0.0000036439
14071,0.00276298,0.0000036402
14072,0.00190273,0.0000036366
14073,0.00801279,0.0000036330
14074,0.00249241,0.0000036294
14075,0.00200984,0.0000036257
14076,0.00181665,0.0000036221
14077,0.00155014,0.0000036185
14078,0.00294431,0.0000036149
14079,0.00283784,0.0000036113
14080,0.00269890,0.0000036077
14081,0.00061219,0.0000036041
14082,0.00368398,0.0000036004
14083,0.00360337,0.0000035968
14084,0.00215652,0.0000035932
14085,0.00462306,0.0000035896
14086,0.03414902,0.0000035860
14087,0.00321243,0.0000035824
14088,0.00795362,0.0000035788
14089,0.36264384,0.0000035752
14090,0.00305141,0.0000035716
14091,0.00073442,0.0000035681
14092,0.00153579,0.0000035645
14093,0.00238364,0.0000035609
14094,0.00307920,0.0000035573
14095,0.00407028,0.0000035537
14096,0.00211963,0.0000035501
14097,0.00298374,0.0000035465
14098,0.00344195,0.0000035430
14099,0.00704661,0.0000035394
14100,0.00407605,0.0000035358
14101,0.12295906,0.0000035322
14102,0.00376016,0.0000035287
14103,0.00286373,0.0000035251
14104,0.00200563,0.0000035215
14105,0.02197457,0.0000035180
14106,0.00208267,0.0000035144
14107,0.00410385,0.0000035108
14108,0.08323807,0.0000035073
14109,0.00368577,0.0000035037
14110,0.00246644,0.0000035002
14111,0.00349382,0.0000034966
14112,0.00290862,0.0000034930
14113,0.00282842,0.0000034895
14114,0.00247068,0.0000034859
14115,0.00394536,0.0000034824
14116,0.00375190,0.0000034788
14117,0.00392755,0.0000034753
14118,0.00399346,0.0000034718
14119,0.00953163,0.0000034682
14120,0.00306118,0.0000034647
14121,0.00248297,0.0000034611
14122,0.00528324,0.0000034576
14123,0.00357235,0.0000034541
14124,0.00262060,0.0000034505
14125,0.00248948,0.0000034470
14126,0.01892480,0.0000034435
14127,0.00338730,0.0000034400
14128,0.00204487,0.0000034364
14129,0.00694246,0.0000034329
14130,0.00386512,0.0000034294
14131,0.00125689,0.0000034259
14132,0.00168354,0.0000034223
14133,0.00271128,0.0000034188
14134,0.00906097,0.0000034153
14135,0.00127406,0.0000034118
14136,0.00812272,0.0000034083
14137,0.01273242,0.0000034048
14138,0.00273431,0.0000034013
14139,0.00353263,0.0000033978
14140,0.00283596,0.0000033943
14141,0.06094432,0.0000033908
14142,0.00151251,0.0000033873
14143,0.00691233,0.0000033838
14144,0.00463756,0.0000033803
14145,0.00268983,0.0000033768
14146,0.00336057,0.0000033733
14147,0.00160052,0.0000033698
14148,0.00220156,0.0000033663
14149,0.00625420,0.0000033628
14150,0.00201476,0.0000033593
14151,0.00188208,0.0000033558
14152,0.00027144,0.0000033524
14153,0.00240170,0.0000033489
14154,0.00301989,0.0000033454
14155,0.00428028,0.0000033419
14156,0.00556977,0.0000033385
14157,0.00178503,0.0000033350
14158,0.00436475,0.0000033315
14159,0.00283072,0.0000033280
14160,0.08181937,0.0000033246
14161,0.00173882,0.0000033211
14162,0.00175588,0.0000033176
14163,0.00292801,0.0000033142
14164,0.00285893,0.0000033107
14165,0.00255524,0.0000033073
14166,0.00291320,0.0000033038
14167,0.00340463,0.0000033003
14168,0.00260917,0.0000032969
14169,0.02400012,0.0000032934
14170,0.00306970,0.0000032900
14171,0.00825989,0.0000032865
14172,0.00532382,0.0000032831
14173,0.00285236,0.0000032797
14174,0.00417555,0.0000032762
14175,0.00384280,0.0000032728
14176,0.00260562,0.0000032693
14177,0.00336815,0.0000032659
14178,0.00141046,0.0000032625
14179,0.01348109,0.0000032590
14180,0.00754052,0.0000032556
14181,0.00131327,0.0000032522
14182,0.00174431,0.0000032487
14183,0.03234440,0.0000032453
14184,0.00166126,0.0000032419
14185,0.00242660,0.0000032385
14186,0.00153391,0.0000032350
14187,0.00343856,0.0000032316
14188,0.00234733,0.0000032282
14189,0.00369186,0.0000032248
14190,0.00197714,0.0000032214
14191,0.00281333,0.0000032180
14192,0.00386343,0.0000032146
14193,0.00117571,0.0000032111
14194,0.00409239,0.0000032077
14195,0.00275073,0.0000032043
14196,0.12286867,0.0000032009
14197,0.00248141,0.0000031975
14198,0.00227756,0.0000031941
14199,0.00273721,0.0000031907
14200,0.00779294,0.0000031873
14201,0.00294613,0.0000031839
14202,0.01879920,0.0000031806
14203,0.01913260,0.0000031772
14204,0.00287735,0.0000031738
14205,0.00212905,0.0000031704
14206,0.00167961,0.0000031670
14207,0.00143585,0.0000031636
14208,0.02329912,0.0000031602
14209,0.00552029,0.0000031569
14210,0.00173264,0.0000031535
14211,0.00208430,0.0000031501
14212,0.00380632,0.0000031467
14213,0.00192591,0.0000031434
14214,0.00279336,0.0000031400
14215,0.00255675,0.0000031366
14216,0.00350405,0.0000031333
14217,0.00346476,0.0000031299
14218,0.00626454,0.0000031265
14219,0.00241586,0.0000031232
14220,0.00383005,0.0000031198
14221,0.00192934,0.0000031165
14222,0.00115605,0.0000031131
14223,0.00234616,0.0000031097
14224,0.00823706,0.0000031064
14225,0.00493963,0.0000031030
14226,0.01007548,0.0000030997
14227,0.05215962,0.0000030963
14228,0.00449418,0.0000030930
14229,0.06731671,0.0000030897
14230,0.00170790,0.0000030863
14231,0.00411412,0.0000030830
14232,0.00354872,0.0000030796
14233,0.00283432,0.0000030763
14234,0.00371655,0.0000030730
14235,0.00875335,0.0000030696
14236,0.00172216,0.0000030663
14237,0.00227220,0.0000030630
14238,0.00319657,0.0000030597
14239,0.35992643,0.0000030563
14240,0.00266404,0.0000030530
14241,0.00259598,0.0000030497
14242,0.00577101,0.0000030464
14243,0.00696392,0.0000030430
14244,0.00482048,0.0000030397
14245,0.00267220,0.0000030364
14246,0.00174758,0.0000030331
14247,0.00180445,0.0000030298
14248,0.00205233,0.0000030265
14249,0.00260226,0.0000030232
14250,0.00336673,0.0000030199
14251,0.00128672,0.0000030166
14252,0.01764615,0.0000030133
14253,0.00343415,0.0000030100
14254,0.00124367,0.0000030067
14255,0.00464205,0.0000030034
14256,0.00576317,0.0000030001
14257,0.00147432,0.0000029968
14258,0.00196872,0.0000029935
14259,0.00798980,0.0000029902
14260,0.00339027,0.0000029869
14261,0.00802098,0.0000029836
14262,0.00585512,0.0000029804
14263,0.09578954,0.0000029771
14264,0.00418627,0.0000029738
14265,0.00597649,0.0000029705
14266,0.00281362,0.0000029672
14267,0.12110261,0.0000029640
14268,0.00331995,0.0000029607
14269,0.02224469,0.0000029574
14270,0.00291411,0.0000029542
14271,0.00323555,0.0000029509
14272,0.00209290,0.0000029476
14273,0.00207255,0.0000029444
14274,0.00378776,0.0000029411
14275,0.00323029,0.0000029378
14276,0.00300072,0.0000029346
14277,0.00195689,0.0000029313
14278,0.00267951,0.0000029281
14279,0.00294205,0.0000029248
14280,0.00458182,0.0000029216
14281,0.00359481,0.0000029183
14282,0.00083979,0.0000029151
14283,0.00202430,0.0000029118
14284,0.00844768,0.0000029086
14285,0.00476759,0.0000029053
14286,0.00182881,0.0000029021
14287,0.00425236,0.0000028989
14288,0.00286154,0.0000028956
14289,0.00418495,0.0000028924
14290,0.00288455,0.0000028892
14291,0.00303682,0.0000028859
14292,0.00416480,0.0000028827
14293,0.00248860,0.0000028795
14294,0.00230826,0.0000028763
14295,0.05358824,0.0000028730
14296,0.00638414,0.0000028698
14297,0.00158195,0.0000028666
14298,0.00288717,0.0000028634
14299,0.00202160,0.0000028602
14300,0.00293717,0.0000028569
14301,0.00345558,0.0000028537
14302,0.00192419,0.0000028505
14303,0.00213209,0.0000028473
14304,0.00302825,0.0000028441
14305,0.00258718,0.0000028409
14306,0.00252126,0.0000028377
14307,0.00264810,0.0000028345
14308,0.00323848,0.0000028313
14309,0.03350307,0.0000028281
14310,0.01908848,0.0000028249
14311,0.00256795,0.0000028217
14312,0.00202556,0.0000028185
14313,0.00190368,0.0000028153
14314,0.01123461,0.0000028121
14315,0.00154271,0.0000028089
14316,0.00208612,0.0000028058
14317,0.00330497,0.0000028026
14318,0.00334594,0.0000027994
14319,0.00297906,0.0000027962
14320,0.02318556,0.0000027930
14321,0.00427628,0.0000027899
14322,0.00314616,0.0000027867
14323,0.00234301,0.0000027835
14324,0.36052877,0.0000027803
14325,0.00329472,0.0000027772
14326,0.00256429,0.0000027740
14327,0.00441040,0.0000027708
14328,0.00319019,0.0000027677
14329,0.00105069,0.0000027645
14330,0.00222328,0.0000027614
14331,0.00082945,0.0000027582
14332,0.00318101,0.0000027550
14333,0.06227618,0.0000027519
14334,0.00068031,0.0000027487
14335,0.00495496,0.0000027456
14336,0.00300045,0.0000027424
14337,0.00257386,0.0000027393
14338,0.00866049,0.0000027361
14339,0.00273945,0.0000027330
14340,0.00501947,0.0000027299
14341,0.00068833,0.0000027267
14342,0.00314259,0.0000027236
14343,0.00250941,0.0000027205
14344,0.00955915,0.0000027173
14345,0.00298595,0.0000027142
14346,0.00128329,0.0000027111
14347,0.00152905,0.0000027079
14348,0.00964481,0.0000027048
14349,0.00254947,0.0000027017
14350,0.00322250,0.0000026986
14351,0.00197768,0.0000026954
14352,0.00272200,0.0000026923
14353,0.00305703,0.0000026892
14354,0.00523158,0.0000026861
14355,0.00198073,0.0000026830
14356,0.00361826,0.0000026799
14357,0.00194343,0.0000026767
14358,0.00268578,0.0000026736
14359,0.05722599,0.0000026705
14360,0.00058208,0.0000026674
14361,0.00748707,0.0000026643
14362,0.00860152,0.0000026612
14363,0.00171781,0.0000026581
14364,0.00482098,0.0000026550
14365,0.00193432,0.0000026519
14366,0.00250110,0.0000026488
14367,0.00886941,0.0000026457
14368,0.00334524,0.0000026426
14369,0.00233916,0.0000026396
14370,0.00246118,0.0000026365
14371,0.03445995,0.0000026334
14372,0.00227833,0.0000026303
14373,0.00319822,0.0000026272
14374,0.01502412,0.0000026241
14375,0.00280325,0.0000026211
14376,0.00271383,0.0000026180
14377,0.00324879,0.0000026149
14378,0.00213864,0.0000026118
14379,0.00349688,0.0000026088
14380,0.00984329,0.0000026057
14381,0.00156669,0.0000026026
14382,0.00324608,0.0000025996
14383,0.00280409,0.0000025965
14384,0.00392468,0.0000025935
14385,0.36243311,0.0000025904
14386,0.00407825,0.0000025873
14387,0.00324219,0.0000025843
14388,0.00384968,0.0000025812
14389,0.00235066,0.0000025782
14390,0.00292266,0.0000025751
14391,0.00603238,0.0000025721
14392,0.00502093,0.0000025690
14393,0.00354948,0.0000025660
14394,0.00364456,0.0000025629
14395,0.00194735,0.0000025599
14396,0.00091039,0.0000025569
14397,0.00207811,0.0000025538
14398,0.00213375,0.0000025508
14399,0.00336568,0.0000025478
14400,0.00366895,0.0000025447
14401,0.00279133,0.0000025417
14402,0.00261428,0.0000025387
14403,0.00704303,0.0000025356
14404,0.00161365,0.0000025326
14405,0.00259026,0.0000025296
14406,0.00423932,0.0000025266
14407,0.00244785,0.0000025236
14408,0.00719650,0.0000025205
14409,0.10471228,0.0000025175
14410,0.01914943,0.0000025145
14411,0.02484957,0.0000025115
14412,0.00171847,0.0000025085
14413,0.00178391,0.0000025055
14414,0.12221976,0.0000025025
14415,0.00248980,0.0000024995
14416,0.00172990,0.0000024965
14417,0.00351125,0.0000024935
14418,0.00236725,0.0000024905
14419,0.00284594,0.0000024875
14420,0.00294592,0.0000024845
14421,0.00245539,0.0000024815
14422,0.00238565,0.0000024785
14423,0.06079450,0.0000024755
14424,0.00184522,0.0000024725
14425,0.00330085,0.0000024695
14426,0.00458271,0.0000024665
14427,0.00077080,0.0000024636
14428,0.00307256,0.0000024606
14429,0.00356488,0.0000024576
14430,0.01753588,0.0000024546
14431,0.00177377,0.0000024517
14432,0.00148592,0.0000024487
14433,0.00073263,0.0000024457
14434,0.00429992,0.0000024427
14435,0.00342417,0.0000024398
14436,0.00343869,0.0000024368
14437,0.00250222,0.0000024338
14438,0.00274074,0.0000024309
14439,0.00634998,0.0000024279
14440,0.00229290,0.0000024250
14441,0.00207429,0.0000024220
14442,0.01345699,0.0000024191
14443,0.00938276,0.0000024161
14444,0.01014402,0.0000024131
14445,0.00457522,0.0000024102
14446,0.00490667,0.0000024073
14447,0.01867049,0.0000024043
14448,0.00290064,0.0000024014
14449,0.00200692,0.0000023984
14450,0.02436405,0.0000023955
14451,0.00251382,0.0000023925
14452,0.00142854,0.0000023896
14453,0.00312736,0.0000023867
14454,0.00410646,0.0000023837
14455,0.00367257,0.0000023808
14456,0.01561802,0.0000023779
14457,0.00243878,0.0000023750
14458,0.00365075,0.0000023720
14459,0.00202998,0.0000023691
14460,0.00235072,0.0000023662
14461,0.00301378,0.0000023633
14462,0.00494834,0.0000023603
14463,0.00284844,0.0000023574
14464,0.00307989,0.0000023545
14465,0.00505689,0.0000023516
14466,0.00360958,0.0000023487
14467,0.00251023,0.0000023458
14468,0.00305959,0.0000023429
14469,0.00343107,0.0000023400
14470,0.00469199,0.0000023371
14471,0.00226558,0.0000023342
14472,0.00265874,0.0000023313
14473,0.00311823,0.0000023284
14474,0.00224875,0.0000023255
14475,0.00250371,0.0000023226
14476,0.00312999,0.0000023197
14477,0.00306518,0.0000023168
14478,0.00199149,0.0000023139
14479,0.00212772,0.0000023110
14480,0.12447522,0.0000023081
14481,0.00184107,0.0000023053
14482,0.00214427,0.0000023024
14483,0.00271322,0.0000022995
14484,0.00190624,0.0000022966
14485,0.00309382,0.0000022937
14486,0.00367935,0.0000022909
14487,0.00206381,0.0000022880
14488,0.05437049,0.0000022851
14489,0.00234104,0.0000022823
14490,0.00104120,0.0000022794
14491,0.00159953,0.0000022765
14492,0.00208935,0.0000022737
14493,0.00320091,0.0000022708
14494,0.00252702,0.0000022679
14495,0.00253101,0.0000022651
14496,0.00162456,0.0000022622
14497,0.00279990,0.0000022594
14498,0.00269271,0.0000022565
14499,0.00175485,0.0000022537
14500,0.00178036,0.0000022508
14501,0.00378109,0.0000022480
14502,0.00072813,0.0000022451
14503,0.00349498,0.0000022423
14504,0.00120777,0.0000022395
14505,0.00135765,0.0000022366
14506,0.00658183,0.0000022338
14507,0.00380790,0.0000022309
14508,0.00113550,0.0000022281
14509,0.06501158,0.0000022253
14510,0.02348541,0.0000022225
14511,0.03563995,0.0000022196
14512,0.00166243,0.0000022168
14513,0.00125155,0.0000022140
14514,0.00259768,0.0000022112
14515,0.36298117,0.0000022083
14516,0.00589206,0.0000022055
14517,0.00295214,0.0000022027
14518,0.00240585,0.0000021999
14519,0.08303197,0.0000021971
14520,0.00292787,0.0000021943
14521,0.01748272,0.0000021914
14522,0.00291598,0.0000021886
14523,0.00245338,0.0000021858
14524,0.00170743,0.0000021830
14525,0.00226204,0.0000021802
14526,0.00811872,0.0000021774
14527,0.00357527,0.0000021746
14528,0.00408025,0.0000021718
14529,0.00426674,0.0000021690
14530,0.00888539,0.0000021662
14531,0.00272818,0.0000021635
14532,0.00265051,0.0000021607
14533,0.00289746,0.0000021579
14534,0.00270547,0.0000021551
14535,0.00138354,0.0000021523
14536,0.00128372,0.0000021495
14537,0.00165304,0.0000021468
14538,0.00346257,0.0000021440
14539,0.00241956,0.0000021412
14540,0.00177676,0.0000021384
14541,0.00183121,0.0000021357
14542,0.00280265,0.0000021329
14543,0.00190784,0.0000021301
14544,0.00697243,0.0000021273
14545,0.00170775,0.0000021246
14546,0.00240259,0.0000021218
14547,0.00266895,0.0000021191
14548,0.00359635,0.0000021163
14549,0.00574776,0.0000021135
14550,0.00222276,0.0000021108
14551,0.00483513,0.0000021080
14552,0.00159047,0.0000021053
14553,0.00497137,0.0000021025
14554,0.00234083,0.0000020998
14555,0.05032752,0.0000020970
14556,0.00306666,0.0000020943
14557,0.00364559,0.0000020915
14558,0.00498906,0.0000020888
14559,0.00462929,0.0000020861
14560,0.00257666,0.0000020833
14561,0.00187812,0.0000020806
14562,0.01823936,0.0000020779
14563,0.00410932,0.0000020751
14564,0.00942407,0.0000020724
14565,0.00122479,0.0000020697
14566,0.01849649,0.0000020669
14567,0.00248654,0.0000020642
14568,0.00139272,0.0000020615
14569,0.01186294,0.0000020588
14570,0.00213465,0.0000020561
14571,0.00164263,0.0000020533
14572,0.02571207,0.0000020506
14573,0.00159944,0.0000020479
14574,0.00358175,0.0000020452
14575,0.01034032,0.0000020425
14576,0.01033037,0.0000020398
14577,0.00281344,0.0000020371
14578,0.00462108,0.0000020344
14579,0.00424397,0.0000020317
14580,0.00302565,0.0000020290
14581,0.00212024,0.0000020263
14582,0.00265691,0.0000020236
14583,0.00300098,0.0000020209
14584,0.00226286,0.0000020182
14585,0.00269148,0.0000020155
14586,0.00374586,0.0000020128
14587,0.00307848,0.0000020101
14588,0.00197314,0.0000020074
14589,0.00400060,0.0000020048
14590,0.00228753,0.0000020021
14591,0.00519755,0.0000019994
14592,0.00204257,0.0000019967
14593,0.12268036,0.0000019940
14594,0.00192054,0.0000019914
14595,0.00349675,0.0000019887
14596,0.00213876,0.0000019860
14597,0.00361859,0.0000019834
14598,0.00410130,0.0000019807
14599,0.03486470,0.0000019780
14600,0.00260072,0.0000019754
14601,0.00290009,0.0000019727
14602,0.02550026,0.0000019700
14603,0.01408479,0.0000019674
14604,0.00128717,0.0000019647
14605,0.00127370,0.0000019621
14606,0.00236162,0.0000019594
14607,0.35993883,0.0000019568
14608,0.00296544,0.0000019541
14609,0.00151976,0.0000019515
14610,0.00233083,0.0000019488
14611,0.00195246,0.0000019462
14612,0.00261025,0.0000019435
14613,0.00325567,0.0000019409
14614,0.00651966,0.0000019383
14615,0.00346753,0.0000019356
14616,0.00458480,0.0000019330
14617,0.00127158,0.0000019304
14618,0.00616255,0.0000019277
14619,0.00226205,0.0000019251
14620,0.00113368,0.0000019225
14621,0.14247830,0.0000019199
14622,0.00977947,0.0000019172
14623,0.00386941,0.0000019146
14624,0.00263849,0.0000019120
14625,0.00175870,0.0000019094
14626,0.00228351,0.0000019068
14627,0.00419515,0.0000019042
14628,0.00154038,0.0000019015
14629,0.00268723,0.0000018989
14630,0.00132111,0.0000018963
14631,0.00366085,0.0000018937
14632,0.00225089,0.0000018911
14633,0.00445812,0.0000018885
14634,0.00438360,0.0000018859
14635,0.00389834,0.0000018833
14636,0.00108651,0.0000018807
14637,0.00163236,0.0000018781
14638,0.00531206,0.0000018755
14639,0.00296505,0.0000018729
14640,0.00340084,0.0000018704
14641,0.00394137,0.0000018678
14642,0.00384131,0.0000018652
14643,0.00222348,0.0000018626
14644,0.00231371,0.0000018600
14645,0.00277114,0.0000018574
14646,0.00322847,0.0000018549
14647,0.00231211,0.0000018523
14648,0.08318513,0.0000018497
14649,0.00696241,0.0000018471
14650,0.00538682,0.0000018446
14651,0.00232672,0.0000018420
14652,0.00158219,0.0000018394
14653,0.00196456,0.0000018369
14654,0.00163948,0.0000018343
14655,0.00527026,0.0000018317
14656,0.00342440,0.0000018292
14657,0.00247160,0.0000018266
14658,0.00179781,0.0000018241
14659,0.00181326,0.0000018215
14660,0.00274572,0.0000018190
14661,0.00141076,0.0000018164
14662,0.00383112,0.0000018139
14663,0.00189674,0.0000018113
14664,0.00281386,0.0000018088
14665,0.06127384,0.0000018062
14666,0.00423056,0.0000018037
14667,0.00222951,0.0000018012
14668,0.00409331,0.0000017986
14669,0.02009111,0.0000017961
14670,0.01116277,0.0000017936
14671,0.00232747,0.0000017910
14672,0.00701431,0.0000017885
14673,0.01013205,0.0000017860
14674,0.00918790,0.0000017834
14675,0.00327712,0.0000017809
14676,0.00334970,0.0000017784
14677,0.00345294,0.0000017759
14678,0.00330445,0.0000017734
14679,0.02160829,0.0000017708
14680,0.01719392,0.0000017683
14681,0.00310396,0.0000017658
14682,0.36039859,0.0000017633
14683,0.01333458,0.0000017608
14684,0.00264355,0.0000017583
14685,0.00587788,0.0000017558
14686,0.00185198,0.0000017533
14687,0.00204357,0.0000017508
14688,0.12164307,0.0000017483
14689,0.00194940,0.0000017458
14690,0.00065146,0.0000017433
14691,0.00271292,0.0000017408
14692,0.00315463,0.0000017383
14693,0.00235971,0.0000017358
14694,0.00166688,0.0000017333
14695,0.00179032,0.0000017308
14696,0.00351633,0.0000017283
14697,0.00207935,0.0000017259
14698,0.00267384,0.0000017234
14699,0.00719064,0.0000017209
14700,0.00379785,0.0000017184
14701,0.00360301,0.0000017159
14702,0.00580984,0.0000017135
14703,0.00363814,0.0000017110
14704,0.00207930,0.0000017085
14705,0.04992443,0.0000017061
14706,0.00186972,0.0000017036
14707,0.00357948,0.0000017011
14708,0.00376440,0.0000016987
14709,0.00308227,0.0000016962
14710,0.00346645,0.0000016938
14711,0.00345891,0.0000016913
14712,0.00211546,0.0000016888
14713,0.00312523,0.0000016864
14714,0.00241063,0.0000016839
14715,0.00450784,0.0000016815
14716,0.00306776,0.0000016790
14717,0.00265183,0.0000016766
14718,0.00266191,0.0000016742
14719,0.00468045,0.0000016717
14720,0.00740901,0.0000016693
14721,0.00420058,0.0000016668
14722,0.02438218,0.0000016644
14723,0.00200010,0.0000016620
14724,0.03399656,0.0000016595
14725,0.00062377,0.0000016571
14726,0.00286588,0.0000016547
14727,0.00758424,0.0000016522
14728,0.00335825,0.0000016498
14729,0.00638081,0.0000016474
14730,0.00363439,0.0000016450
14731,0.00227843,0.0000016426
14732,0.00169723,0.0000016401
14733,0.00157605,0.0000016377
14734,0.00345712,0.0000016353
14735,0.00214173,0.0000016329
14736,0.00224862,0.0000016305
14737,0.00103661,0.0000016281
14738,0.00135802,0.0000016257
14739,0.00250448,0.0000016233
14740,0.00357318,0.0000016209
14741,0.03539919,0.0000016185
14742,0.00188245,0.0000016161
14743,0.00335473,0.0000016137
14744,0.00154241,0.0000016113
14745,0.00396863,0.0000016089
14746,0.12249056,0.0000016065
14747,0.00223673,0.0000016041
14748,0.00463186,0.0000016017
14749,0.00236242,0.0000015993
14750,0.00103922,0.0000015969
14751,0.00192837,0.0000015946
14752,0.00186633,0.0000015922
14753,0.06171330,0.0000015898
14754,0.00210255,0.0000015874
14755,0.00326959,0.0000015850
14756,0.00326012,0.0000015827
14757,0.00234269,0.0000015803
14758,0.05004220,0.0000015779
14759,0.00270726,0.0000015756
14760,0.00320667,0.0000015732
14761,0.00217510,0.0000015708
14762,0.00339928,0.0000015685
14763,0.00326866,0.0000015661
14764,0.00303737,0.0000015638
14765,0.00224246,0.0000015614
14766,0.00150016,0.0000015590
14767,0.00192276,0.0000015567
14768,0.00389108,0.0000015543
14769,0.00197698,0.0000015520
14770,0.00318848,0.0000015497
14771,0.00599151,0.0000015473
14772,0.00191630,0.0000015450
14773,0.00383290,0.0000015426
14774,0.00491488,0.0000015403
14775,0.00315231,0.0000015379
14776,0.00252606,0.0000015356
14777,0.00162079,0.0000015333
14778,0.00253055,0.0000015309
14779,0.00307153,0.0000015286
14780,0.00224110,0.0000015263
14781,0.00309431,0.0000015240
14782,0.00176126,0.0000015216
14783,0.00313679,0.0000015193
14784,0.02498600,0.0000015170
14785,0.00886089,0.0000015147
14786,0.00789877,0.0000015124
14787,0.00153842,0.0000015100
14788,0.00366835,0.0000015077
14789,0.00542007,0.0000015054
14790,0.01962837,0.0000015031
14791,0.00157605,0.0000015008
14792,0.00469871,0.0000014985
14793,0.00293910,0.0000014962
14794,0.00323830,0.0000014939
14795,0.00237900,0.0000014916
14796,0.00448227,0.0000014893
14797,0.00620536,0.0000014870
14798,0.02179945,0.0000014847
14799,0.00302132,0.0000014824
14800,0.02104053,0.0000014801
14801,0.08330099,0.0000014778
14802,0.00287910,0.0000014755
14803,0.00384012,0.0000014733
14804,0.00625830,0.0000014710
14805,0.00333738,0.0000014687
14806,0.00429329,0.0000014664
14807,0.00246052,0.0000014641
14808,0.00240956,0.0000014619
14809,0.00180136,0.0000014596
14810,0.00282950,0.0000014573
14811,0.36506382,0.0000014551
14812,0.00305046,0.0000014528
14813,0.00251783,0.0000014505
14814,0.00204470,0.0000014483
14815,0.00201877,0.0000014460
14816,0.00870161,0.0000014437
14817,0.01150769,0.0000014415
14818,0.01752271,0.0000014392
14819,0.00097016,0.0000014370
14820,0.00122471,0.0000014347
14821,0.00222310,0.0000014325
14822,0.00243714,0.0000014302
14823,0.00301972,0.0000014280
14824,0.00229157,0.0000014257
14825,0.00772545,0.0000014235
14826,0.00510502,0.0000014212
14827,0.00198703,0.0000014190
14828,0.00378370,0.0000014167
14829,0.00525799,0.0000014145
14830,0.00276458,0.0000014123
14831,0.00350771,0.0000014100
14832,0.00941812,0.0000014078
14833,0.03380308,0.0000014056
14834,0.00389303,0.0000014034
14835,0.02041932,0.0000014011
14836,0.00259029,0.0000013989
14837,0.00225828,0.0000013967
14838,0.00670208,0.0000013945
14839,0.00415612,0.0000013923
14840,0.05117342,0.0000013900
14841,0.00145079,0.0000013878
14842,0.00281411,0.0000013856
14843,0.06183065,0.0000013834
14844,0.00322431,0.0000013812
14845,0.00746040,0.0000013790
14846,0.00217033,0.0000013768
14847,0.00496100,0.0000013746
14848,0.00167307,0.0000013724
14849,0.00451588,0.0000013702
14850,0.00285053,0.0000013680
14851,0.00249217,0.0000013658
14852,0.01371629,0.0000013636
14853,0.00791568,0.0000013614
14854,0.00216069,0.0000013592
14855,0.12312409,0.0000013570
14856,0.00411536,0.0000013548
14857,0.00239300,0.0000013527
14858,0.00296893,0.0000013505
14859,0.00316520,0.0000013483
14860,0.00439881,0.0000013461
14861,0.02124611,0.0000013439
14862,0.00204760,0.0000013418
14863,0.00201479,0.0000013396
14864,0.00389889,0.0000013374
14865,0.00228690,0.0000013353
14866,0.00410444,0.0000013331
14867,0.00357073,0.0000013309
14868,0.00092442,0.0000013288
14869,0.00070078,0.0000013266
14870,0.00330859,0.0000013244
14871,0.00690793,0.0000013223
14872,0.00364399,0.0000013201
14873,0.00232110,0.0000013180
14874,0.00252811,0.0000013158
14875,0.00042243,0.0000013137
14876,0.00223362,0.0000013115
14877,0.00207571,0.0000013094
14878,0.00283486,0.0000013072
14879,0.00295653,0.0000013051
14880,0.01094974,0.0000013030
14881,0.00155418,0.0000013008
14882,0.00263272,0.0000012987
14883,0.00246051,0.0000012965
14884,0.00130222,0.0000012944
14885,0.00331585,0.0000012923
14886,0.00163469,0.0000012902
14887,0.08317792,0.0000012880
14888,0.00432180,0.0000012859
14889,0.00474225,0.0000012838
14890,0.00240828,0.0000012817
14891,0.00341633,0.0000012795
14892,0.00312755,0.0000012774
14893,0.00056796,0.0000012753
14894,0.00335442,0.0000012732
14895,0.00436132,0.0000012711
14896,0.00201642,0.0000012690
14897,0.00280449,0.0000012669
14898,0.01690314,0.0000012648
14899,0.00219094,0.0000012626
14900,0.00344407,0.0000012605
14901,0.00610546,0.0000012584
14902,0.00307189,0.0000012563
14903,0.00339114,0.0000012542
14904,0.00238955,0.0000012522
14905,0.00197072,0.0000012501
14906,0.00269559,0.0000012480
14907,0.00387209,0.0000012459
14908,0.00291249,0.0000012438
14909,0.02859540,0.0000012417
14910,0.00099282,0.0000012396
14911,0.36018795,0.0000012375
14912,0.00104261,0.0000012355
14913,0.00324590,0.0000012334
14914,0.00280438,0.0000012313
14915,0.01028542,0.0000012292
14916,0.00150062,0.0000012272
14917,0.00756164,0.0000012251
14918,0.00779725,0.0000012230
14919,0.00152004,0.0000012209
14920,0.00196885,0.0000012189
14921,0.01988296,0.0000012168
14922,0.00250786,0.0000012148
14923,0.00254182,0.0000012127
14924,0.00251484,0.0000012106
14925,0.02177704,0.0000012086
14926,0.01885199,0.0000012065
14927,0.00238408,0.0000012045
14928,0.00284609,0.0000012024
14929,0.00297593,0.0000012004
14930,0.00644505,0.0000011983
14931,0.00401976,0.0000011963
14932,0.00195620,0.0000011942
14933,0.00603627,0.0000011922
14934,0.00555568,0.0000011902
14935,0.00339238,0.0000011881
14936,0.00779681,0.0000011861
14937,0.00277249,0.0000011841
14938,0.00483466,0.0000011820
14939,0.00178823,0.0000011800
14940,0.00424703,0.0000011780
14941,0.00293227,0.0000011759
14942,0.00188165,0.0000011739
14943,0.00336683,0.0000011719
14944,0.00915259,0.0000011699
14945,0.00875164,0.0000011679
14946,0.00246752,0.0000011658
14947,0.00535879,0.0000011638
14948,0.00127630,0.0000011618
14949,0.00189354,0.0000011598
14950,0.00267043,0.0000011578
14951,0.00114690,0.0000011558
14952,0.00609012,0.0000011538
14953,0.00128100,0.0000011518
14954,0.03426864,0.0000011498
14955,0.00198765,0.0000011478
14956,0.00426164,0.0000011458
14957,0.02389676,0.0000011438
14958,0.00149278,0.0000011418
14959,0.00261934,0.0000011398
14960,0.00160947,0.0000011378
14961,0.00111650,0.0000011358
14962,0.00216053,0.0000011338
14963,0.00423198,0.0000011319
14964,0.00392715,0.0000011299
14965,0.00999375,0.0000011279
14966,0.12243776,0.0000011259
14967,0.00234317,0.0000011239
14968,0.36007640,0.0000011220
14969,0.00282919,0.0000011200
14970,0.01319836,0.0000011180
14971,0.00221499,0.0000011161
14972,0.00190846,0.0000011141
14973,0.00275236,0.0000011121
14974,0.00528113,0.0000011102
14975,0.00341105,0.0000011082
14976,0.06084707,0.0000011062
14977,0.00177019,0.0000011043
14978,0.00137314,0.0000011023
14979,0.08333194,0.0000011004
14980,0.00230495,0.0000010984
14981,0.00214145,0.0000010965
14982,0.00194869,0.0000010945
14983,0.00416433,0.0000010926
14984,0.00433932,0.0000010906
14985,0.00260520,0.0000010887
14986,0.00351377,0.0000010867
14987,0.00499814,0.0000010848
14988,0.00319371,0.0000010829
14989,0.00363801,0.0000010809
14990,0.00872035,0.0000010790
14991,0.00218021,0.0000010771
14992,0.00377457,0.0000010751
14993,0.00381661,0.0000010732
14994,0.00202601,0.0000010713
14995,0.00297686,0.0000010694
14996,0.00331747,0.0000010674
14997,0.00289936,0.0000010655
14998,0.00212109,0.0000010636
14999,0.00184669,0.0000010617
15000,0.00259827,0.0000010598
15001,0.00297647,0.0000010579
15002,0.00093253,0.0000010560
15003,0.00147602,0.0000010540
15004,0.00211995,0.0000010521
15005,0.00300895,0.0000010502
15006,0.00869962,0.0000010483
15007,0.00330093,0.0000010464
15008,0.00108203,0.0000010445
15009,0.00244893,0.0000010426
15010,0.08005797,0.0000010407
15011,0.00381820,0.0000010388
15012,0.00338645,0.0000010370
15013,0.01976059,0.0000010351
15014,0.00217437,0.0000010332
15015,0.00309753,0.0000010313
15016,0.00150152,0.0000010294
15017,0.00103155,0.0000010275
15018,0.00219182,0.0000010256
15019,0.00303147,0.0000010238
15020,0.00304989,0.0000010219
15021,0.00222886,0.0000010200
15022,0.36049068,0.0000010181
15023,0.00073293,0.0000010163
15024,0.00266213,0.0000010144
15025,0.00349069,0.0000010125
15026,0.00167489,0.0000010107
15027,0.00358681,0.0000010088
15028,0.00428814,0.0000010069
15029,0.00490513,0.0000010051
15030,0.00263478,0.0000010032
15031,0.00292499,0.0000010014
15032,0.00347511,0.0000009995
15033,0.00237786,0.0000009977
15034,0.01264941,0.0000009958
15035,0.00206215,0.0000009940
15036,0.00133921,0.0000009921
15037,0.00333268,0.0000009903
15038,0.00234633,0.0000009884
15039,0.00350015,0.0000009866
15040,0.00250138,0.0000009848
15041,0.12373472,0.0000009829
15042,0.01115624,0.0000009811
15043,0.00199704,0.0000009792
15044,0.00655029,0.0000009774
15045,0.00342597,0.0000009756
15046,0.00067361,0.0000009738
15047,0.00204702,0.0000009719
15048,0.00275168,0.0000009701
15049,0.00897947,0.0000009683
15050,0.00336110,0.0000009665
15051,0.00753813,0.0000009647
15052,0.00256677,0.0000009628
15053,0.00352316,0.0000009610
15054,0.00368387,0.0000009592
15055,0.05996603,0.0000009574
15056,0.00200749,0.0000009556
15057,0.00305387,0.0000009538
15058,0.02306607,0.0000009520
15059,0.00318046,0.0000009502
15060,0.00250604,0.0000009484
15061,0.00341368,0.0000009466
15062,0.06011498,0.0000009448
15063,0.00231083,0.0000009430
15064,0.00260437,0.0000009412
15065,0.00306303,0.0000009394
15066,0.00355290,0.0000009376
15067,0.00536184,0.0000009358
15068,0.00306924,0.0000009340
15069,0.00311767,0.0000009323
15070,0.00418581,0.0000009305
15071,0.00148482,0.0000009287
15072,0.00152471,0.0000009269
15073,0.00310549,0.0000009251
15074,0.00837140,0.0000009234
15075,0.00347954,0.0000009216
15076,0.00203882,0.0000009198
15077,0.00279144,0.0000009180
15078,0.08377676,0.0000009163
15079,0.00382434,0.0000009145
15080,0.00157442,0.0000009128
15081,0.00327130,0.0000009110
15082,0.00240074,0.0000009092
15083,0.00115561,0.0000009075
15084,0.00350897,0.0000009057
15085,0.00217841,0.0000009040
15086,0.03794690,0.0000009022
15087,0.00101883,0.0000009005
15088,0.00115473,0.0000008987
15089,0.00772587,0.0000008970
15090,0.00351956,0.0000008952
15091,0.00257594,0.0000008935
15092,0.00292777,0.0000008917
15093,0.00253385,0.0000008900
15094,0.02033101,0.0000008883
15095,0.00249743,0.0000008865
15096,0.00534615,0.0000008848
15097,0.00844389,0.0000008831
15098,0.00257063,0.0000008813
15099,0.00409826,0.0000008796
15100,0.00272382,0.0000008779
15101,0.00090310,0.0000008762
15102,0.01986575,0.0000008744
15103,0.00474263,0.0000008727
15104,0.00394444,0.0000008710
15105,0.00333732,0.0000008693
15106,0.00226807,0.0000008676
15107,0.00369281,0.0000008659
15108,0.02242128,0.0000008642
15109,0.00177917,0.0000008625
15110,0.00447575,0.0000008607
15111,0.00212116,0.0000008590
15112,0.00152650,0.0000008573
15113,0.00255038,0.0000008556
15114,0.00229005,0.0000008539
15115,0.01115168,0.0000008522
15116,0.00280291,0.0000008505
15117,0.00488234,0.0000008489
15118,0.00541613,0.0000008472
15119,0.00157312,0.0000008455
15120,0.00255239,0.0000008438
15121,0.01153601,0.0000008421
15122,0.00237944,0.0000008404
15123,0.00294335,0.0000008387
15124,0.00166656,0.0000008371
15125,0.00589812,0.0000008354
15126,0.00187550,0.0000008337
15127,0.02244614,0.0000008320
15128,0.00695325,0.0000008304
15129,0.00120455,0.0000008287
15130,0.00183389,0.0000008270
15131,0.00729568,0.0000008254
15132,0.00337509,0.0000008237
15133,0.00174423,0.0000008220
15134,0.05221690,0.0000008204
15135,0.00267763,0.0000008187
15136,0.00481193,0.0000008171
15137,0.00295287,0.0000008154
15138,0.00351736,0.0000008137
15139,0.00421742,0.0000008121
15140,0.00222161,0.0000008104
15141,0.00186452,0.0000008088
15142,0.00297711,0.0000008072
15143,0.00303882,0.0000008055
15144,0.00293074,0.0000008039
15145,0.00174683,0.0000008022
15146,0.00624429,0.0000008006
15147,0.00170262,0.0000007990
15148,0.00168718,0.0000007973
15149,0.00299751,0.0000007957
15150,0.00405279,0.0000007941
15151,0.00328335,0.0000007924
15152,0.00473256,0.0000007908
15153,0.00220957,0.0000007892
15154,0.00339995,0.0000007876
15155,0.00245024,0.0000007859
15156,0.00223423,0.0000007843
15157,0.00397153,0.0000007827
15158,0.00689553,0.0000007811
15159,0.00112926,0.0000007795
15160,0.00312004,0.0000007779
15161,0.00260162,0.0000007762
15162,0.06068949,0.0000007746
15163,0.03390064,0.0000007730
15164,0.00311482,0.0000007714
15165,0.08150196,0.0000007698
15166,0.00885896,0.0000007682
15167,0.00411078,0.0000007666
15168,0.00146000,0.0000007650
15169,0.00247549,0.0000007634
15170,0.00339157,0.0000007619
15171,0.01742829,0.0000007603
15172,0.00356483,0.0000007587
15173,0.00233517,0.0000007571
15174,0.01894904,0.0000007555
15175,0.00378820,0.0000007539
15176,0.00844818,0.0000007523
15177,0.02348336,0.0000007508
15178,0.00200225,0.0000007492
15179,0.00282591,0.0000007476
15180,0.00263248,0.0000007460
15181,0.00418365,0.0000007445
15182,0.00310628,0.0000007429
15183,0.00408930,0.0000007413
15184,0.00186803,0.0000007398
15185,0.00156580,0.0000007382
15186,0.00138238,0.0000007366
15187,0.00294873,0.0000007351
15188,0.00235696,0.0000007335
15189,0.00532711,0.0000007320
15190,0.00302187,0.0000007304
15191,0.00141847,0.0000007289
15192,0.36298043,0.0000007273
15193,0.12262838,0.0000007258
15194,0.00063877,0.0000007242
15195,0.00170894,0.0000007227
15196,0.00325783,0.0000007211
15197,0.00194932,0.0000007196
15198,0.00097124,0.0000007180
15199,0.00126331,0.0000007165
15200,0.00328038,0.0000007150
15201,0.00353483,0.0000007134
15202,0.00253288,0.0000007119
15203,0.00291774,0.0000007104
15204,0.00443451,0.0000007088
15205,0.00267104,0.0000007073
15206,0.00219620,0.0000007058
15207,0.02320298,0.0000007043
15208,0.00314491,0.0000007028
15209,0.00298469,0.0000007012
15210,0.00194448,0.0000006997
15211,0.00300520,0.0000006982
15212,0.00192239,0.0000006967
15213,0.00228190,0.0000006952
15214,0.00306052,0.0000006937
15215,0.00171877,0.0000006922
15216,0.01976961,0.0000006907
15217,0.00419254,0.0000006892
15218,0.00166842,0.0000006877
15219,0.00249733,0.0000006862
15220,0.00119526,0.0000006847
15221,0.01074613,0.0000006832
15222,0.00279650,0.0000006817
15223,0.00756658,0.0000006802
15224,0.00366841,0.0000006787
15225,0.01373428,0.0000006772
15226,0.00356551,0.0000006757
15227,0.00233345,0.0000006742
15228,0.00123699,0.0000006728
15229,0.00211206,0.0000006713
15230,0.00489454,0.0000006698
15231,0.00287170,0.0000006683
15232,0.01138380,0.0000006668
15233,0.00319543,0.0000006654
15234,0.00276577,0.0000006639
15235,0.00282498,0.0000006624
15236,0.00265120,0.0000006610
15237,0.00355665,0.0000006595
15238,0.00336405,0.0000006580
15239,0.00203543,0.0000006566
15240,0.03605855,0.0000006551
15241,0.00202171,0.0000006537
15242,0.00220295,0.0000006522
15243,0.00343355,0.0000006508
15244,0.12215563,0.0000006493
15245,0.00379129,0.0000006479
15246,0.00389640,0.0000006464
15247,0.00247375,0.0000006450
15248,0.00562256,0.0000006435
15249,0.00105702,0.0000006421
15250,0.00282213,0.0000006406
15251,0.00395036,0.0000006392
15252,0.00470401,0.0000006378
15253,0.00597992,0.0000006363
15254,0.00416490,0.0000006349
15255,0.01708476,0.0000006335
15256,0.00293858,0.0000006320
15257,0.00281085,0.0000006306
15258,0.00256080,0.0000006292
15259,0.00085451,0.0000006278
15260,0.00252258,0.0000006263
15261,0.36047474,0.0000006249
15262,0.00842326,0.0000006235
15263,0.00288126,0.0000006221
15264,0.00188012,0.0000006207
15265,0.00270688,0.0000006193
15266,0.00167835,0.0000006179
15267,0.06033349,0.0000006164
15268,0.00370638,0.0000006150
15269,0.08510923,0.0000006136
15270,0.00295564,0.0000006122
15271,0.00110144,0.0000006108
15272,0.00171068,0.0000006094
15273,0.00275410,0.0000006080
15274,0.00217571,0.0000006066
15275,0.01292626,0.0000006053
15276,0.00270688,0.0000006039
15277,0.00186358,0.0000006025
15278,0.00355801,0.0000006011
15279,0.00576279,0.0000005997
15280,0.00798751,0.0000005983
15281,0.00248735,0.0000005969
15282,0.00277426,0.0000005956
15283,0.00323022,0.0000005942
15284,0.00144756,0.0000005928
15285,0.00086266,0.0000005914
15286,0.00323076,0.0000005901
15287,0.00277933,0.0000005887
15288,0.00291308,0.0000005873
15289,0.04943007,0.0000005860
15290,0.00270928,0.0000005846
15291,0.02374732,0.0000005832
15292,0.00834304,0.0000005819
15293,0.00220556,0.0000005805
15294,0.00268131,0.0000005792
15295,0.00218682,0.0000005778
15296,0.00411589,0.0000005765
15297,0.00175616,0.0000005751
15298,0.00315465,0.0000005738
15299,0.00264247,0.0000005724
15300,0.00294248,0.0000005711
15301,0.01077920,0.0000005697
15302,0.00157915,0.0000005684
15303,0.05019943,0.0000005670
15304,0.00303005,0.0000005657
15305,0.00351743,0.0000005644
15306,0.01147182,0.0000005630
15307,0.05984120,0.0000005617
15308,0.00266158,0.0000005604
15309,0.00682835,0.0000005590
15310,0.00237576,0.0000005577
15311,0.00165768,0.0000005564
15312,0.00317930,0.0000005551
15313,0.00345231,0.0000005538
15314,0.00192593,0.0000005524
15315,0.00562837,0.0000005511
15316,0.00310846,0.0000005498
15317,0.00105676,0.0000005485
15318,0.00221072,0.0000005472
15319,0.00187825,0.0000005459
15320,0.00260594,0.0000005446
15321,0.00691024,0.0000005433
15322,0.00210869,0.0000005420
15323,0.02070873,0.0000005407
15324,0.00326536,0.0000005394
15325,0.00542531,0.0000005381
15326,0.08331490,0.0000005368
15327,0.00216340,0.0000005355
15328,0.00405612,0.0000005342
15329,0.00191091,0.0000005329
15330,0.00283930,0.0000005316
15331,0.00277079,0.0000005303
15332,0.00189422,0.0000005290
15333,0.00394066,0.0000005278
15334,0.00360203,0.0000005265
15335,0.00989705,0.0000005252
15336,0.00237037,0.0000005239
15337,0.00687258,0.0000005226
15338,0.02304372,0.0000005214
15339,0.00189908,0.0000005201
15340,0.00328203,0.0000005188
15341,0.01704095,0.0000005176
15342,0.00547507,0.0000005163
15343,0.00195535,0.0000005150
15344,0.00129405,0.0000005138
15345,0.00250837,0.0000005125
15346,0.00319740,0.0000005113
15347,0.00209395,0.0000005100
15348,0.00366195,0.0000005088
15349,0.00196574,0.0000005075
15350,0.00183049,0.0000005063
15351,0.00284536,0.0000005050
15352,0.03363340,0.0000005038
15353,0.00108446,0.0000005025
15354,0.00851872,0.0000005013
15355,0.00289079,0.0000005000
15356,0.00289321,0.0000004988
15357,0.00228053,0.0000004976
15358,0.00189673,0.0000004963
15359,0.00254800,0.0000004951
15360,0.00483832,0.0000004939
15361,0.00247556,0.0000004926
15362,0.00988697,0.0000004914
15363,0.00178569,0.0000004902
15364,0.00383222,0.0000004890
15365,0.00286531,0.0000004877
15366,0.00266101,0.0000004865
15367,0.00251093,0.0000004853
15368,0.01377467,0.0000004841
15369,0.00053996,0.0000004829
15370,0.00185255,0.0000004817
15371,0.00262025,0.0000004805
15372,0.12363771,0.0000004793
15373,0.00169174,0.0000004781
15374,0.00262409,0.0000004768
15375,0.00177642,0.0000004756
15376,0.00592499,0.0000004744
15377,0.00669439,0.0000004732
15378,0.00203695,0.0000004721
15379,0.00379805,0.0000004709
15380,0.00907178,0.0000004697
15381,0.00369990,0.0000004685
15382,0.00195777,0.0000004673
15383,0.37970707,0.0000004661
15384,0.00173841,0.0000004649
15385,0.00368879,0.0000004637
15386,0.00122962,0.0000004626
15387,0.00256234,0.0000004614
15388,0.00433178,0.0000004602
15389,0.00139258,0.0000004590
15390,0.00234888,0.0000004579
15391,0.00163970,0.0000004567
15392,0.06067264,0.0000004555
15393,0.00245083,0.0000004543
15394,0.00463943,0.0000004532
15395,0.00281096,0.0000004520
15396,0.00281214,0.0000004509
15397,0.00226344,0.0000004497
15398,0.01439351,0.0000004485
15399,0.00259796,0.0000004474
15400,0.00577928,0.0000004462
15401,0.00366902,0.0000004451
15402,0.12305328,0.0000004439
15403,0.00232086,0.0000004428
15404,0.00649025,0.0000004416
15405,0.00323325,0.0000004405
15406,0.00471211,0.0000004393
15407,0.00365922,0.0000004382
15408,0.00192703,0.0000004371
15409,0.01232027,0.0000004359
15410,0.00274135,0.0000004348
15411,0.01811025,0.0000004337
15412,0.00191697,0.0000004325
15413,0.00125730,0.0000004314
15414,0.00496076,0.0000004303
15415,0.00126158,0.0000004292
15416,0.36050957,0.0000004280
15417,0.00202439,0.0000004269
15418,0.00213389,0.0000004258
15419,0.00337206,0.0000004247
15420,0.00333269,0.0000004236
15421,0.00245972,0.0000004224
15422,0.01018444,0.0000004213
15423,0.00257622,0.0000004202
15424,0.00909773,0.0000004191
15425,0.00266257,0.0000004180
15426,0.00540255,0.0000004169
15427,0.00538474,0.0000004158
15428,0.01730461,0.0000004147
15429,0.00348867,0.0000004136
15430,0.00481411,0.0000004125
15431,0.00294788,0.0000004114
15432,0.00250460,0.0000004103
15433,0.00241600,0.0000004092
15434,0.00379491,0.0000004081
15435,0.00183433,0.0000004071
15436,0.00203490,0.0000004060
15437,0.00259528,0.0000004049
15438,0.00270373,0.0000004038
15439,0.00221972,0.0000004027
15440,0.00118369,0.0000004017
15441,0.00205368,0.0000004006
15442,0.00070297,0.0000003995
15443,0.00448436,0.0000003984
15444,0.00712245,0.0000003974
15445,0.00424612,0.0000003963
15446,0.00172541,0.0000003952
15447,0.00254819,0.0000003942
15448,0.00619889,0.0000003931
15449,0.00317575,0.0000003920
15450,0.00137607,0.0000003910
15451,0.08901508,0.0000003899
15452,0.00116895,0.0000003889
15453,0.00193291,0.0000003878
15454,0.00264224,0.0000003868
15455,0.02110470,0.0000003857
15456,0.00587821,0.0000003847
15457,0.00251636,0.0000003836
15458,0.00172389,0.0000003826
15459,0.00208624,0.0000003815
15460,0.00201583,0.0000003805
15461,0.00235140,0.0000003795
15462,0.00365465,0.0000003784
15463,0.00064181,0.0000003774
15464,0.00120259,0.0000003764
15465,0.00261854,0.0000003753
15466,0.05021410,0.0000003743
15467,0.00490012,0.0000003733
15468,0.03332426,0.0000003723
15469,0.00155133,0.0000003712
15470,0.00266132,0.0000003702
15471,0.00379338,0.0000003692
15472,0.00260206,0.0000003682
15473,0.00404953,0.0000003672
15474,0.00206073,0.0000003662
15475,0.00619610,0.0000003652
15476,0.00333740,0.0000003641
15477,0.00225124,0.0000003631
15478,0.01060830,0.0000003621
15479,0.00346235,0.0000003611
15480,0.00380787,0.0000003601
15481,0.00295538,0.0000003591
15482,0.02588517,0.0000003581
15483,0.00240457,0.0000003571
15484,0.00228577,0.0000003561
15485,0.00148825,0.0000003552
15486,0.00273960,0.0000003542
15487,0.00685378,0.0000003532
15488,0.36156258,0.0000003522
15489,0.00122070,0.0000003512
15490,0.03828076,0.0000003502
15491,0.13372922,0.0000003493
15492,0.00450915,0.0000003483
15493,0.01154242,0.0000003473
15494,0.00302681,0.0000003463
15495,0.00568848,0.0000003454
15496,0.00262422,0.0000003444
15497,0.00305874,0.0000003434
15498,0.00112223,0.0000003424
15499,0.00391675,0.0000003415
15500,0.00177073,0.0000003405
15501,0.00195898,0.0000003396
15502,0.00257693,0.0000003386
15503,0.00074959,0.0000003376
15504,0.01314667,0.0000003367
15505,0.00304548,0.0000003357
15506,0.00432501,0.0000003348
15507,0.00145829,0.0000003338
15508,0.00337325,0.0000003329
15509,0.00334939,0.0000003319
15510,0.00197430,0.0000003310
15511,0.00230791,0.0000003301
15512,0.00325924,0.0000003291
15513,0.00190593,0.0000003282
15514,0.00798439,0.0000003273
15515,0.00252111,0.0000003263
15516,0.00098978,0.0000003254
15517,0.00234187,0.0000003245
15518,0.00359590,0.0000003235
15519,0.00341349,0.0000003226
15520,0.00434722,0.0000003217
15521,0.00325557,0.0000003208
15522,0.00324325,0.0000003198
15523,0.00207585,0.0000003189
15524,0.00368908,0.0000003180
15525,0.00097161,0.0000003171
15526,0.00109016,0.0000003162
15527,0.00690376,0.0000003153
15528,0.05069787,0.0000003144
15529,0.00384772,0.0000003135
15530,0.00742627,0.0000003125
15531,0.00302062,0.0000003116
15532,0.00219706,0.0000003107
15533,0.00324804,0.0000003098
15534,0.00255704,0.0000003089
15535,0.00347031,0.0000003081
15536,0.00310311,0.0000003072
15537,0.00255026,0.0000003063
15538,0.00222093,0.0000003054
15539,0.00363748,0.0000003045
15540,0.00478137,0.0000003036
15541,0.00183456,0.0000003027
15542,0.00342571,0.0000003018
15543,0.00265422,0.0000003010
15544,0.00270693,0.0000003001
15545,0.00507708,0.0000002992
15546,0.02504904,0.0000002983
15547,0.00222310,0.0000002975
15548,0.02002284,0.0000002966
15549,0.00289832,0.0000002957
15550,0.00234506,0.0000002949
15551,0.00158447,0.0000002940
15552,0.00256789,0.0000002931
15553,0.00258088,0.0000002923
15554,0.00354418,0.0000002914
15555,0.00284712,0.0000002906
15556,0.00230122,0.0000002897
15557,0.00277511,0.0000002888
15558,0.00686582,0.0000002880
15559,0.00175492,0.0000002871
15560,0.00307883,0.0000002863
15561,0.00317714,0.0000002854
15562,0.00262670,0.0000002846
15563,0.00216357,0.0000002838
15564,0.00212768,0.0000002829
15565,0.00222729,0.0000002821
15566,0.00405009,0.0000002813
15567,0.00081248,0.0000002804
15568,0.01051402,0.0000002796
15569,0.11312156,0.0000002788
15570,0.00113554,0.0000002779
15571,0.00262961,0.0000002771
15572,0.00185357,0.0000002763
15573,0.00306393,0.0000002755
15574,0.00239298,0.0000002746
15575,0.00673481,0.0000002738
15576,0.06130986,0.0000002730
15577,0.00159185,0.0000002722
15578,0.00393175,0.0000002714
15579,0.00365529,0.0000002706
15580,0.00417966,0.0000002698
15581,0.00190872,0.0000002689
15582,0.00485259,0.0000002681
15583,0.03266595,0.0000002673
15584,0.00082975,0.0000002665
15585,0.00335126,0.0000002657
15586,0.00571047,0.0000002649
15587,0.00219875,0.0000002641
15588,0.01785891,0.0000002634
15589,0.00172211,0.0000002626
15590,0.00191922,0.0000002618
15591,0.00484118,0.0000002610
15592,0.00244600,0.0000002602
15593,0.00330704,0.0000002594
15594,0.02388416,0.0000002586
15595,0.00241709,0.0000002579
15596,0.00243413,0.0000002571
15597,0.00159700,0.0000002563
15598,0.36095139,0.0000002555
15599,0.12321896,0.0000002547
15600,0.00200787,0.0000002540
15601,0.00201472,0.0000002532
15602,0.00168899,0.0000002524
15603,0.08274277,0.0000002517
15604,0.00229613,0.0000002509
15605,0.00163894,0.0000002502
15606,0.00239389,0.0000002494
15607,0.00221796,0.0000002486
15608,0.00718720,0.0000002479
15609,0.00182440,0.0000002471
15610,0.00372142,0.0000002464
15611,0.01940963,0.0000002456
15612,0.00189075,0.0000002449
15613,0.00229824,0.0000002441
15614,0.00872551,0.0000002434
15615,0.00364315,0.0000002427
15616,0.00560695,0.0000002419
15617,0.00109291,0.0000002412
15618,0.00118364,0.0000002404
15619,0.00296224,0.0000002397
15620,0.00126946,0.0000002390
15621,0.00374605,0.0000002382
15622,0.00296948,0.0000002375
15623,0.00087671,0.0000002368
15624,0.00252983,0.0000002361
15625,0.00764092,0.0000002353
15626,0.00163335,0.0000002346
15627,0.00271478,0.0000002339
15628,0.00332095,0.0000002332
15629,0.00237204,0.0000002325
15630,0.00246463,0.0000002318
15631,0.00207929,0.0000002310
15632,0.05128488,0.0000002303
15633,0.00295180,0.0000002296
15634,0.00267195,0.0000002289
15635,0.00453279,0.0000002282
15636,0.00325918,0.0000002275
15637,0.02441971,0.0000002268
15638,0.00310881,0.0000002261
15639,0.00391455,0.0000002254
15640,0.00048184,0.0000002247
15641,0.00924686,0.0000002240
15642,0.00199688,0.0000002234
15643,0.00315214,0.0000002227
15644,0.00224513,0.0000002220
15645,0.00266832,0.0000002213
15646,0.00104212,0.0000002206
15647,0.00552031,0.0000002199
15648,0.00153975,0.0000002193
15649,0.00337230,0.0000002186
15650,0.00301474,0.0000002179
15651,0.01132696,0.0000002172
15652,0.00328140,0.0000002166
15653,0.00283294,0.0000002159
15654,0.00526877,0.0000002152
15655,0.01009292,0.0000002146
15656,0.00362273,0.0000002139
15657,0.00386818,0.0000002132
15658,0.00459677,0.0000002126
15659,0.00275072,0.0000002119
15660,0.01945966,0.0000002113
15661,0.00272744,0.0000002106
15662,0.00277662,0.0000002100
15663,0.00661015,0.0000002093
15664,0.00406048,0.0000002087
15665,0.00121124,0.0000002080
15666,0.00756639,0.0000002074
15667,0.00225432,0.0000002067
15668,0.00468236,0.0000002061
15669,0.00254960,0.0000002055
15670,0.00372604,0.0000002048
15671,0.00267419,0.0000002042
15672,0.06302264,0.0000002036
15673,0.00169854,0.0000002029
15674,0.00191643,0.0000002023
15675,0.00133272,0.0000002017
15676,0.12086577,0.0000002010
15677,0.01762104,0.0000002004
15678,0.00324565,0.0000001998
15679,0.01364297,0.0000001992
15680,0.00209067,0.0000001986
15681,0.00297431,0.0000001980
15682,0.01007475,0.0000001973
15683,0.00210096,0.0000001967
15684,0.01253348,0.0000001961
15685,0.00496252,0.0000001955
15686,0.02193537,0.0000001949
15687,0.00480934,0.0000001943
15688,0.00233276,0.0000001937
15689,0.00197954,0.0000001931
15690,0.00506867,0.0000001925
15691,0.00196133,0.0000001919
15692,0.00293870,0.0000001913
15693,0.00303997,0.0000001907
15694,0.00349861,0.0000001901
15695,0.00260305,0.0000001895
15696,0.00241044,0.0000001890
15697,0.00289070,0.0000001884
15698,0.00096206,0.0000001878
15699,0.00267871,0.0000001872
15700,0.00224376,0.0000001866
15701,0.00222534,0.0000001861
15702,0.00089880,0.0000001855
15703,0.00252774,0.0000001849
15704,0.00305668,0.0000001843
15705,0.00251425,0.0000001838
15706,0.00314894,0.0000001832
15707,0.00344888,0.0000001826
15708,0.03379396,0.0000001821
15709,0.36040172,0.0000001815
15710,0.00543784,0.0000001810
15711,0.00235058,0.0000001804
15712,0.00306053,0.0000001798
15713,0.00774560,0.0000001793
15714,0.01913824,0.0000001787
15715,0.00244781,0.0000001782
15716,0.00607923,0.0000001776
15717,0.00317237,0.0000001771
15718,0.00496016,0.0000001766
15719,0.00188825,0.0000001760
15720,0.01053960,0.0000001755
15721,0.02343678,0.0000001749
15722,0.00051600,0.0000001744
15723,0.00149085,0.0000001739
15724,0.00168753,0.0000001733
15725,0.00232790,0.0000001728
15726,0.00117866,0.0000001723
15727,0.00186249,0.0000001717
15728,0.01074422,0.0000001712
15729,0.00302743,0.0000001707
15730,0.00708761,0.0000001702
15731,0.00874994,0.0000001697
15732,0.00181388,0.0000001691
15733,0.00278048,0.0000001686
15734,0.06174267,0.0000001681
15735,0.00276534,0.0000001676
15736,0.00201008,0.0000001671
15737,0.00152373,0.0000001666
15738,0.01047150,0.0000001661
15739,0.00346707,0.0000001656
15740,0.00361367,0.0000001651
15741,0.00161282,0.0000001646
15742,0.00231770,0.0000001641
15743,0.00278607,0.0000001636
15744,0.00362918,0.0000001631
15745,0.00257387,0.0000001626
15746,0.00220442,0.0000001621
15747,0.05008593,0.0000001616
15748,0.00180201,0.0000001611
15749,0.00251725,0.0000001606
15750,0.00429291,0.0000001602
15751,0.00202034,0.0000001597
15752,0.00355727,0.0000001592
15753,0.00602910,0.0000001587
15754,0.00109784,0.0000001583
15755,0.00264642,0.0000001578
15756,0.00337479,0.0000001573
15757,0.08284429,0.0000001568
15758,0.00127183,0.0000001564
15759,0.00206039,0.0000001559
15760,0.00213636,0.0000001555
15761,0.00312690,0.0000001550
15762,0.00341306,0.0000001545
15763,0.00250252,0.0000001541
15764,0.00311715,0.0000001536
15765,0.00396031,0.0000001532
15766,0.00213186,0.0000001527
15767,0.00281741,0.0000001523
15768,0.00475798,0.0000001518
15769,0.00209158,0.0000001514
15770,0.00435826,0.0000001509
15771,0.00262100,0.0000001505
15772,0.00343404,0.0000001500
15773,0.00847726,0.0000001496
15774,0.00240742,0.0000001492
15775,0.01933698,0.0000001487
15776,0.12446625,0.0000001483
15777,0.00321213,0.0000001479
15778,0.00254294,0.0000001474
15779,0.00385385,0.0000001470
15780,0.00373504,0.0000001466
15781,0.06148892,0.0000001462
15782,0.00615016,0.0000001458
15783,0.07188574,0.0000001453
15784,0.00087057,0.0000001449
15785,0.00299270,0.0000001445
15786,0.00389478,0.0000001441
15787,0.00232876,0.0000001437
15788,0.00324429,0.0000001433
15789,0.00190953,0.0000001429
15790,0.00164349,0.0000001425
15791,0.00196552,0.0000001421
15792,0.00414427,0.0000001417
15793,0.00076130,0.0000001413
15794,0.00323969,0.0000001409
15795,0.00173176,0.0000001405
15796,0.00222169,0.0000001401
15797,0.00298583,0.0000001397
15798,0.00335410,0.0000001393
15799,0.00265836,0.0000001389
15800,0.02184828,0.0000001385
15801,0.00217643,0.0000001381
15802,0.00290955,0.0000001377
15803,0.00167967,0.0000001374
15804,0.00349957,0.0000001370
15805,0.00230178,0.0000001366
15806,0.00353157,0.0000001362
15807,0.00400808,0.0000001359
15808,0.00123103,0.0000001355
15809,0.00157354,0.0000001351
15810,0.00317852,0.0000001348
15811,0.00242442,0.0000001344
15812,0.00282076,0.0000001340
15813,0.00229386,0.0000001337
15814,0.00695455,0.0000001333
15815,0.00176208,0.0000001330
15816,0.00544973,0.0000001326
15817,0.01510670,0.0000001322
15818,0.00213148,0.0000001319
15819,0.00289420,0.0000001315
15820,0.00268039,0.0000001312
15821,0.00750069,0.0000001308
15822,0.00317355,0.0000001305
15823,0.00357988,0.0000001302
15824,0.08326061,0.0000001298
15825,0.03449004,0.0000001295
15826,0.00400830,0.0000001291
15827,0.00468752,0.0000001288
15828,0.00220708,0.0000001285
15829,0.00710493,0.0000001282
15830,0.00385223,0.0000001278
15831,0.01397519,0.0000001275
15832,0.36185986,0.0000001272
15833,0.00128892,0.0000001269
15834,0.00311039,0.0000001265
15835,0.01872288,0.0000001262
15836,0.00166199,0.0000001259
15837,0.00152874,0.0000001256
15838,0.00224965,0.0000001253
15839,0.00259616,0.0000001250
15840,0.00496720,0.0000001246
15841,0.00279950,0.0000001243
15842,0.00686726,0.0000001240
15843,0.00480621,0.0000001237
15844,0.00253271,0.0000001234
15845,0.00223842,0.0000001231
15846,0.00203091,0.0000001228
15847,0.00500804,0.0000001225
15848,0.00256026,0.0000001222
15849,0.00227039,0.0000001220
15850,0.00417275,0.0000001217
15851,0.00225402,0.0000001214
15852,0.00135108,0.0000001211
15853,0.00946775,0.0000001208
15854,0.00303828,0.0000001205
15855,0.00281708,0.0000001202
15856,0.00196807,0.0000001200
15857,0.00457886,0.0000001197
15858,0.00361524,0.0000001194
15859,0.00379558,0.0000001191
15860,0.00202907,0.0000001189
15861,0.00411390,0.0000001186
15862,0.00093622,0.0000001183
15863,0.00216476,0.0000001181
15864,0.00390287,0.0000001178
15865,0.00149670,0.0000001175
15866,0.00179588,0.0000001173
15867,0.00930901,0.0000001170
15868,0.00158055,0.0000001168
15869,0.00120356,0.0000001165
15870,0.00365279,0.0000001163
15871,0.00214762,0.0000001160
15872,0.00408353,0.0000001158
15873,0.00284914,0.0000001155
15874,0.00278354,0.0000001153
15875,0.00241967,0.0000001150
15876,0.01434147,0.0000001148
15877,0.00208892,0.0000001146
15878,0.00107290,0.0000001143
15879,0.00194153,0.0000001141
15880,0.00314774,0.0000001139
15881,0.00223481,0.0000001136
15882,0.02256215,0.0000001134
15883,0.00242174,0.0000001132
15884,0.36056003,0.0000001130
15885,0.00363428,0.0000001127
15886,0.02373717,0.0000001125
15887,0.00430540,0.0000001123
15888,0.08343524,0.0000001121
15889,0.00258031,0.0000001119
15890,0.00323377,0.0000001117
15891,0.00157012,0.0000001114
15892,0.00197507,0.0000001112
15893,0.00169502,0.0000001110
15894,0.00232551,0.0000001108
15895,0.05135087,0.0000001106
15896,0.00174377,0.0000001104
15897,0.00685749,0.0000001102
15898,0.00719137,0.0000001100
15899,0.00199978,0.0000001098
15900,0.00339467,0.0000001096
15901,0.00626770,0.0000001094
15902,0.00308425,0.0000001092
15903,0.00203116,0.0000001091
15904,0.00633215,0.0000001089
15905,0.00470167,0.0000001087
15906,0.00436885,0.0000001085
15907,0.00262513,0.0000001083
15908,0.00138764,0.0000001081
15909,0.00271130,0.0000001080
15910,0.00272196,0.0000001078
15911,0.00313383,0.0000001076
15912,0.01838617,0.0000001075
15913,0.00348023,0.0000001073
15914,0.00246376,0.0000001071
15915,0.01761140,0.0000001070
15916,0.00204717,0.0000001068
15917,0.00223622,0.0000001066
15918,0.06871138,0.0000001065
15919,0.00243303,0.0000001063
15920,0.00171829,0.0000001062
15921,0.00281467,0.0000001060
15922,0.00843097,0.0000001059
15923,0.00397163,0.0000001057
15924,0.00382279,0.0000001056
15925,0.00986556,0.0000001054
15926,0.00366164,0.0000001053
15927,0.12154018,0.0000001051
15928,0.00235277,0.0000001050
15929,0.00294395,0.0000001049
15930,0.00326741,0.0000001047
15931,0.00361003,0.0000001046
15932,0.00576942,0.0000001045
15933,0.00250468,0.0000001043
15934,0.00371609,0.0000001042
15935,0.00194833,0.0000001041
15936,0.00118252,0.0000001039
15937,0.00325851,0.0000001038
15938,0.00347326,0.0000001037
15939,0.00288739,0.0000001036
15940,0.03452056,0.0000001035
15941,0.00372386,0.0000001034
15942,0.00251777,0.0000001032
15943,0.00230876,0.0000001031
15944,0.00216126,0.0000001030
15945,0.00264170,0.0000001029
15946,0.00264787,0.0000001028
15947,0.00296675,0.0000001027
15948,0.00307996,0.0000001026
15949,0.00736081,0.0000001025
15950,0.00312175,0.0000001024
15951,0.00942356,0.0000001023
15952,0.00247358,0.0000001022
15953,0.00343385,0.0000001021
15954,0.00217828,0.0000001020
15955,0.00348443,0.0000001019
15956,0.00250377,0.0000001019
15957,0.00274757,0.0000001018
15958,0.00416836,0.0000001017
15959,0.00281054,0.0000001016
15960,0.00177899,0.0000001015
15961,0.00264692,0.0000001015
15962,0.00414769,0.0000001014
15963,0.00260559,0.0000001013
15964,0.08202220,0.0000001012
15965,0.01658287,0.0000001012
15966,0.00454510,0.0000001011
15967,0.00240166,0.0000001010
15968,0.00833159,0.0000001010
15969,0.00402683,0.0000001009
15970,0.00166828,0.0000001009
15971,0.04972810,0.0000001008
15972,0.01738903,0.0000001008
15973,0.00324354,0.0000001007
15974,0.00142149,0.0000001007
15975,0.00319101,0.0000001006
15976,0.02135745,0.0000001006
15977,0.02388688,0.0000001005
15978,0.00208276,0.0000001005
15979,0.00239812,0.0000001004
15980,0.00236931,0.0000001004
15981,0.00290816,0.0000001003
15982,0.00286687,0.0000001003
15983,0.00438939,0.0000001003
15984,0.00247793,0.0000001002
15985,0.00800094,0.0000001002
15986,0.00261680,0.0000001002
15987,0.01004651,0.0000001002
15988,0.00271797,0.0000001001
15989,0.00492603,0.0000001001
15990,0.03166603,0.0000001001
15991,0.00328449,0.0000001001
15992,0.00928305,0.0000001001
15993,0.00049110,0.0000001000
15994,0.00251212,0.0000001000
15995,0.00350463,0.0000001000
15996,0.00407515,0.0000001000
15997,0.00818342,0.0000001000
15998,0.00353030,0.0000001000
15999,0.00321934,0.0000001000
16000,0.00193395,0.0000001000
