video_id,split,action,true_count,pred_count,abs_err,pred_periods_json,true_periods_json,primary_signal,theta_low_est,theta_high_est,status,method
stu9_52,test,push_up,57,8,49,"[[18,64],[68,100],[104,119],[190,306],[539,606],[612,626],[629,645],[893,1035]]","[[5,22],[22,41],[41,58],[58,76],[76,93],[93,111],[111,127],[128,146],[146,162],[162,179],[179,197],[197,213],[213,231],[231,248],[249,266],[266,282],[282,301],[301,319],[319,334],[334,351],[351,369],[369,385],[385,403],[403,421],[421,438],[438,457],[457,475],[475,494],[494,511],[511,531],[531,548],[548,566],[567,585],[586,601],[601,620],[620,637],[637,656],[656,676],[676,694],[694,710],[710,729],[729,747],[747,766],[766,784],[784,803],[803,824],[824,844],[844,865],[865,887],[887,911],[911,935],[935,959],[959,982],[982,1007],[1007,1034],[1034,1061],[1061,1095]]",elbow_flex,113.64414863586424,142.8816162109375,ok,baseline_fsm
stu4_46,test,push_up,45,3,42,"[[286,517],[812,992],[1285,1495]]","[[127,144],[144,163],[163,185],[185,209],[209,233],[233,253],[253,273],[273,290],[291,314],[315,333],[334,356],[356,379],[380,398],[398,420],[422,443],[604,629],[630,652],[654,672],[673,692],[694,714],[716,732],[734,751],[754,774],[775,793],[795,813],[814,835],[836,857],[858,879],[879,899],[900,927],[1096,1123],[1125,1145],[1146,1168],[1169,1185],[1186,1204],[1206,1226],[1227,1245],[1246,1265],[1266,1290],[1291,1307],[1307,1325],[1326,1345],[1346,1370],[1370,1391],[1392,1411]]",elbow_flex,103.9035747528076,144.68194961547852,ok,baseline_fsm
stu6_39,test,push_up,29,5,24,"[[491,703],[709,876],[915,1012],[1019,1252],[1341,1363]]","[[642,690],[691,724],[724,753],[753,785],[785,810],[810,840],[840,867],[867,893],[893,924],[924,950],[951,978],[978,1005],[1007,1030],[1031,1056],[1056,1083],[1083,1113],[1114,1139],[1140,1163],[1163,1188],[1190,1215],[1218,1242],[1244,1267],[1269,1291],[1293,1319],[1320,1350],[1351,1376],[1377,1400],[1402,1424],[1424,1449]]",elbow_flex,96.5420166015625,149.20974197387696,ok,baseline_fsm
